rute_id,kode_rute,bandara_1_id,bandara_2_id,kategori
1,AAP-BDJ,1,12,DOMESTIK
2,AAP-BEJ,1,14,DOMESTIK
3,AAP-BPN,1,24,DOMESTIK
4,AAP-CGK,1,36,DOMESTIK
5,AAP-DPS,1,55,DOMESTIK
6,AAP-SUB,1,197,DOMESTIK
7,AAP-TRK,1,218,DOMESTIK
8,AAP-UPG,1,226,DOMESTIK
9,AAP-YIA,1,234,DOMESTIK
10,ABU-CGK,2,36,INTERNASIONAL
11,ABU-DPS,2,55,INTERNASIONAL
12,ABU-KOE,2,99,DOMESTIK
13,ADD-CGK,3,36,INTERNASIONAL
14,ADL-DPS,4,55,INTERNASIONAL
15,AKL-DPS,6,55,INTERNASIONAL
16,AMQ-BXB,7,32,DOMESTIK
17,AMQ-CGK,7,36,DOMESTIK
18,AMQ-DOB,7,53,DOMESTIK
19,AMQ-KFR,7,92,DOMESTIK
20,AMQ-LUV,7,119,DOMESTIK
21,AMQ-MDC,7,125,DOMESTIK
22,AMQ-NAM,7,141,DOMESTIK
23,AMQ-NBX,7,142,DOMESTIK
24,AMQ-NRE,7,147,DOMESTIK
25,AMQ-SOQ,7,192,DOMESTIK
26,AMQ-SQN,7,194,DOMESTIK
27,AMQ-SUB,7,197,DOMESTIK
28,AMQ-SXK,7,201,DOMESTIK
29,AMQ-TTE,7,221,DOMESTIK
30,AMQ-UPG,7,226,DOMESTIK
31,AMS-CGK,8,36,INTERNASIONAL
32,ARD-KOE,9,99,DOMESTIK
33,BDJ-BDO,12,13,DOMESTIK
34,BDJ-BPN,12,24,DOMESTIK
35,BDJ-BTW,12,27,DOMESTIK
36,BDJ-CGK,12,36,DOMESTIK
37,BDJ-DHX,12,47,DOMESTIK
38,BDJ-DPS,12,55,DOMESTIK
39,BDJ-HMS,12,77,DOMESTIK
40,BDJ-KBU,12,88,DOMESTIK
41,BDJ-KJT,12,95,DOMESTIK
42,BDJ-LOP,12,117,DOMESTIK
43,BDJ-PKY,12,164,DOMESTIK
44,BDJ-SMQ,12,188,DOMESTIK
45,BDJ-SRG,12,195,DOMESTIK
46,BDJ-SUB,12,197,DOMESTIK
47,BDJ-UPG,12,226,DOMESTIK
48,BDJ-YIA,12,234,DOMESTIK
49,BDO-BPN,13,24,DOMESTIK
50,BDO-BTH,13,25,DOMESTIK
51,BDO-CJN,13,38,DOMESTIK
52,BDO-DPS,13,55,DOMESTIK
53,BDO-JOG,13,86,DOMESTIK
54,BDO-KNO,13,98,DOMESTIK
55,BDO-KUL,13,103,INTERNASIONAL
56,BDO-LOP,13,117,DOMESTIK
57,BDO-PKU,13,163,DOMESTIK
58,BDO-PLM,13,165,DOMESTIK
59,BDO-SIN,13,186,INTERNASIONAL
60,BDO-SOC,13,190,DOMESTIK
61,BDO-SRG,13,195,DOMESTIK
62,BDO-SUB,13,197,DOMESTIK
63,BDO-TKG,13,212,DOMESTIK
64,BDO-UPG,13,226,DOMESTIK
65,BEJ-BPN,14,24,DOMESTIK
66,BEJ-CGK,14,36,DOMESTIK
67,BEJ-DPS,14,55,DOMESTIK
68,BEJ-RTU,14,182,DOMESTIK
69,BEJ-SUB,14,197,DOMESTIK
70,BEJ-YIA,14,234,DOMESTIK
71,BIK-DJJ,15,51,DOMESTIK
72,BIK-NBX,15,142,DOMESTIK
73,BIK-UPG,15,226,DOMESTIK
74,BIK-ZRI,15,235,DOMESTIK
75,BJW-KOE,16,99,DOMESTIK
76,BJW-LBJ,16,108,DOMESTIK
77,BKI-CGK,17,36,INTERNASIONAL
78,BKI-DPS,17,55,INTERNASIONAL
79,BKI-MDC,17,125,INTERNASIONAL
80,BKK-CGK,18,36,INTERNASIONAL
81,BKK-DPS,18,55,INTERNASIONAL
82,BKS-BTH,19,25,DOMESTIK
83,BKS-CGK,19,36,DOMESTIK
84,BKS-PLM,19,165,DOMESTIK
85,BKS-TKG,19,212,DOMESTIK
86,BLR-DPS,20,55,INTERNASIONAL
87,BMU-DPS,21,55,DOMESTIK
88,BMU-ENE,21,62,DOMESTIK
89,BMU-LOP,21,117,DOMESTIK
90,BMU-UPG,21,226,DOMESTIK
91,BNE-DPS,22,55,INTERNASIONAL
92,BOM-CGK,23,36,INTERNASIONAL
93,BPN-BTH,24,25,DOMESTIK
94,BPN-CGK,24,36,DOMESTIK
95,BPN-DHX,24,47,DOMESTIK
96,BPN-DPS,24,55,DOMESTIK
97,BPN-GHS,24,67,DOMESTIK
98,BPN-KCH,24,89,INTERNASIONAL
99,BPN-KJT,24,95,DOMESTIK
100,BPN-KNO,24,98,DOMESTIK
101,BPN-KUL,24,103,INTERNASIONAL
102,BPN-LNU,24,116,DOMESTIK
103,BPN-LOP,24,117,DOMESTIK
104,BPN-MDC,24,125,DOMESTIK
105,BPN-MJU,24,130,DOMESTIK
106,BPN-PDG,24,156,DOMESTIK
107,BPN-PKY,24,164,DOMESTIK
108,BPN-PLW,24,166,DOMESTIK
109,BPN-PNK,24,168,DOMESTIK
110,BPN-SIN,24,186,INTERNASIONAL
111,BPN-SOC,24,190,DOMESTIK
112,BPN-SRG,24,195,DOMESTIK
113,BPN-SUB,24,197,DOMESTIK
114,BPN-TJS,24,211,DOMESTIK
115,BPN-TRK,24,218,DOMESTIK
116,BPN-TRT,24,219,DOMESTIK
117,BPN-UPG,24,226,DOMESTIK
118,BPN-YIA,24,234,DOMESTIK
119,BTH-BTJ,25,26,DOMESTIK
120,BTH-CGK,25,36,DOMESTIK
121,BTH-DJB,25,50,DOMESTIK
122,BTH-DTB,25,57,DOMESTIK
123,BTH-DUM,25,58,DOMESTIK
124,BTH-ICN,25,80,INTERNASIONAL
125,BTH-KJT,25,95,DOMESTIK
126,BTH-KNO,25,98,DOMESTIK
127,BTH-KUL,25,103,INTERNASIONAL
128,BTH-LMU,25,115,DOMESTIK
129,BTH-LOP,25,117,DOMESTIK
130,BTH-NTX,25,150,DOMESTIK
131,BTH-PDG,25,156,DOMESTIK
132,BTH-PGK,25,159,DOMESTIK
133,BTH-PKU,25,163,DOMESTIK
134,BTH-PLM,25,165,DOMESTIK
135,BTH-PNK,25,168,DOMESTIK
136,BTH-SIQ,25,187,DOMESTIK
137,BTH-SRG,25,195,DOMESTIK
138,BTH-SUB,25,197,DOMESTIK
139,BTH-SZB,25,203,INTERNASIONAL
140,BTH-TKG,25,212,DOMESTIK
141,BTH-TNJ,25,216,DOMESTIK
142,BTH-YIA,25,234,DOMESTIK
143,BTJ-CGK,26,36,DOMESTIK
144,BTJ-KNO,26,98,DOMESTIK
145,BTJ-KUL,26,103,INTERNASIONAL
146,BTJ-PEN,26,158,INTERNASIONAL
147,BTW-UPG,27,226,DOMESTIK
148,BUU-CGK,28,36,DOMESTIK
149,BUU-DJB,28,50,DOMESTIK
150,BWN-SRI,30,196,INTERNASIONAL
151,BWX-CGK,31,36,DOMESTIK
152,BWX-DPS,31,55,DOMESTIK
153,BWX-SUB,31,197,DOMESTIK
154,BXB-SOQ,32,192,DOMESTIK
155,CAI-CGK,33,36,INTERNASIONAL
156,CAN-CGK,34,36,INTERNASIONAL
157,CAN-DPS,34,55,INTERNASIONAL
158,CAN-MDC,34,125,INTERNASIONAL
159,CBR-DPS,35,55,INTERNASIONAL
160,CGK-CMB,36,39,INTERNASIONAL
161,CGK-CTU,36,43,INTERNASIONAL
162,CGK-DHX,36,47,DOMESTIK
163,CGK-DJB,36,50,DOMESTIK
164,CGK-DJJ,36,51,DOMESTIK
165,CGK-DOH,36,54,INTERNASIONAL
166,CGK-DPS,36,55,DOMESTIK
167,CGK-DTB,36,57,DOMESTIK
168,CGK-DWC,36,60,INTERNASIONAL
169,CGK-DXB,36,61,INTERNASIONAL
170,CGK-FOC,36,66,INTERNASIONAL
171,CGK-GTO,36,70,DOMESTIK
172,CGK-HAK,36,71,INTERNASIONAL
173,CGK-HAN,36,72,INTERNASIONAL
174,CGK-HGH,36,73,INTERNASIONAL
175,CGK-HKG,36,74,INTERNASIONAL
176,CGK-HND,36,78,INTERNASIONAL
177,CGK-ICN,36,80,INTERNASIONAL
178,CGK-IST,36,81,INTERNASIONAL
179,CGK-JED,36,83,INTERNASIONAL
180,CGK-JHB,36,84,INTERNASIONAL
181,CGK-KCH,36,89,INTERNASIONAL
182,CGK-KDI,36,90,DOMESTIK
183,CGK-KIX,36,94,INTERNASIONAL
184,CGK-KJT,36,95,DOMESTIK
185,CGK-KMG,36,96,INTERNASIONAL
186,CGK-KNO,36,98,DOMESTIK
187,CGK-KOE,36,99,DOMESTIK
188,CGK-KUL,36,103,INTERNASIONAL
189,CGK-KWL,36,105,INTERNASIONAL
190,CGK-LBJ,36,108,DOMESTIK
191,CGK-LLJ,36,113,DOMESTIK
192,CGK-LOP,36,117,DOMESTIK
193,CGK-MCT,36,124,INTERNASIONAL
194,CGK-MDC,36,125,DOMESTIK
195,CGK-MED,36,126,INTERNASIONAL
196,CGK-MEL,36,127,INTERNASIONAL
197,CGK-MFM,36,129,INTERNASIONAL
198,CGK-MKW,36,132,DOMESTIK
199,CGK-MLG,36,134,DOMESTIK
200,CGK-MNL,36,136,INTERNASIONAL
201,CGK-NKG,36,144,INTERNASIONAL
202,CGK-NNG,36,145,INTERNASIONAL
203,CGK-NRT,36,148,INTERNASIONAL
204,CGK-PDG,36,156,DOMESTIK
205,CGK-PEK,36,157,INTERNASIONAL
206,CGK-PEN,36,158,INTERNASIONAL
207,CGK-PGK,36,159,DOMESTIK
208,CGK-PKU,36,163,DOMESTIK
209,CGK-PKY,36,164,DOMESTIK
210,CGK-PLM,36,165,DOMESTIK
211,CGK-PLW,36,166,DOMESTIK
212,CGK-PNH,36,167,INTERNASIONAL
213,CGK-PNK,36,168,DOMESTIK
214,CGK-PVG,36,174,INTERNASIONAL
215,CGK-RUH,36,183,INTERNASIONAL
216,CGK-SIN,36,186,INTERNASIONAL
217,CGK-SMQ,36,188,DOMESTIK
218,CGK-SOC,36,190,DOMESTIK
219,CGK-SOQ,36,192,DOMESTIK
220,CGK-SRG,36,195,DOMESTIK
221,CGK-SRI,36,196,INTERNASIONAL
222,CGK-SUB,36,197,DOMESTIK
223,CGK-SYD,36,202,INTERNASIONAL
224,CGK-SZB,36,203,INTERNASIONAL
225,CGK-SZX,36,204,INTERNASIONAL
226,CGK-TAS,36,205,INTERNASIONAL
227,CGK-TFU,36,207,INTERNASIONAL
228,CGK-TIM,36,209,DOMESTIK
229,CGK-TJQ,36,210,DOMESTIK
230,CGK-TKG,36,212,DOMESTIK
231,CGK-TNJ,36,216,DOMESTIK
232,CGK-TPE,36,217,INTERNASIONAL
233,CGK-TRK,36,218,DOMESTIK
234,CGK-TTE,36,221,DOMESTIK
235,CGK-UPG,36,226,DOMESTIK
236,CGK-WNZ,36,230,INTERNASIONAL
237,CGK-WUH,36,231,INTERNASIONAL
238,CGK-XMN,36,233,INTERNASIONAL
239,CGK-YIA,36,234,DOMESTIK
240,CJN-PCB,38,155,DOMESTIK
241,CNS-DPS,40,55,INTERNASIONAL
242,CPF-PCB,41,155,DOMESTIK
243,CPF-SUB,41,197,DOMESTIK
244,CSX-MDC,42,125,INTERNASIONAL
245,DEL-DPS,45,55,INTERNASIONAL
246,DEL-KNO,45,98,INTERNASIONAL
247,DEX-DJJ,46,51,DOMESTIK
248,DEX-WMX,46,228,DOMESTIK
249,DHX-DPS,47,55,DOMESTIK
250,DHX-UPG,47,226,DOMESTIK
251,DIL-DPS,48,55,INTERNASIONAL
252,DJB-KNO,50,98,DOMESTIK
253,DJB-PDG,50,156,DOMESTIK
254,DJB-PKU,50,163,DOMESTIK
255,DJB-PLM,50,165,DOMESTIK
256,DJB-TKG,50,212,DOMESTIK
257,DJB-YIA,50,234,DOMESTIK
258,DJJ-MKQ,51,131,DOMESTIK
259,DJJ-MKW,51,132,DOMESTIK
260,DJJ-NBX,51,142,DOMESTIK
261,DJJ-OKL,51,152,DOMESTIK
262,DJJ-SOQ,51,192,DOMESTIK
263,DJJ-SUB,51,197,DOMESTIK
264,DJJ-TIM,51,209,DOMESTIK
265,DJJ-TMH,51,215,DOMESTIK
266,DJJ-UPG,51,226,DOMESTIK
267,DJJ-WMX,51,228,DOMESTIK
268,DJJ-ZRI,51,235,DOMESTIK
269,DOB-LUV,53,119,DOMESTIK
270,DOH-DPS,54,55,INTERNASIONAL
271,DOH-KNO,54,98,INTERNASIONAL
272,DPS-DRW,55,56,INTERNASIONAL
273,DPS-DXB,55,61,INTERNASIONAL
274,DPS-FOC,55,66,INTERNASIONAL
275,DPS-HAN,55,72,INTERNASIONAL
276,DPS-HGH,55,73,INTERNASIONAL
277,DPS-HKG,55,74,INTERNASIONAL
278,DPS-HKT,55,75,INTERNASIONAL
279,DPS-HND,55,78,INTERNASIONAL
280,DPS-ICN,55,80,INTERNASIONAL
281,DPS-IST,55,81,INTERNASIONAL
282,DPS-JOG,55,86,DOMESTIK
283,DPS-KIX,55,94,INTERNASIONAL
284,DPS-KJT,55,95,DOMESTIK
285,DPS-KNO,55,98,DOMESTIK
286,DPS-KOE,55,99,DOMESTIK
287,DPS-KUL,55,103,INTERNASIONAL
288,DPS-LBJ,55,108,DOMESTIK
289,DPS-LOP,55,117,DOMESTIK
290,DPS-MDC,55,125,DOMESTIK
291,DPS-MEL,55,127,INTERNASIONAL
292,DPS-MNL,55,136,INTERNASIONAL
293,DPS-MOF,55,137,DOMESTIK
294,DPS-NKG,55,144,INTERNASIONAL
295,DPS-NRT,55,148,INTERNASIONAL
296,DPS-OOL,55,153,INTERNASIONAL
297,DPS-PEN,55,158,INTERNASIONAL
298,DPS-PHE,55,161,INTERNASIONAL
299,DPS-PLM,55,165,DOMESTIK
300,DPS-PNK,55,168,DOMESTIK
301,DPS-POM,55,169,INTERNASIONAL
302,DPS-PUS,55,173,INTERNASIONAL
303,DPS-PVG,55,174,INTERNASIONAL
304,DPS-SIN,55,186,INTERNASIONAL
305,DPS-SOC,55,190,DOMESTIK
306,DPS-SOQ,55,192,DOMESTIK
307,DPS-SRG,55,195,DOMESTIK
308,DPS-SUB,55,197,DOMESTIK
309,DPS-SVO,55,199,INTERNASIONAL
310,DPS-SWQ,55,200,DOMESTIK
311,DPS-SYD,55,202,INTERNASIONAL
312,DPS-SZX,55,204,INTERNASIONAL
313,DPS-TIM,55,209,DOMESTIK
314,DPS-TKG,55,212,DOMESTIK
315,DPS-TMC,55,214,DOMESTIK
316,DPS-TPE,55,217,INTERNASIONAL
317,DPS-UPG,55,226,DOMESTIK
318,DPS-WGP,55,227,DOMESTIK
319,DPS-WUH,55,231,INTERNASIONAL
320,DPS-XMN,55,233,INTERNASIONAL
321,DPS-YIA,55,234,DOMESTIK
322,DTB-KNO,57,98,DOMESTIK
323,DTB-KUL,57,103,INTERNASIONAL
324,DUM-KNO,58,98,DOMESTIK
325,DUM-PKU,58,163,DOMESTIK
326,ENE-KOE,62,99,DOMESTIK
327,ENE-LBJ,62,108,DOMESTIK
328,ENE-TMC,62,214,DOMESTIK
329,EWE-MKQ,63,131,DOMESTIK
330,EWE-TIM,63,209,DOMESTIK
331,FLZ-KNO,65,98,DOMESTIK
332,FOC-MDC,66,125,INTERNASIONAL
333,GNS-KNO,69,98,DOMESTIK
334,GNS-PDG,69,156,DOMESTIK
335,GTO-MDC,70,125,DOMESTIK
336,GTO-PLW,70,166,DOMESTIK
337,GTO-UPG,70,226,DOMESTIK
338,HKG-SUB,74,197,INTERNASIONAL
339,HLP-HLP,76,76,DOMESTIK
340,HLP-JOG,76,86,DOMESTIK
341,HLP-KNO,76,98,DOMESTIK
342,HLP-KOE,76,99,DOMESTIK
343,HLP-LOP,76,117,DOMESTIK
344,HLP-MLG,76,134,DOMESTIK
345,HLP-PDG,76,156,DOMESTIK
346,HLP-PKU,76,163,DOMESTIK
347,HLP-PLM,76,165,DOMESTIK
348,HLP-PWL,76,175,DOMESTIK
349,HLP-SIN,76,186,INTERNASIONAL
350,HLP-SOC,76,190,DOMESTIK
351,HLP-SRG,76,195,DOMESTIK
352,HLP-SUB,76,197,DOMESTIK
353,HLP-TJQ,76,210,DOMESTIK
354,HLP-TKG,76,212,DOMESTIK
355,HLP-TTE,76,221,DOMESTIK
356,HLP-UPG,76,226,DOMESTIK
357,HLP-YIA,76,234,DOMESTIK
358,JBB-SUB,82,197,DOMESTIK
359,JED-KNO,83,98,INTERNASIONAL
360,JED-SUB,83,197,INTERNASIONAL
361,JED-UPG,83,226,INTERNASIONAL
362,JHB-SUB,84,197,INTERNASIONAL
363,JOG-SUB,86,197,DOMESTIK
364,KBU-UPG,88,226,DOMESTIK
365,KCH-PNK,89,168,INTERNASIONAL
366,KDI-SUB,90,197,DOMESTIK
367,KDI-UPG,90,226,DOMESTIK
368,KDI-WNI,90,229,DOMESTIK
369,KEI-MKQ,91,131,DOMESTIK
370,KJT-KNO,95,98,DOMESTIK
371,KJT-KUL,95,103,INTERNASIONAL
372,KJT-LOP,95,117,DOMESTIK
373,KJT-PLM,95,165,DOMESTIK
374,KJT-SIN,95,186,INTERNASIONAL
375,KJT-UPG,95,226,DOMESTIK
376,KNG-MKW,97,132,DOMESTIK
377,KNG-SOQ,97,192,DOMESTIK
378,KNO-KUL,98,103,INTERNASIONAL
379,KNO-LGK,98,109,INTERNASIONAL
380,KNO-LKI,98,112,DOMESTIK
381,KNO-LSW,98,118,DOMESTIK
382,KNO-MAA,98,123,INTERNASIONAL
383,KNO-MED,98,126,INTERNASIONAL
384,KNO-MEQ,98,128,DOMESTIK
385,KNO-PDG,98,156,DOMESTIK
386,KNO-PEN,98,158,INTERNASIONAL
387,KNO-PKU,98,163,DOMESTIK
388,KNO-PLM,98,165,DOMESTIK
389,KNO-SIN,98,186,INTERNASIONAL
390,KNO-SNB,98,189,DOMESTIK
391,KNO-SRG,98,195,DOMESTIK
392,KNO-SUB,98,197,DOMESTIK
393,KNO-TKG,98,212,DOMESTIK
394,KNO-TXE,98,224,DOMESTIK
395,KNO-YIA,98,234,DOMESTIK
396,KOE-LBJ,99,108,DOMESTIK
397,KOE-LKA,99,111,DOMESTIK
398,KOE-LWE,99,122,DOMESTIK
399,KOE-MOF,99,137,DOMESTIK
400,KOE-RTG,99,180,DOMESTIK
401,KOE-RTI,99,181,DOMESTIK
402,KOE-SAU,99,184,DOMESTIK
403,KOE-SUB,99,197,DOMESTIK
404,KOE-TMC,99,214,DOMESTIK
405,KOE-UPG,99,226,DOMESTIK
406,KOE-WGP,99,227,DOMESTIK
407,KSR-UPG,101,226,DOMESTIK
408,KTG-PCB,102,155,DOMESTIK
409,KTG-PNK,102,168,DOMESTIK
410,KTG-SRG,102,195,DOMESTIK
411,KUL-LBJ,103,108,INTERNASIONAL
412,KUL-LOP,103,117,INTERNASIONAL
413,KUL-PDG,103,156,INTERNASIONAL
414,KUL-PKU,103,163,INTERNASIONAL
415,KUL-PLM,103,165,INTERNASIONAL
416,KUL-PNK,103,168,INTERNASIONAL
417,KUL-SOC,103,190,INTERNASIONAL
418,KUL-SRG,103,195,INTERNASIONAL
419,KUL-SUB,103,197,INTERNASIONAL
420,KUL-TKG,103,212,INTERNASIONAL
421,KUL-UPG,103,226,INTERNASIONAL
422,KUL-YIA,103,234,INTERNASIONAL
423,KXB-UPG,106,226,DOMESTIK
424,LAH-TTE,107,221,DOMESTIK
425,LBJ-LOP,108,117,DOMESTIK
426,LBJ-MOF,108,137,DOMESTIK
427,LBJ-RTI,108,181,DOMESTIK
428,LBJ-SUB,108,197,DOMESTIK
429,LBJ-TMC,108,214,DOMESTIK
430,LBJ-UPG,108,226,DOMESTIK
431,LLJ-PCB,113,155,DOMESTIK
432,LLJ-PLM,113,165,DOMESTIK
433,LMU-NTX,115,150,DOMESTIK
434,LNU-TRK,116,218,DOMESTIK
435,LOP-SIN,117,186,INTERNASIONAL
436,LOP-SRG,117,195,DOMESTIK
437,LOP-SUB,117,197,DOMESTIK
438,LOP-SWQ,117,200,DOMESTIK
439,LOP-UPG,117,226,DOMESTIK
440,LOP-YIA,117,234,DOMESTIK
441,LUV-TIM,119,209,DOMESTIK
442,LUW-MDC,120,125,DOMESTIK
443,LUW-PLW,120,166,DOMESTIK
444,LUW-UPG,120,226,DOMESTIK
445,MDC-MNA,125,135,DOMESTIK
446,MDC-NAH,125,140,DOMESTIK
447,MDC-NRT,125,148,INTERNASIONAL
448,MDC-PVG,125,174,INTERNASIONAL
449,MDC-SIN,125,186,INTERNASIONAL
450,MDC-SOQ,125,192,DOMESTIK
451,MDC-SUB,125,197,DOMESTIK
452,MDC-TIM,125,209,DOMESTIK
453,MDC-TTE,125,221,DOMESTIK
454,MDC-UPG,125,226,DOMESTIK
455,MED-SUB,126,197,INTERNASIONAL
456,MED-UPG,126,226,INTERNASIONAL
457,MJU-UPG,130,226,DOMESTIK
458,MKQ-TMH,131,215,DOMESTIK
459,MKQ-UPG,131,226,DOMESTIK
460,MKW-NBX,132,142,DOMESTIK
461,MKW-SOQ,132,192,DOMESTIK
462,MKW-UPG,132,226,DOMESTIK
463,MKZ-PKU,133,163,INTERNASIONAL
464,MNA-NAH,135,140,DOMESTIK
465,MOF-UPG,137,226,DOMESTIK
466,MOH-PLW,138,166,DOMESTIK
467,MOH-UPG,138,226,DOMESTIK
468,NBX-SOQ,142,192,DOMESTIK
469,NBX-TIM,142,209,DOMESTIK
470,NNX-TRK,146,218,DOMESTIK
471,NTI-SOQ,149,192,DOMESTIK
472,NTX-PNK,150,168,DOMESTIK
473,OJU-UPG,151,226,DOMESTIK
474,OTI-TTE,154,221,DOMESTIK
475,PCB-PWL,155,175,DOMESTIK
476,PCB-SMQ,155,188,DOMESTIK
477,PCB-TFY,155,208,DOMESTIK
478,PCB-TKG,155,212,DOMESTIK
479,PCB-TSY,155,220,DOMESTIK
480,PDG-PKU,156,163,DOMESTIK
481,PDG-SRG,156,195,DOMESTIK
482,PDG-SUB,156,197,DOMESTIK
483,PDG-YIA,156,234,DOMESTIK
484,PEN-SUB,158,197,INTERNASIONAL
485,PGK-PLM,159,165,DOMESTIK
486,PGK-SUB,159,197,DOMESTIK
487,PGK-TJQ,159,210,DOMESTIK
488,PGK-YIA,159,234,DOMESTIK
489,PGQ-TTE,160,221,DOMESTIK
490,PKU-PLM,163,165,DOMESTIK
491,PKU-SIN,163,186,INTERNASIONAL
492,PKU-SIQ,163,187,DOMESTIK
493,PKU-SRG,163,195,DOMESTIK
494,PKU-SUB,163,197,DOMESTIK
495,PKU-SZB,163,203,INTERNASIONAL
496,PKU-TNJ,163,216,DOMESTIK
497,PKU-YIA,163,234,DOMESTIK
498,PKY-PNK,164,168,DOMESTIK
499,PKY-SMQ,164,188,DOMESTIK
500,PKY-SRG,164,195,DOMESTIK
501,PKY-SUB,164,197,DOMESTIK
502,PKY-YIA,164,234,DOMESTIK
503,PLM-SIN,165,186,INTERNASIONAL
504,PLM-SRG,165,195,DOMESTIK
505,PLM-SUB,165,197,DOMESTIK
506,PLM-TKG,165,212,DOMESTIK
507,PLM-YIA,165,234,DOMESTIK
508,PLW-SUB,166,197,DOMESTIK
509,PLW-TLI,166,213,DOMESTIK
510,PLW-UOL,166,225,DOMESTIK
511,PLW-UPG,166,226,DOMESTIK
512,PNK-PSU,168,171,DOMESTIK
513,PNK-SOC,168,190,DOMESTIK
514,PNK-SQG,168,193,DOMESTIK
515,PNK-SRG,168,195,DOMESTIK
516,PNK-SUB,168,197,DOMESTIK
517,PNK-TBX,168,206,DOMESTIK
518,PNK-UPG,168,226,DOMESTIK
519,PNK-YIA,168,234,DOMESTIK
520,PSJ-UPG,170,226,DOMESTIK
521,PWL-SUB,175,197,DOMESTIK
522,RAQ-UPG,177,226,DOMESTIK
523,SIN-SRG,186,195,INTERNASIONAL
524,SIN-SUB,186,197,INTERNASIONAL
525,SIN-UPG,186,226,INTERNASIONAL
526,SIN-YIA,186,234,INTERNASIONAL
527,SIQ-TNJ,187,216,DOMESTIK
528,SMQ-SRG,188,195,DOMESTIK
529,SMQ-SUB,188,197,DOMESTIK
530,SOQ-SUB,192,197,DOMESTIK
531,SOQ-TIM,192,209,DOMESTIK
532,SOQ-UPG,192,226,DOMESTIK
533,SQN-TTE,194,221,DOMESTIK
534,SRG-SUB,195,197,DOMESTIK
535,SRG-UPG,195,226,DOMESTIK
536,SRI-SUB,196,197,INTERNASIONAL
537,SUB-SUP,197,198,DOMESTIK
538,SUB-TIM,197,209,DOMESTIK
539,SUB-TRK,197,218,DOMESTIK
540,SUB-TTE,197,221,DOMESTIK
541,SUB-UPG,197,226,DOMESTIK
542,TBX-TNJ,206,216,DOMESTIK
543,TIM-UPG,209,226,DOMESTIK
544,TIM-WMX,209,228,DOMESTIK
545,TJS-TRK,211,218,DOMESTIK
546,TKG-YIA,212,234,DOMESTIK
547,TRK-TWU,218,222,INTERNASIONAL
548,TRK-UPG,218,226,DOMESTIK
549,TRK-YIA,218,234,DOMESTIK
550,TRT-UPG,219,226,DOMESTIK
551,TTE-UPG,221,226,DOMESTIK
552,UPG-WNI,226,229,DOMESTIK
553,UPG-YIA,226,234,DOMESTIK
