waktu_id,rute_id,jumlah_penerbangan,jumlah_penumpang,kapasitas_seat,jumlah_barang_kg,jumlah_pos_kg,load_factor_pct
2020,1,35,1399,5600,2043.0,0.0,24.98
2020,2,205,9916,14064,629.0,0.0,70.51
2020,4,1980,185676,323748,411880.0,5406.0,57.35
2020,5,153,9675,23868,0.0,0.0,40.54
2020,6,127,4669,6096,180.0,0.0,76.59
2020,7,179,18922,27924,0.0,0.0,67.76
2020,8,264,33866,44140,59901.0,991.0,76.72
2020,10,1778,220999,318042,202254.0,6021.0,69.49
2020,11,48,1337,2304,239.0,0.0,58.03
2020,13,502,45498,78378,12709.0,40.0,58.05
2020,14,190,11254,31760,0.0,2.0,35.43
2020,15,916,34403,62402,60530.0,0.0,55.13
2020,16,108,7163,29430,408030.0,207354.0,24.34
2020,17,470,64011,84772,2544.0,0.0,75.51
2020,18,184,6435,13196,4087.0,0.0,48.76
2020,19,167,18665,59118,31228.0,15382.0,31.57
2020,21,912,80802,147588,2165767.0,83254.0,54.75
2020,22,203,9175,14616,42919.0,0.0,62.77
2020,23,56,2787,5376,13348.0,50.0,51.84
2020,25,184,19284,28704,79475.0,1095.0,67.18
2020,26,288,8546,14400,2999.0,0.0,59.35
2020,28,1126,47499,81072,179106.0,0.0,58.59
2020,29,88,2730,6336,1870.0,0.0,43.09
2020,30,620,25258,44640,17339.0,0.0,56.58
2020,31,98,4325,7056,3715.0,0.0,61.3
2020,32,304,7154,15200,543.0,0.0,47.07
2020,33,309,18780,27864,5187.0,0.0,67.4
2020,34,74,1865,3700,553.0,0.0,50.41
2020,35,188,23092,36416,122505.0,20.0,63.41
2020,36,567,24035,40824,45888.0,0.0,58.87
2020,37,232,17802,36732,11549.0,1054.0,48.46
2020,38,1696,216419,337454,1772306.0,134696.0,64.13
2020,39,319,32358,113013,3327856.0,38907.0,28.63
2020,40,10,1453,3200,325.0,0.0,45.41
2020,41,78,15155,29576,609971.0,7703.0,51.24
2020,42,24,774,1728,0.0,0.0,44.79
2020,43,1214,56264,86404,229616.0,0.0,65.12
2020,44,670,91340,198691,8702589.0,70501.0,45.97
2020,46,52,2013,9360,0.0,0.0,21.51
2020,47,98,8480,18522,67437.0,0.0,45.78
2020,48,1817,111234,181318,218469.0,7475.0,61.35
2020,49,188,9249,13536,77.0,0.0,68.33
2020,50,5220,516629,925249,10188322.0,226844.0,55.84
2020,52,171,16050,36765,12921.0,2.0,43.66
2020,54,249,39957,46727,100968.0,643.0,85.51
2020,55,584,27650,42048,43069.0,0.0,65.76
2020,56,152,13177,28754,55791.0,1.0,45.83
2020,62,1218,130068,239845,514584.0,410.0,54.23
2020,63,3921,490201,769688,3695630.0,32869.0,63.69
2020,64,370,45921,77351,45211.0,0.0,59.37
2020,65,744,59226,130219,264183.0,200.0,45.48
2020,66,68,1476,4896,2288.0,0.0,30.15
2020,67,293,18765,52983,424672.0,0.0,35.42
2020,69,32,484,2304,51.0,0.0,21.01
2020,71,64,1647,4608,17.0,0.0,35.74
2020,72,693,62588,124326,361110.0,351.0,50.34
2020,73,1128,39324,79920,69819.0,0.0,49.2
2020,74,924,37867,65634,81624.0,0.0,57.69
2020,75,576,40937,104091,673891.0,0.0,39.33
2020,76,591,72959,103698,2182.0,0.0,70.36
2020,79,279,18938,50337,516221.0,0.0,37.62
2020,80,658,26016,68994,75952.0,0.0,37.71
2020,81,340,33287,58440,17828.0,0.0,56.96
2020,82,150,4307,10800,580.0,0.0,39.88
2020,83,797,27477,57140,72894.0,0.0,48.09
2020,84,1583,59426,113366,323007.0,0.0,52.42
2020,85,4,99,288,0.0,0.0,34.38
2020,86,644,25533,46136,62983.0,0.0,55.34
2020,87,68,5354,12852,84409.0,0.0,41.66
2020,88,2965,200366,304911,1166636.0,16213.0,65.71
2020,89,43,2196,6714,5843.0,5.0,32.71
2020,93,30,1000,1440,910.0,0.0,69.44
2020,95,607,75831,109840,809797.0,24615.0,69.04
2020,97,198,8073,13860,22307.0,162.0,58.25
2020,99,672,72736,121676,929356.0,37155.0,59.78
2020,101,1303,58372,92194,195422.0,0.0,63.31
2020,102,655,24944,47160,22090.0,0.0,52.89
2020,106,5,876,1075,0.0,1080.0,81.49
2020,107,754,75243,141884,5357237.0,49378.0,53.03
2020,108,166,40287,59126,495561.0,12815.0,68.14
2020,109,158,4655,11376,3785.0,0.0,40.92
2020,110,2770,316274,532623,1874021.0,12873.0,59.38
2020,111,204,20093,31824,78446.0,0.0,63.14
2020,112,164,5000,11808,514.0,0.0,42.34
2020,113,183,8525,13172,363.0,0.0,64.72
2020,114,157,4529,11304,2516.0,0.0,40.07
2020,116,1067,48422,85988,41823.0,0.0,56.31
2020,119,1845,96362,141720,43201.0,0.0,67.99
2020,120,626,21942,45072,14270.0,0.0,48.68
2020,121,540,101938,130378,119319.0,0.0,78.19
2020,125,6576,604488,1175937,13518772.0,355023.0,51.4
2020,127,194,17206,34920,75987.0,0.0,49.27
2020,128,198,6916,9504,398.0,0.0,72.77
2020,129,1044,78792,123246,4736569.0,2751.0,63.93
2020,130,6,2583,2632,0.0,0.0,98.14
2020,131,740,97386,138630,538751.0,2523.0,70.25
2020,133,147,9988,27809,75776.0,11.0,35.92
2020,136,205,8096,14760,3052.0,0.0,54.85
2020,138,202,19255,38698,79996.0,251.0,49.76
2020,139,3,1283,1320,0.0,5020.0,97.2
2020,140,153,5370,11016,81.0,0.0,48.75
2020,143,333,12387,23682,69028.0,0.0,52.31
2020,144,716,97634,141958,522202.0,75.0,68.78
2020,145,100,11317,18900,17776.0,140.0,59.88
2020,146,357,6069,10200,2278167.0,0.0,59.5
2020,148,483,58681,93211,459615.0,101.0,62.96
2020,149,4754,569223,917020,5126412.0,68523.0,62.07
2020,150,308,11819,22176,25078.0,0.0,53.3
2020,151,2287,295371,429782,4750459.0,3274.0,68.73
2020,153,2457,310041,460813,1294377.0,1962.0,67.28
2020,154,1318,144689,243498,1021913.0,1028.0,59.42
2020,156,6312,620767,1132035,13600327.0,1167519.0,54.84
2020,157,343,42461,68891,88222.0,217.0,61.64
2020,158,104,7809,18720,8744.0,0.0,41.71
2020,159,202,8531,14544,1241.0,0.0,58.66
2020,160,186,20702,29016,58304.0,4453.0,71.35
2020,162,176,29552,37840,169995.0,816.0,78.1
2020,163,150,17612,28350,86952.0,20.0,62.12
2020,164,3088,385556,593207,2744946.0,49078.0,65.0
2020,166,354,14582,25488,1296.0,0.0,57.21
2020,168,88,2427,2816,0.0,0.0,86.19
2020,169,631,32833,49464,203478.0,0.0,66.38
2020,170,1462,196269,289424,540166.0,896.0,67.81
2020,172,188,21839,40342,21705.0,5.0,54.13
2020,173,1807,237794,348207,1092489.0,662.0,68.29
2020,174,1145,118270,213441,578543.0,201.0,55.41
2020,175,534,58770,100053,118897.0,310.0,58.74
2020,176,204,5534,14688,1805.0,0.0,37.68
2020,177,314,38698,65794,335287.0,148.0,58.82
2020,178,2369,281398,471281,3567606.0,14031.0,59.71
2020,179,212,6546,15264,0.0,0.0,42.89
2020,180,23,2209,3588,0.0,5240.0,61.57
2020,181,329,34127,70163,63961.0,50.0,48.64
2020,182,206,7742,14832,7912.0,0.0,52.2
2020,183,18,1776,2808,150.0,3860.0,63.25
2020,184,166,20053,33844,97698.0,0.0,59.25
2020,186,1727,150467,296316,3753185.0,65751.0,50.78
2020,187,1300,153385,258506,788452.0,9835.0,59.34
2020,188,378,42250,68040,348.0,0.0,62.1
2020,189,98,5667,7056,56469.0,0.0,80.31
2020,190,194,7857,13968,50.0,0.0,56.25
2020,191,173,13241,20744,79313.0,0.0,63.83
2020,192,178,8921,12816,0.0,0.0,69.61
2020,193,174,5629,12528,0.0,0.0,44.93
2020,195,205,9604,14760,2087.0,0.0,65.07
2020,196,2109,92631,150924,193788.0,273.0,61.38
2020,198,166,14300,25524,120666.0,4805.0,56.03
2020,201,1235,80017,185753,189236.0,0.0,43.08
2020,202,240,4299,16800,20.0,0.0,25.59
2020,203,746,21869,52896,19314.0,0.0,41.34
2020,205,1093,41976,78696,542.0,0.0,53.34
2020,207,453,32661,69413,4898427.0,74304.0,47.05
2020,208,234,42634,56527,523942.0,7270.0,75.42
2020,209,26,4862,5590,964.0,4592.0,86.98
2020,211,158,24579,29334,183742.0,0.0,83.79
2020,214,4492,457132,796805,4664254.0,16413.0,57.37
2020,215,833,80969,143936,987147.0,73652.0,56.25
2020,216,859,91724,164355,466953.0,855.0,55.81
2020,217,1155,129366,315655,12742045.0,102975.0,40.98
2020,218,15111,1549163,2907008,20444625.0,605309.0,53.29
2020,219,996,100590,166543,880744.0,2819.0,60.4
2020,221,752,153952,259464,11003627.0,474710.0,59.33
2020,222,447,22728,42912,139989.0,0.0,52.96
2020,223,88,13934,18440,99303.0,0.0,75.56
2020,224,369,16942,35424,32990.0,0.0,47.83
2020,225,180,18530,28080,210729.0,6924.0,65.99
2020,226,28,3776,6080,360.0,280.0,62.11
2020,227,11,0,0,266556.0,0.0,0.0
2020,229,1661,126154,378128,33074569.0,267619.0,33.36
2020,230,770,95109,206320,9003010.0,9963.0,46.1
2020,231,1423,135600,329658,22368010.0,522443.0,41.13
2020,232,385,81708,122926,4159627.0,65824.0,66.47
2020,233,891,233867,356352,3196499.0,38525.0,65.63
2020,234,66,7688,11880,3458.0,0.0,64.71
2020,235,3668,458709,663334,1221814.0,14468.0,69.15
2020,237,1084,93971,179202,1805232.0,38702.0,52.44
2020,238,159,14477,39554,1765615.0,0.0,36.6
2020,239,76,3688,13680,0.0,0.0,26.96
2020,240,26,2907,4056,0.0,0.0,71.67
2020,241,14026,1544801,2602045,24109634.0,904519.0,59.37
2020,242,702,61566,109228,944393.0,9636.0,56.36
2020,243,4794,510306,930797,9005311.0,202286.0,54.82
2020,245,983,72521,160796,303463.0,1576.0,45.1
2020,246,379,36344,54106,48566.0,473.0,67.17
2020,247,3577,398833,652790,4858534.0,78629.0,61.1
2020,250,150,34700,42948,1222447.0,4333.0,80.8
2020,251,3638,330664,623950,7741683.0,229377.0,53.0
2020,252,213,56248,83985,23625.0,0.0,66.97
2020,253,203,22059,46859,2663234.0,14340.0,47.08
2020,255,194,19028,30396,118954.0,5830.0,62.6
2020,256,1356,130133,235424,200143.0,524.0,55.28
2020,257,420,41688,81594,901463.0,0.0,51.09
2020,258,55,7028,13805,184826.0,0.0,50.91
2020,260,18,1049,2808,0.0,0.0,37.36
2020,261,1275,113651,275456,16295309.0,596380.0,41.26
2020,262,6440,728179,1186943,7673882.0,202554.0,61.35
2020,263,40,7143,11600,263399.0,0.0,61.58
2020,264,761,61185,103761,4525252.0,966.0,58.97
2020,265,140,13287,23492,106436.0,2501.0,56.56
2020,266,4272,439032,743719,5411998.0,40952.0,59.03
2020,267,510,47568,65280,422017.0,0.0,72.87
2020,268,6899,725399,1202886,11024406.0,270462.0,60.3
2020,269,2271,204823,395615,5131284.0,78902.0,51.77
2020,270,6973,741703,1221015,3983011.0,58541.0,60.74
2020,271,1167,89156,177901,3061703.0,34297.0,50.12
2020,272,40,3032,7200,0.0,0.0,42.11
2020,273,8289,894422,1435678,13041635.0,413975.0,62.3
2020,274,379,18292,38258,5699525.0,348173.0,47.81
2020,275,79,24632,32421,402227.0,251.0,75.98
2020,276,183,13773,25939,672806.0,440.0,53.1
2020,277,8032,618117,1266002,58849280.0,200832.0,48.82
2020,278,329,25233,39198,503965.0,0.0,64.37
2020,279,3153,298253,575315,2161624.0,46945.0,51.84
2020,280,1146,95266,185814,1434307.0,61600.0,51.27
2020,281,6962,646973,1158882,5933482.0,12204.0,55.83
2020,282,226,18867,33136,45.0,0.0,56.94
2020,283,14844,1547687,2635164,15753425.0,388367.0,58.73
2020,284,391,52119,96235,3907256.0,643529.0,54.16
2020,285,416,0,66,6940978.0,0.0,0.0
2020,286,315,8821,25116,3609199.0,0.0,35.12
2020,287,38,3139,9348,6094.0,4.0,33.58
2020,289,311,24748,50994,115325.0,1052.0,48.53
2020,290,2643,211445,426781,2635279.0,22167.0,49.54
2020,291,4688,523150,808435,1439040.0,12068.0,64.71
2020,292,1267,101770,217211,2861146.0,103926.0,46.85
2020,293,1760,123083,403894,35355844.0,355503.0,30.47
2020,294,171,18904,32657,330081.0,3515.0,57.89
2020,295,800,65983,129979,1481651.0,54508.0,50.76
2020,296,15065,1579052,2660708,28494003.0,1140884.0,59.35
2020,299,62,7762,10540,73406.0,0.0,73.64
2020,300,4618,370933,811190,2271431.0,9641.0,45.73
2020,301,19,5394,6840,69167.0,0.0,78.86
2020,302,232,452,2784,611.0,25.0,16.24
2020,304,128,19709,23184,1625.0,0.0,85.01
2020,308,30,5959,6450,820.0,4350.0,92.39
2020,309,26,5309,5590,0.0,5640.0,94.97
2020,310,137,241,1644,76.0,1.0,14.66
2020,313,711,35482,49268,236874.0,0.0,72.02
2020,314,181,5881,12308,64123.0,0.0,47.78
2020,317,326,18115,60138,25918.0,0.0,30.12
2020,318,68,3499,4760,23250.0,0.0,73.51
2020,319,124,9539,22320,30028.0,0.0,42.74
2020,320,167,6544,12024,4474.0,0.0,54.42
2020,321,151,5216,10872,3466.0,0.0,47.98
2020,322,170,5935,12240,4972.0,0.0,48.49
2020,323,313,16274,22312,2610.0,0.0,72.94
2020,324,151,4375,10872,10248.0,0.0,40.24
2020,327,657,78591,123865,824924.0,45629.0,63.45
2020,328,245,29098,46167,342474.0,0.0,63.03
2020,329,682,34176,48860,176975.0,783.0,69.95
2020,330,1293,19938,31504,3264392.0,0.0,63.29
2020,331,375,46390,65446,140777.0,751.0,70.88
2020,332,28,2675,5040,8908.0,0.0,53.08
2020,333,1145,120392,192361,1677133.0,88316.0,62.59
2020,334,410,14025,20500,28020.0,0.0,68.41
2020,335,1567,194319,285337,1647111.0,105154.0,68.1
2020,336,11477,112182,162236,81469464.0,0.0,69.15
2020,337,353,10478,17650,3137.0,0.0,59.37
2020,338,344,43376,61920,6645.0,0.0,70.05
2020,339,160,20038,28800,668920.0,0.0,69.58
2020,340,203,9106,14616,45084.0,0.0,62.3
2020,341,608,154630,204649,2574348.0,396505.0,75.56
2020,344,199,26290,36774,4027.0,0.0,71.49
2020,345,337,90236,131394,602638.0,617669.0,68.68
2020,346,20,2824,3780,0.0,0.0,74.71
2020,347,82,8971,14760,0.0,0.0,60.78
2020,348,64,10445,12616,0.0,3531.0,82.79
2020,349,448,88871,123304,3094639.0,1618.0,72.07
2020,351,1371,118371,242772,801245.0,213.0,48.76
2020,353,386,84331,122772,1690005.0,181299.0,68.69
2020,354,161,42101,48794,331960.0,267693.0,86.28
2020,355,1029,114164,182283,170813.0,1900.0,62.63
2020,356,14,2860,3010,0.0,3250.0,95.02
2020,357,151,21804,38333,1014864.0,251.0,56.88
2020,358,294,27128,57514,18481.0,12.0,47.17
2020,359,14,1524,2520,0.0,0.0,60.48
2020,360,99,13008,37829,653484.0,8832.0,34.39
2020,361,1064,87943,199317,1466869.0,48064.0,44.12
2020,362,2696,367601,524874,311927.0,0.0,70.04
2020,363,1731,114812,225134,172895.0,503.0,51.0
2020,364,3114,246289,408254,167038.0,4186.0,60.33
2020,365,170,14776,36550,45703.0,652.0,40.43
2020,366,1261,190423,336365,1933827.0,44576.0,56.61
2020,367,100,3091,7200,16.0,0.0,42.93
2020,368,475,63393,94051,537781.0,0.0,67.4
2020,369,402,22053,37318,108743.0,0.0,59.09
2020,370,38,5791,7182,0.0,0.0,80.63
2020,371,181,37003,57250,1067697.0,7670.0,64.63
2020,373,105,28003,35640,313532.0,17820.0,78.57
2020,375,1636,212160,295564,90751.0,102.0,71.78
2020,376,20,1671,3520,0.0,0.0,47.47
2020,377,162,7964,16960,16963.0,2774.0,46.96
2020,381,127,24705,35369,726195.0,4650.0,69.85
2020,382,250,33871,52532,121693.0,0.0,64.48
2020,383,2853,430904,660601,1964399.0,35412.0,65.23
2020,384,842,91611,172045,141769.0,108.0,53.25
2020,386,849,39937,83300,163792.0,0.0,47.94
2020,387,5349,552364,962668,1032437.0,71855.0,57.38
2020,388,102,35548,46607,8683.0,80386.0,76.27
2020,390,908,167965,219790,2189067.0,21821.0,76.42
2020,391,99,14976,19965,84691.0,4880.0,75.01
2020,392,345,24027,56234,552741.0,40084.0,42.73
2020,394,1001,62065,89394,173988.0,0.0,69.43
2020,395,436,63362,129180,3721339.0,13576.0,49.05
2020,396,1802,193203,337707,1371338.0,45284.0,57.21
2020,397,748,33886,59760,85793.0,0.0,56.7
2020,398,30,5693,6242,1304.0,4250.0,91.2
2020,399,10,3112,3600,20348.0,0.0,86.44
2020,401,562,28863,93760,138952.0,16.0,30.78
2020,402,595,59981,107100,454307.0,0.0,56.0
2020,403,166,5033,11952,1186.0,0.0,42.11
2020,404,68,5833,12240,0.0,0.0,47.66
2020,405,168,5825,12096,0.0,0.0,48.16
2020,406,194,10380,13968,137.0,0.0,74.31
2020,408,1616,83415,115188,424354.0,0.0,72.42
2020,409,837,39267,59924,83129.0,0.0,65.53
2020,410,568,20825,40896,24985.0,0.0,50.92
2020,414,52,2184,3744,503.0,0.0,58.33
2020,415,321,16721,23112,40278.0,0.0,72.35
2020,416,760,26406,54484,26916.0,0.0,48.47
2020,419,3089,137156,230074,324846.0,0.0,59.61
2020,420,130,4703,9360,88.0,0.0,50.25
2020,421,615,25894,44280,5309.0,0.0,58.48
2020,422,259,7344,18648,277.0,0.0,39.38
2020,424,1641,169643,290651,2242518.0,33732.0,58.37
2020,427,225,26035,50341,3935256.0,0.0,51.72
2020,428,2677,235838,440740,50727.0,0.0,53.51
2020,429,2169,208025,359670,2844432.0,10599.0,57.84
2020,430,97,8268,15132,11517.0,0.0,54.64
2020,431,175,14600,28548,9793.0,10.0,51.14
2020,432,1595,147444,267420,51093.0,91.0,55.14
2020,433,1379,137069,230556,1561072.0,1095.0,59.45
2020,435,445,46625,69444,380976.0,546.0,67.14
2020,436,1802,182627,300060,438455.0,388.0,60.86
2020,438,209,0,0,2871218.0,0.0,0.0
2020,439,1199,107840,210048,324861.0,730.0,51.34
2020,440,1359,130317,229914,448744.0,412.0,56.68
2020,441,2884,308889,480126,612652.0,2420.0,64.33
2020,442,122,10241,21960,1149.0,0.0,46.63
2020,443,590,33370,59188,2545.0,0.0,56.38
2020,444,158,5883,11376,0.0,0.0,51.71
2020,446,177,16307,27612,173416.0,8156.0,59.06
2020,447,552,36282,93468,34423.0,1.0,38.82
2020,448,31,792,2232,255.0,0.0,35.48
2020,449,176,6063,12672,19485.0,0.0,47.85
2020,450,49,11500,22022,800.0,5140.0,52.22
2020,452,15,5507,6580,0.0,0.0,83.69
2020,453,167,58719,73940,57942.0,38720.0,79.41
2020,454,15,6105,6544,0.0,4200.0,93.29
2020,455,113,12559,20340,98.0,0.0,61.75
2020,456,318,39073,57240,269773.0,0.0,68.26
2020,457,312,42264,56160,96051.0,0.0,75.26
2020,458,246,31666,50370,32487.0,419.0,62.87
2020,459,160,16801,34400,30060.0,280.0,48.84
2020,460,168,11586,20160,19620.0,0.0,57.47
2020,461,28,904,1344,0.0,0.0,67.26
2020,462,366,53934,72530,125313.0,1199.0,74.36
2020,463,368,38924,52786,65331.0,239.0,73.74
2020,464,401,31639,48672,222531.0,0.0,65.0
2020,465,292,28498,49824,160731.0,0.0,57.2
2020,466,1689,57106,120940,75250.0,0.0,47.22
2020,467,204,18473,33646,11008.0,0.0,54.9
2020,468,624,93809,119508,536337.0,1917.0,78.5
2020,469,118,5673,8496,5555.0,0.0,66.77
2020,471,398,12356,28656,23158.0,0.0,43.12
2020,472,278,22193,36864,694.0,0.0,60.2
2020,473,190,19325,39992,74771.0,100.0,48.32
2020,474,3774,488258,702544,3641653.0,108836.0,69.5
2020,475,611,25073,43992,33484.0,0.0,56.99
2020,476,312,1520,3744,6025.0,11.0,40.6
2020,477,132,11120,28328,72116.0,0.0,39.25
2020,480,149,7481,28161,55462.0,0.0,26.57
2020,484,290,26046,53550,92085.0,652.0,48.64
2020,485,60,2586,11340,27384.0,0.0,22.8
2020,486,53,2362,3816,2793.0,0.0,61.9
2020,487,313,15887,22536,75867.0,0.0,70.5
2020,488,1368,153852,244540,509707.0,436.0,62.91
2020,490,22,4069,8646,32938.0,699.0,47.06
2020,492,396,18229,28484,25846.0,0.0,64.0
2020,494,33,9776,14850,0.0,0.0,65.83
2020,495,240,10011,17280,2179.0,0.0,57.93
2020,496,544,68074,114371,109091.0,7815.0,59.52
2020,497,1055,115762,195045,621380.0,280.0,59.35
2020,498,1142,138355,227016,183362.0,445.0,60.95
2020,499,539,45893,78511,131552.0,12075.0,58.45
2020,500,646,56322,108828,975027.0,0.0,51.75
2020,501,344,12709,24768,45315.0,0.0,51.31
2020,506,182,5945,13104,40.0,0.0,45.37
2020,507,199,16560,37677,156141.0,0.0,43.95
2020,508,335,11678,26506,25331.0,0.0,44.06
2020,509,992,49082,70386,206735.0,0.0,69.73
2020,510,234,7684,10998,72193.0,0.0,69.87
2020,511,1216,68122,98855,395832.0,0.0,68.91
2020,512,355,10087,18520,109820.0,0.0,54.47
2020,513,652,28043,46944,23360.0,0.0,59.74
2020,514,167,515,2004,1160.0,0.0,25.7
2020,515,2583,292954,482962,4137238.0,115928.0,60.66
2020,516,1220,65624,98880,417730.0,0.0,66.37
2020,517,311,14833,31392,33636.0,818.0,47.25
2020,518,1393,60248,106778,347598.0,0.0,56.42
2020,519,582,23744,41724,3224.0,0.0,56.91
2020,521,2562,119265,184282,104377.0,0.0,64.72
2020,522,405,16880,29106,23903.0,0.0,57.99
2020,524,325,38136,58500,442.0,0.0,65.19
2020,526,470,53952,84600,90756.0,0.0,63.77
2020,527,420,46980,75240,93490.0,0.0,62.44
2020,528,222,24362,39960,2880.0,0.0,60.97
2020,529,156,17101,28080,2469.0,0.0,60.9
2020,530,34,5446,7218,0.0,0.0,75.45
2020,531,176,21225,31680,0.0,0.0,67.0
2020,532,1494,146705,263260,829761.0,0.0,55.73
2020,533,90,8009,16200,0.0,0.0,49.44
2020,535,156,20784,28080,164653.0,0.0,74.02
2020,536,14,772,2520,655.0,0.0,30.63
2020,537,60,2065,4320,0.0,0.0,47.8
2020,539,379,15265,27288,4929.0,0.0,55.94
2020,540,201,6547,14472,520.0,0.0,45.24
2020,541,195,5323,14040,2834.0,0.0,37.91
2020,543,627,52332,96882,197304.0,646.0,54.02
2020,545,57,1613,3990,13059.0,0.0,40.43
2020,547,284,11121,20448,5509.0,0.0,54.39
2020,548,508,19514,36332,53226.0,0.0,53.71
2020,551,555,11520,18720,653.0,34.0,61.54
2020,552,90,10992,16200,0.0,0.0,67.85
2020,553,76,5656,11004,3254.0,0.0,51.4
2020,555,3142,364885,605590,2208406.0,38708.0,60.25
2020,556,1047,48078,75384,32511.0,0.0,63.78
2020,557,90,8776,19194,5006.0,0.0,45.72
2020,558,99,8936,21259,7008.0,60.0,42.03
2020,559,50,1660,3600,2.0,0.0,46.11
2020,560,407,14544,29304,4163.0,0.0,49.63
2020,561,575,22073,41400,3160.0,0.0,53.32
2020,562,935,81487,144484,601052.0,1043.0,56.4
2020,563,287,11978,20664,4038.0,0.0,57.97
2020,564,214,7432,15408,5593.0,0.0,48.23
2020,566,62,1795,4464,400.0,0.0,40.21
2020,567,14,2457,3010,0.0,2457.0,81.63
2020,568,92,9790,14904,75679.0,0.0,65.69
2020,569,266,38920,55302,73856.0,0.0,70.38
2020,570,380,46666,76630,409466.0,791.0,60.9
2020,572,1253,62159,92081,92081.0,1479.0,67.5
2020,573,2120,266729,415894,2461161.0,67050.0,64.13
2020,574,13,4335,5696,0.0,11400.0,76.11
2020,575,45,17696,20250,0.0,0.0,87.39
2020,577,1163,48267,91752,34293.0,0.0,52.61
2020,579,200,4954,10000,10888.0,0.0,49.54
2020,580,394,50525,64596,257551.0,7276.0,78.22
2020,581,188,9173,13536,6020.0,0.0,67.77
2020,582,74,20,888,236.0,2.0,2.25
2020,583,1286,143270,202701,1174131.0,992.0,70.68
2020,584,1100,124847,192487,1055863.0,18061.0,64.86
2020,585,132,4240,9504,0.0,0.0,44.61
2020,588,590,25412,42362,47849.0,0.0,59.99
2020,589,286,8839,20592,157.0,0.0,42.92
2020,590,536,23520,38592,7668.0,0.0,60.95
2020,591,76,2004,2432,0.0,0.0,82.4
2020,592,71,3074,5112,792.0,0.0,60.13
2020,593,420,21206,29896,15605.0,86.0,70.93
2020,594,297,6381,13884,734.0,4.0,45.96
2020,595,75,167,900,114.0,0.0,18.56
2020,598,12,308,840,0.0,0.0,36.67
2020,599,192,9551,13824,1173.0,0.0,69.09
2020,606,158,8095,11376,508.0,0.0,71.16
2020,607,227,8944,16268,493.0,0.0,54.98
2020,609,128,11010,27312,64598.0,215.0,40.31
2020,610,4,576,860,0.0,0.0,66.98
2020,611,110,12884,19800,814.0,0.0,65.07
2020,613,1251,101912,137880,190018.0,154.0,73.91
2020,614,72,4863,8516,9951.0,0.0,57.1
2020,616,1309,80532,113824,187155.0,74.0,70.75
2020,618,280,9784,20160,11023.0,0.0,48.53
2020,619,146,6094,10220,50130.0,0.0,59.63
2020,621,213,7898,15336,2187.0,0.0,51.5
2020,622,1644,103476,144720,336136.0,0.0,71.5
2020,623,1025,60828,96248,262726.0,0.0,63.2
2020,624,274,9641,19728,5807.0,0.0,48.87
2020,625,100,10350,18000,3587.0,0.0,57.5
2020,628,199,24240,40029,233430.0,325.0,60.56
2020,629,120,2095,8640,0.0,0.0,24.25
2020,630,202,5910,14544,13911.0,0.0,40.64
2020,631,529,46912,97043,587478.0,0.0,48.34
2020,632,7,0,0,17681.0,0.0,0.0
2020,633,213,7034,15336,12905.0,0.0,45.87
2020,634,64,1774,4608,348.0,0.0,38.5
2020,636,1007,142995,211429,1065163.0,3858.0,67.63
2020,637,410,34584,64032,87687.0,0.0,54.01
2020,638,96,2670,6912,0.0,0.0,38.63
2020,639,108,12493,19440,6568.0,0.0,64.26
2020,640,38,1525,4560,14030.0,0.0,33.44
2020,641,200,15213,35658,109690.0,0.0,42.66
2020,642,221,28176,42066,160158.0,1927.0,66.98
2020,643,389,14882,27752,6080.0,0.0,53.62
2020,644,200,7319,23600,37425.0,0.0,31.01
2020,645,102,11026,19564,75862.0,0.0,56.36
2020,646,194,7376,13968,6556.0,0.0,52.81
2020,647,152,5558,10944,0.0,0.0,50.79
2020,648,1854,198172,328906,2823317.0,102553.0,60.25
2020,649,674,27467,48372,10129.0,0.0,56.78
2020,650,244,18305,28910,252314.0,0.0,63.32
2020,651,466,20134,33548,2142.0,0.0,60.02
2020,652,197,19635,37233,134437.0,0.0,52.74
2020,653,1079,127165,199188,723442.0,9894.0,63.84
2020,655,179,19537,33642,29299.0,10.0,58.07
2020,656,216,23996,40824,20359.0,10.0,58.78
2020,657,176,5910,12672,6917.0,0.0,46.64
2020,658,910,44930,65012,99494.0,0.0,69.11
2020,661,382,16651,27504,15723.0,0.0,60.54
2020,662,158,15626,27216,49634.0,0.0,57.41
2020,663,1276,129661,252512,6341673.0,40.0,51.35
2020,665,60,5802,9000,54038.0,0.0,64.47
2020,666,4,28,720,0.0,0.0,3.89
2020,668,45,1425,2148,0.0,0.0,66.34
2020,669,1035,60626,89172,291717.0,0.0,67.99
2020,671,132,1967,9504,5266.0,0.0,20.7
2020,672,183,19946,28548,67968.0,2149.0,69.87
2020,673,157,16342,29535,94123.0,0.0,55.33
2020,674,1722,180422,279695,1828990.0,42048.0,64.51
2020,675,74,1847,3700,0.0,0.0,49.92
2020,677,1636,68669,136648,225310.0,0.0,50.25
2020,678,345,35637,65761,395147.0,0.0,54.19
2020,679,134,3562,9648,6531.0,0.0,36.92
2020,681,213,25587,41349,226965.0,710.0,61.88
2020,682,86,8095,15840,32993.0,0.0,51.1
2020,683,6510,775928,1183158,8741138.0,171260.0,65.58
2020,685,72,1784,5184,1417.0,0.0,34.41
2020,686,1145,120103,193477,1181685.0,66138.0,62.08
2020,687,760,4000,6192,5052079.0,0.0,64.6
2020,688,185,33,2220,1360.0,15.0,1.49
2020,689,124,8420,18626,32213.0,0.0,45.21
2020,690,76,2151,5168,0.0,0.0,41.62
2020,691,267,36869,52049,67760.0,257.0,70.84
2020,692,52,3010,9828,3979.0,0.0,30.63
2020,694,1446,182962,243876,1870229.0,14506.0,75.02
2020,697,1362,134387,254000,1467582.0,232.0,52.91
2021,1,66,3014,10692,4446.0,0.0,28.19
2021,4,1545,179641,246410,2108827.0,25639.0,72.9
2021,7,178,19474,27768,6190.0,60.0,70.13
2021,10,1633,219224,290371,881743.0,1271.0,75.5
2021,13,261,26769,40812,23643.0,62.0,65.59
2021,14,186,21286,35154,16059.0,159.0,60.55
2021,15,277,11747,19944,25541.0,4522.0,58.9
2021,16,252,5658,71730,2859277.0,1238330.0,7.89
2021,20,526,18448,37872,21384.0,1117.0,48.71
2021,21,1125,114247,188328,2283066.0,114598.0,60.66
2021,22,243,11053,17496,58840.0,8907.0,63.17
2021,24,5,98,360,0.0,0.0,27.22
2021,26,274,8966,13196,2470.0,125.0,67.94
2021,28,1267,67907,99978,299310.0,48480.0,67.92
2021,29,74,1827,5471,7463.0,0.0,33.39
2021,30,451,20470,32472,21233.0,3436.0,63.04
2021,31,3,65,216,293.0,0.0,30.09
2021,32,136,3009,6550,1.0,0.0,45.94
2021,33,649,31419,48372,26521.0,2252.0,64.95
2021,35,188,23651,39848,133645.0,325.0,59.35
2021,36,642,32313,46224,133658.0,19577.0,69.91
2021,37,147,12472,25092,37052.0,0.0,49.71
2021,38,1943,229884,373381,1627866.0,6455.0,61.57
2021,39,140,8293,51623,2554118.0,0.0,16.06
2021,43,841,43579,60552,177590.0,26262.0,71.97
2021,44,850,106274,237204,11415729.0,132042.0,44.8
2021,47,28,1687,5292,4560.0,0.0,31.88
2021,48,1227,64828,106225,211930.0,23324.0,61.03
2021,49,292,12619,21024,5460.0,477.0,60.02
2021,50,4925,513477,826150,9977244.0,89403.0,62.15
2021,52,24,1727,4744,132.0,0.0,36.4
2021,53,28,1011,2016,0.0,0.0,50.15
2021,55,489,26025,35208,36398.0,6213.0,73.92
2021,60,54,1362,3888,1185.0,8.0,35.03
2021,62,1111,137789,199414,657803.0,378.0,69.1
2021,63,3509,451037,642867,5020960.0,5066.0,70.16
2021,64,1,29,162,0.0,0.0,17.9
2021,65,387,51943,76850,150181.0,673.0,67.59
2021,67,612,51362,99176,1017360.0,0.0,51.79
2021,72,1358,153139,236240,564934.0,1250.0,64.82
2021,73,136,1447,8704,3171.0,0.0,16.62
2021,74,202,6074,13920,3305.0,749.0,43.64
2021,75,1020,94387,175782,1041187.0,351.0,53.7
2021,79,371,23172,58443,665148.0,0.0,39.65
2021,80,389,18370,43023,41415.0,1311.0,42.7
2021,83,121,2832,8712,958.0,0.0,32.51
2021,84,946,38594,65872,124949.0,8505.0,58.59
2021,86,8,201,576,234.0,0.0,34.9
2021,87,116,12734,21924,127913.0,0.0,58.08
2021,88,2077,193074,250614,1136324.0,1382.0,77.04
2021,89,11,639,1716,3748.0,0.0,37.24
2021,92,179,21318,33831,41725.0,0.0,63.01
2021,95,886,105522,161905,906649.0,3.0,65.18
2021,97,294,8930,20580,41117.0,0.0,43.39
2021,99,860,86804,158483,985980.0,0.0,54.77
2021,101,1194,54858,84070,86888.0,19320.0,65.25
2021,102,509,20666,36648,27678.0,6807.0,56.39
2021,107,740,7527,149879,10166106.0,1140.0,5.02
2021,109,24,624,1728,1625.0,78.0,36.11
2021,110,2327,276352,397332,1125155.0,3694.0,69.55
2021,111,228,25367,35724,6303.0,20.0,71.01
2021,116,739,32536,53208,34070.0,4332.0,61.15
2021,119,1312,76758,94464,51070.0,7219.0,81.26
2021,120,408,17163,29376,15049.0,3504.0,58.43
2021,121,4,319,720,0.0,0.0,44.31
2021,125,6051,667857,1064424,14619276.0,127488.0,62.74
2021,127,319,26863,50641,66807.0,0.0,53.05
2021,129,780,64916,86970,3831854.0,5134.0,74.64
2021,136,52,1728,3744,2072.0,0.0,46.15
2021,138,116,7967,16822,9087.0,0.0,47.36
2021,140,12,337,864,97.0,0.0,39.0
2021,141,98,3069,15330,2620.0,0.0,20.02
2021,143,172,6378,12240,22707.0,1331.0,52.11
2021,144,550,63176,93738,138144.0,176.0,67.4
2021,146,399,0,0,3926589.0,0.0,0.0
2021,148,415,55982,86807,265400.0,453.0,64.49
2021,149,3893,521040,722729,5247344.0,19966.0,72.09
2021,150,50,2478,3600,863.0,112.0,68.83
2021,151,2155,262834,341554,5023639.0,3323.0,76.95
2021,153,2318,310858,426765,1235555.0,1328.0,72.84
2021,154,1731,236978,314957,1239420.0,1032.0,75.24
2021,156,6464,722994,1108247,12098617.0,123514.0,65.24
2021,157,59,4325,8967,2388.0,0.0,48.23
2021,164,2821,393038,534830,2281292.0,3902.0,73.49
2021,166,311,13520,22392,5806.0,0.0,60.38
2021,169,641,34968,46872,154004.0,20127.0,74.6
2021,170,1440,181097,257455,387470.0,590.0,70.34
2021,172,32,1522,2421,606.0,0.0,62.87
2021,173,1893,227947,338063,631901.0,147.0,67.43
2021,174,910,95047,156788,658987.0,439.0,60.62
2021,175,460,42679,79685,68398.0,693.0,53.56
2021,177,94,9039,19014,16474.0,343.0,47.54
2021,178,1825,252369,352984,3562847.0,7028.0,71.5
2021,179,15,0,1080,4492.0,0.0,0.0
2021,181,108,9349,16564,5320.0,0.0,56.44
2021,182,3,89,306,37.0,0.0,29.08
2021,184,156,17939,33228,37957.0,161.0,53.99
2021,186,1427,145890,283248,5233508.0,45083.0,51.51
2021,187,1822,157013,268477,769828.0,2326.0,58.48
2021,190,298,15664,21456,8575.0,290.0,73.01
2021,191,20,1665,2400,50.0,0.0,69.38
2021,192,6,145,432,67.0,0.0,33.56
2021,193,6,89,432,18.0,0.0,20.6
2021,195,129,3554,9288,106.0,0.0,38.26
2021,196,2153,97638,149500,192130.0,19412.0,65.31
2021,198,37,2056,5099,39058.0,1048.0,40.32
2021,200,8,526,1200,8459.0,2.0,43.83
2021,201,535,40327,83578,153847.0,0.0,48.25
2021,202,334,5785,21588,336.0,0.0,26.8
2021,203,470,10106,31000,1853.0,12.0,32.6
2021,204,2,43,144,0.0,0.0,29.86
2021,205,33,1000,2372,180.0,0.0,42.16
2021,207,620,13213,186011,13983835.0,4126.0,7.1
2021,209,2,130,378,0.0,250.0,34.39
2021,211,112,12232,29246,1248611.0,0.0,41.82
2021,214,3626,414903,610439,3493593.0,110249.0,67.97
2021,215,789,69401,128765,1121670.0,151.0,53.9
2021,217,1418,194624,382972,15993771.0,77839.0,50.82
2021,218,14974,2002789,2977867,21365798.0,196771.0,67.26
2021,219,1223,124119,193986,1896976.0,18412.0,63.98
2021,221,999,173989,387632,19813415.0,206404.0,44.89
2021,222,242,9331,23232,60354.0,0.0,40.16
2021,223,82,8873,15629,86041.0,0.0,56.77
2021,224,189,5827,18144,25744.0,0.0,32.12
2021,225,140,4156,6857,159387.0,0.0,60.61
2021,229,1120,40022,284647,28273683.0,143413.0,14.06
2021,230,710,33339,203720,12819125.0,76095.0,16.37
2021,231,1663,76555,285802,29957927.0,560957.0,26.79
2021,232,727,115554,233604,9622812.0,63382.0,49.47
2021,233,235,26856,94535,3075319.0,1486.0,28.41
2021,237,1407,144906,227887,1560388.0,29764.0,63.59
2021,238,131,4161,34839,1662264.0,212.0,11.94
2021,241,14397,1735789,2540826,26521622.0,335986.0,68.32
2021,242,1282,141882,206558,2467341.0,89933.0,68.69
2021,243,1780,107199,247107,11967789.0,194029.0,43.38
2021,245,918,82373,144474,491254.0,0.0,57.02
2021,246,165,16592,25740,8262.0,40.0,64.46
2021,247,4088,470913,719827,5570648.0,75074.0,65.42
2021,250,2,0,578,14250.0,0.0,0.0
2021,251,3280,352195,532784,4780043.0,183206.0,66.1
2021,253,84,715,21614,1089543.0,0.0,3.31
2021,255,2,300,324,2697.0,0.0,92.59
2021,256,697,64495,109786,124994.0,0.0,58.75
2021,257,142,5735,41654,1748563.0,0.0,13.77
2021,261,1583,63053,297697,27374119.0,648741.0,21.18
2021,262,5946,687385,1024224,7818900.0,115310.0,67.11
2021,263,44,0,11640,522254.0,0.0,0.0
2021,264,151,0,0,4500207.0,0.0,0.0
2021,265,54,1508,9501,98286.0,0.0,15.87
2021,266,3864,423592,664365,6596304.0,53780.0,63.76
2021,267,243,18946,29160,208774.0,0.0,64.97
2021,268,6229,728890,1062523,9975452.0,177603.0,68.6
2021,269,2083,208413,344691,4346008.0,90948.0,60.46
2021,270,5885,679869,1001555,3842744.0,61698.0,67.88
2021,271,1211,125430,187095,2466893.0,3557.0,67.04
2021,273,7133,808827,1145174,16076616.0,103077.0,70.63
2021,274,748,0,145595,19826615.0,6417.0,0.0
2021,276,239,0,46769,1551388.0,0.0,0.0
2021,277,6190,199358,960938,77876539.0,118699.0,20.75
2021,278,111,8290,13320,145405.0,0.0,62.24
2021,279,2363,262979,416740,1549484.0,10528.0,63.1
2021,280,737,59873,120210,1481911.0,13795.0,49.81
2021,281,4511,478362,700631,4671410.0,19781.0,68.28
2021,283,11535,1323419,2037845,13894309.0,174146.0,64.94
2021,284,197,5282,64852,3216453.0,0.0,8.14
2021,285,420,0,0,9306299.0,0.0,0.0
2021,286,144,14379,25188,2036462.0,0.0,57.09
2021,289,534,53333,84932,828887.0,39389.0,62.79
2021,290,1951,197320,314998,3053541.0,597.0,62.64
2021,291,3418,390744,570450,969298.0,7335.0,68.5
2021,292,1459,123188,238933,3145099.0,71792.0,51.56
2021,293,991,22193,198068,22747265.0,168338.0,11.2
2021,294,84,4453,7931,485284.0,0.0,56.15
2021,295,891,75294,142614,1669595.0,870.0,52.8
2021,296,15789,1750282,2679920,28754522.0,789774.0,65.31
2021,298,12,3398,4814,61453.0,5525.0,70.59
2021,300,5945,698829,1032513,2856941.0,12867.0,67.68
2021,302,234,704,2808,3180.0,3.0,25.07
2021,305,20,879,1280,0.0,0.0,68.67
2021,313,740,39270,49984,193301.0,28095.0,78.57
2021,320,21,814,1512,229.0,0.0,53.84
2021,322,2,9,144,21.0,23.0,6.25
2021,323,1,8,72,0.0,0.0,11.11
2021,326,168,12286,26602,36905.0,0.0,46.18
2021,327,934,111392,181186,1053963.0,622.0,61.48
2021,328,263,29511,49431,264371.0,0.0,59.7
2021,329,1106,53666,78800,333452.0,27710.0,68.1
2021,330,602,6200,9392,1619744.0,315.0,66.01
2021,331,708,96706,143921,146523.0,454.0,67.19
2021,332,558,56776,89624,296176.0,0.0,63.35
2021,333,2088,230872,365308,1955363.0,19311.0,63.2
2021,334,465,15428,22396,47680.0,0.0,68.89
2021,335,2375,276767,419007,1515213.0,67067.0,66.05
2021,336,12856,108505,154560,78590178.0,5029.0,70.2
2021,337,310,9752,14932,2689.0,0.0,65.31
2021,340,243,11999,17496,124691.0,16949.0,68.58
2021,349,50,0,16846,1090382.0,0.0,0.0
2021,351,1091,130535,176392,171862.0,0.0,74.0
2021,355,172,8465,12384,357.0,0.0,68.35
2021,361,709,80346,141525,772730.0,805.0,56.77
2021,362,4,319,720,0.0,0.0,44.31
2021,363,1908,143608,228586,413638.0,23431.0,62.82
2021,364,2222,143433,221779,50590.0,2693.0,64.67
2021,368,93,162,36031,1366782.0,0.0,0.45
2021,369,429,17577,31176,109038.0,21089.0,56.38
2021,377,2,40,192,33.0,0.0,20.83
2021,384,635,90351,121552,41990.0,307.0,74.33
2021,386,474,20946,36468,43800.0,2831.0,57.44
2021,387,4245,496382,739363,939602.0,28005.0,67.14
2021,392,74,3032,12012,58557.0,0.0,25.24
2021,394,806,46504,62328,164481.0,30006.0,74.61
2021,395,84,0,25890,1262286.0,0.0,0.0
2021,396,1683,225336,318608,1075721.0,7293.0,70.73
2021,397,510,25035,37008,28448.0,1788.0,67.65
2021,401,275,24767,45866,16623.0,0.0,54.0
2021,402,592,75338,95838,613414.0,0.0,78.61
2021,403,24,821,1728,1687.0,1137.0,47.51
2021,408,1604,82833,112278,216112.0,38462.0,73.77
2021,409,668,37837,48096,29829.0,3515.0,78.67
2021,410,313,9541,22536,15998.0,6353.0,42.34
2021,411,10,359,720,379.0,0.0,49.86
2021,412,92,5476,6624,5870.0,0.0,82.67
2021,414,2,56,144,0.0,0.0,38.89
2021,415,394,24551,28368,71971.0,6063.0,86.54
2021,416,230,9366,16560,28619.0,4244.0,56.56
2021,417,42,3408,9030,0.0,300.0,37.74
2021,419,3292,171725,243284,556520.0,63717.0,70.59
2021,420,96,3863,6912,367.0,0.0,55.89
2021,421,273,10337,19656,2584.0,104.0,52.59
2021,422,35,851,2520,6.0,0.0,33.77
2021,423,97,0,0,505884.0,0.0,0.0
2021,424,1600,176285,281554,1629854.0,19365.0,62.61
2021,427,254,6300,66932,4099764.0,0.0,9.41
2021,428,1790,82729,117368,24987.0,0.0,70.49
2021,429,2158,245854,344306,2746149.0,30989.0,71.41
2021,431,8,827,1248,537.0,0.0,66.27
2021,432,858,89568,133866,45806.0,282.0,66.91
2021,433,1076,122797,168026,748654.0,30046.0,73.08
2021,434,199,7467,12736,19386.0,0.0,58.63
2021,435,523,58642,82566,111292.0,2738.0,71.02
2021,436,1344,148544,211940,247340.0,4936.0,70.09
2021,437,35,910,2240,0.0,0.0,40.62
2021,438,218,0,0,3149492.0,0.0,0.0
2021,439,473,41813,74806,101719.0,77.0,55.9
2021,440,126,13008,19944,0.0,0.0,65.22
2021,441,1614,211164,258308,235419.0,2272.0,81.75
2021,442,4,271,642,0.0,0.0,42.21
2021,443,278,17533,30532,4334.0,0.0,57.42
2021,445,349,32781,57170,322269.0,0.0,57.34
2021,446,333,33047,53506,78142.0,728.0,61.76
2021,447,171,16478,26748,251.0,0.0,61.6
2021,466,778,37382,56016,11158.0,1095.0,66.73
2021,469,76,3883,5472,2369.0,210.0,70.96
2021,471,458,20812,32976,38972.0,4461.0,63.11
2021,473,1,100,215,0.0,0.0,46.51
2021,474,3603,474162,645425,2849801.0,51450.0,73.47
2021,475,452,19564,32544,64883.0,12203.0,60.12
2021,476,584,4794,7008,28581.0,18.0,68.41
2021,486,1,70,72,0.0,0.0,97.22
2021,487,346,21197,24912,150876.0,14566.0,85.09
2021,488,217,15574,39058,26997.0,250.0,39.87
2021,492,237,12924,17064,37186.0,4535.0,75.74
2021,495,18,746,1296,324.0,0.0,57.56
2021,496,586,45251,77517,26675.0,521.0,58.38
2021,497,63,4098,11340,11959.0,0.0,36.14
2021,498,655,62241,98054,73119.0,453.0,63.48
2021,499,74,2834,10246,3365.0,0.0,27.66
2021,500,124,3964,20194,162708.0,0.0,19.63
2021,501,82,371,984,963.0,0.0,37.7
2021,506,49,1317,3528,0.0,0.0,37.33
2021,507,234,30029,42632,307090.0,0.0,70.44
2021,508,362,15649,29466,55822.0,268.0,53.11
2021,509,601,32735,43272,139760.0,22546.0,75.65
2021,510,214,9210,15408,5370.0,1839.0,59.77
2021,511,849,50068,63720,278708.0,53155.0,78.58
2021,512,422,20766,30384,51753.0,6695.0,68.35
2021,513,521,23131,37512,20171.0,2119.0,61.66
2021,515,2158,274773,403403,3231540.0,12541.0,68.11
2021,516,928,52369,70752,330647.0,41868.0,74.02
2021,517,55,2258,7814,6969.0,0.0,28.9
2021,518,1618,77126,115190,315640.0,36899.0,66.96
2021,519,248,9152,16544,963.0,69.0,55.32
2021,521,2010,104087,144768,152095.0,13098.0,71.9
2021,522,231,8950,16632,38960.0,0.0,53.81
2021,524,66,7299,11880,315.0,0.0,61.44
2021,532,362,31654,65070,58332.0,0.0,48.65
2021,538,990,43593,68128,35984.0,5184.0,63.99
2021,539,186,7667,13392,3347.0,1205.0,57.25
2021,540,4,113,288,364.0,27.0,39.24
2021,541,285,7335,20520,7907.0,62.0,35.75
2021,543,482,53809,78225,308568.0,4605.0,68.79
2021,547,46,1359,3312,165.0,42.0,41.03
2021,548,460,15323,31472,30557.0,5082.0,48.69
2021,551,449,2998,5988,5156.0,5.0,50.07
2021,555,2253,314104,428583,1803259.0,10093.0,73.29
2021,556,670,33223,48240,29254.0,4359.0,68.87
2021,557,2,115,430,66.0,0.0,26.74
2021,559,3,39,216,0.0,0.0,18.06
2021,560,332,13130,23904,10237.0,442.0,54.93
2021,561,333,15780,23976,9397.0,295.0,65.82
2021,562,789,89557,127857,925716.0,74254.0,70.04
2021,563,82,3048,5904,3184.0,427.0,51.63
2021,564,56,2316,4032,122.0,0.0,57.44
2021,568,110,1338,19800,87119.0,0.0,6.76
2021,569,609,71268,128735,78033.0,321.0,55.36
2021,570,300,42132,61510,354757.0,349.0,68.5
2021,571,17,1097,3629,271.0,250.0,30.23
2021,572,1099,57576,81702,74197.0,12064.0,70.47
2021,573,2181,281791,417045,1927648.0,6863.0,67.57
2021,577,911,42077,65748,80498.0,11994.0,64.0
2021,579,14,105,672,514.0,0.0,15.62
2021,580,522,62139,86112,353651.0,32293.0,72.16
2021,581,476,25887,34272,58186.0,10338.0,75.53
2021,582,3,6,36,50.0,0.0,16.67
2021,583,2029,212518,287193,2155882.0,38930.0,74.0
2021,584,1051,134986,196395,854141.0,2138.0,68.73
2021,587,25,1116,1800,5.0,0.0,62.0
2021,588,641,29299,46152,45449.0,3310.0,63.48
2021,589,216,7948,15552,934.0,1.0,51.11
2021,590,607,36052,43704,39996.0,3123.0,82.49
2021,592,109,3789,7848,2881.0,0.0,48.28
2021,593,587,29844,41712,46450.0,385.0,71.55
2021,594,188,633,2256,759.0,0.0,28.06
2021,595,24,57,288,318.0,0.0,19.79
2021,598,60,1267,3840,0.0,0.0,32.99
2021,599,208,9862,14976,542.0,22.0,65.85
2021,606,14,159,980,7.0,0.0,16.22
2021,607,24,495,1680,1415.0,0.0,29.46
2021,613,1097,75606,121320,347487.0,40547.0,62.32
2021,614,6,396,720,931.0,0.0,55.0
2021,616,1404,102432,147855,575542.0,9351.0,69.28
2021,618,2,105,144,0.0,0.0,72.92
2021,622,1680,94624,128907,310185.0,19006.0,73.4
2021,623,1205,63259,93440,182609.0,13630.0,67.7
2021,624,246,7195,17712,2317.0,0.0,40.62
2021,630,2,29,144,85.0,0.0,20.14
2021,631,648,61998,108312,559976.0,247.0,57.24
2021,632,1,0,0,4496.0,0.0,0.0
2021,636,1260,153699,239751,1525059.0,6509.0,64.11
2021,637,248,22131,38880,29498.0,158.0,56.92
2021,642,106,11764,20502,43888.0,0.0,57.38
2021,643,4,63,288,57.0,0.0,21.88
2021,644,30,535,4200,12652.0,0.0,12.74
2021,646,78,2597,5616,673.0,0.0,46.24
2021,647,26,791,1872,0.0,0.0,42.25
2021,648,1763,213444,314130,2158437.0,45159.0,67.95
2021,649,256,9620,18432,1638.0,0.0,52.19
2021,650,208,11356,17424,82827.0,0.0,65.17
2021,651,52,1181,3744,206.0,0.0,31.54
2021,653,503,71166,93651,654654.0,531.0,75.99
2021,655,93,8018,17577,3685.0,366.0,45.62
2021,656,2,194,378,273.0,0.0,51.32
2021,657,15,389,1080,0.0,0.0,36.02
2021,660,31,410,1984,0.0,0.0,20.67
2021,661,332,12296,23024,14735.0,2456.0,53.41
2021,662,14,0,0,214291.0,0.0,0.0
2021,663,1108,35618,138450,7504558.0,1251.0,25.73
2021,669,1019,51960,73376,292088.0,33687.0,70.81
2021,672,149,17303,24574,112597.0,755.0,70.41
2021,673,26,2396,4914,10038.0,0.0,48.76
2021,674,1910,233427,332755,3050146.0,105810.0,70.15
2021,677,356,15639,26022,20904.0,16506.0,60.1
2021,678,229,26253,45421,240139.0,0.0,57.8
2021,681,226,36103,46302,385497.0,395.0,77.97
2021,682,53,4775,10017,19877.0,0.0,47.67
2021,683,7056,868785,1279720,9733952.0,151602.0,67.89
2021,686,1956,217150,342904,1717573.0,55514.0,63.33
2021,687,233,1575,3672,1460003.0,0.0,42.89
2021,688,214,267,2568,567.0,0.0,10.4
2021,689,2,136,378,0.0,0.0,35.98
2021,691,302,42014,63110,170463.0,0.0,66.57
2021,692,4,234,756,0.0,0.0,30.95
2021,693,423,14576,29208,4540.0,0.0,49.9
2021,694,1763,213288,288870,1893708.0,149812.0,73.84
2021,697,1474,189313,289482,1031927.0,632.0,65.4
2022,2,706,45921,50832,64.36,0.0,90.34
2022,3,2,0,24,0.0,0.0,0.0
2022,4,2171,292.02,358082,2240929.0,15.18,0.08
2022,7,182,16347,28392,9.91,0.0,57.58
2022,10,2422,341094,441805,989.03,1.92,77.2
2022,14,102,10074,18.36,15.18,0.0,54869.28
2022,15,387,16447,27864,7.45,0.0,59.03
2022,16,192,10167,59070,1522421.0,536977.0,17.21
2022,17,480,72442,87615,7059.0,0.0,82.68
2022,20,1137,50.18,81864,51.53,0.0,0.06
2022,21,1035,140573,169186,1758047.0,17.94,83.09
2022,22,281,10.87,20232,71.29,0.0,0.05
2022,24,13,433,936,0.0,0.0,46.26
2022,25,1,27,156,0.0,0.0,17.31
2022,26,304,11038,14592,2.12,0.0,75.64
2022,28,1175,91858,147078,458.57,0.0,62.46
2022,29,14,538,1008,32.0,0.0,53.37
2022,30,636,28781,45792,8.26,0.0,62.85
2022,32,268,8286,12864,908.0,0.0,64.41
2022,33,626,27646,45072,15.88,0.0,61.34
2022,34,54,589,2592,0.0,0.0,22.72
2022,35,1,20,189,200.0,0.0,10.58
2022,36,705,34599,50.76,244.38,0.0,68161.94
2022,37,577,34574,57807,82.19,0.0,59.81
2022,38,2618,353997,510826,2553488.0,7.32,69.3
2022,39,103,23658,32342,1023597.0,0.0,73.15
2022,43,781,43912,56232,253.28,0.0,78.09
2022,44,728,202246,220446,7974621.0,109578.0,91.74
2022,48,1828,97202,131512,80.09,0.0,73.91
2022,49,359,21633,25848,495.0,0.0,83.69
2022,50,6617,959298,1185706,8754401.0,22.66,80.91
2022,53,308,19541,22176,479.0,0.0,88.12
2022,55,656,34864,47232,45.24,0.0,73.81
2022,59,67,126,804,3.0,0.0,15.67
2022,60,60,1946,4.32,4.66,0.0,45046.3
2022,62,1554,230.52,305768,850.43,42.0,0.08
2022,63,5.28,840247,1034770,4639106.0,8.69,81.2
2022,64,22,4324,4519,0.0,0.0,95.68
2022,65,760,117313,161788,232.15,15.0,72.51
2022,67,479,64746,85.05,493.08,0.0,76126.98
2022,72,2446,364915,446984,1147026.0,3.12,81.64
2022,74,697,30833,50136,82.79,0.0,61.5
2022,75,1516,204582,278268,1051232.0,2.96,73.52
2022,80,269,11377,19304,19.34,0.0,58.94
2022,83,11,239,792,0.0,0.0,30.18
2022,84,387,16121,27.8,64.51,0.0,57989.21
2022,87,298,34448,56322,270.67,3.31,61.16
2022,88,3633,218537,261412,984.77,0.0,83.6
2022,95,1332,199.52,261549,1359360.0,78.0,0.08
2022,99,1255,167294,247196,1322684.0,130.0,67.68
2022,101,830,40206,59572,118.75,0.0,67.49
2022,102,354,12.57,25488,14.13,0.0,0.05
2022,107,941,135799,219694,7962878.0,161935.0,61.81
2022,108,447,109335,137962,1264664.0,1252.0,79.25
2022,110,3574,515111,684395,1221787.0,2.64,75.27
2022,111,130,11815,20.28,4.75,0.0,58259.37
2022,116,749,40529,53928,40.26,0.0,75.15
2022,119,1442,90756,103824,36.68,0.0,87.41
2022,120,254,10085,18288,4.35,0.0,55.15
2022,121,1061,216734,249241,138449.0,0.0,86.96
2022,125,8785,1229009,1486184,14264966.0,33.24,82.7
2022,127,600,75687,99628,198.38,0.0,75.97
2022,129,54,2124,3.9,352.39,0.0,54461.54
2022,136,335,17945,24.12,939.0,0.0,74398.84
2022,138,6,451,718,342.0,0.0,62.81
2022,140,48,1694,3408,2.0,0.0,49.71
2022,143,368,15287,26496,7.72,0.0,57.7
2022,144,212,8788,15731,10.94,0.0,55.86
2022,146,514,0,0,4842618.0,0.0,0.0
2022,148,764,104582,163818,213.27,427.0,63.84
2022,149,5473,834752,1065063,4472266.0,30.77,78.38
2022,150,699,36197,50328,10.19,0.0,71.92
2022,151,2.1,155996,195682,946.44,0.0,79.72
2022,152,33,660,2376,0.0,0.0,27.78
2022,153,2862,448402,559908,1430070.0,4.48,80.08
2022,154,2195,348.56,433882,1927680.0,953.0,0.08
2022,156,8897,1293830,1562974,13403756.0,78.55,82.78
2022,157,446,24456,33399,12.71,0.0,73.22
2022,158,12,1436,2.16,30.0,0.0,66481.48
2022,164,3575,613762,735403,2645957.0,4.04,83.46
2022,166,353,14262,25416,97.0,0.0,56.11
2022,169,783,48495,65.64,311.39,0.0,73880.26
2022,170,1745,276.87,357741,398.14,1.44,0.08
2022,172,166,7649,11952,4.68,0.0,64.0
2022,173,2461,388626,464967,564.67,82.0,83.58
2022,174,1.71,255299,336844,703.25,250.0,75.79
2022,175,621,41986,65511,39.19,0.0,64.09
2022,177,122,13096,21.96,20.81,0.0,59635.7
2022,178,2161,375836,439433,3508433.0,7.68,85.53
2022,179,380,14835,27360,0.0,0.0,54.22
2022,181,149,6113,10728,2.66,0.0,56.98
2022,184,130,17.07,23.4,15.45,0.0,72.95
2022,186,1764,228739,270963,4863961.0,19.25,84.42
2022,187,2552,145757,197.58,311.27,0.0,73771.13
2022,188,52,6561,9360,0.0,0.0,70.1
2022,189,40,4117,7344,27825.0,0.0,56.06
2022,190,351,14.51,25272,734.0,0.0,0.06
2022,191,250,23896,30,2.24,0.0,79653.33
2022,195,286,10243,20592,288.0,0.0,49.74
2022,196,1596,87602,114912,177.62,0.0,76.23
2022,197,3,109,216,0.0,0.0,50.46
2022,198,221,24401,32992,66282.0,1384.0,73.96
2022,200,128,13454,18870,44811.0,5.0,71.3
2022,201,876,103797,143948,135.76,411.0,72.11
2022,202,19,503,1216,0.0,0.0,41.37
2022,203,41,1056,2.8,0.0,0.0,37714.29
2022,204,13,187,936,0.0,0.0,19.98
2022,205,547,21.19,39384,3.86,0.0,0.05
2022,207,202,26688,41605,2620606.0,273.0,64.15
2022,211,522,122101,140557,2370993.0,0.0,86.87
2022,212,42,4066,9954,100004.0,0.0,40.85
2022,214,5.56,804131,997464,3609848.0,20.65,80.62
2022,215,979,109386,156.6,1544018.0,5.35,69850.57
2022,216,1035,150855,191470,430010.0,299.0,78.79
2022,217,1879,449145,504167,12303506.0,52208.0,89.09
2022,218,29803,4342921,5586084,17811490.0,73.24,77.75
2022,219,2034,277.86,337884,2828625.0,14.83,0.08
2022,220,96,0,0,6894546.0,104984.0,0.0
2022,221,1364,431018,525969,16060628.0,199971.0,81.95
2022,223,167,28596,44262,423317.0,0.0,64.61
2022,225,542,64613,86322,699.1,250.0,74.85
2022,228,38,4918,7182,10792.0,0.0,68.48
2022,229,526,53038,94519,11299276.0,36493.0,56.11
2022,230,647,90574,163830,7586083.0,17939.0,55.29
2022,231,1582,244226,347161,19617331.0,511685.0,70.35
2022,232,768,228529,260780,9923595.0,31119.0,87.63
2022,233,1840,637181,747818,4321665.0,61494.0,85.21
2022,234,212,29422,38160,698.0,0.0,77.1
2022,237,1878,260571,312779,2044558.0,23.87,83.31
2022,241,21891,3246059,3915603,28268432.0,272.78,82.9
2022,242,1444,180122,228225,3672936.0,27.61,78.92
2022,243,5985,816674,1087521,8355936.0,143402.0,75.1
2022,245,1828,208438,294.93,1061420.0,3.49,70673.72
2022,246,340,42329,53.04,3.13,40.0,79805.81
2022,247,6.29,882803,1135635,5648137.0,13.56,77.74
2022,250,344,82578,96324,2744610.0,0.0,85.73
2022,251,3505,470562,574223,4572957.0,48.62,81.95
2022,252,495,157181,200785,571606.0,477.0,78.28
2022,253,22,4834,5522,199866.0,0.0,87.54
2022,255,33,2.08,5346,86.16,48.0,0.04
2022,256,1791,249532,300.44,163.81,679.0,83055.52
2022,257,659,94093,154330,3157158.0,0.0,60.97
2022,259,13,1388,2457,0.0,0.0,56.49
2022,261,1951,264779,410137,21733493.0,623793.0,64.56
2022,262,9951,1449852,1792955,7655163.0,28.96,80.86
2022,263,31,3783,8951,34316.0,0.0,42.26
2022,264,565,71445,81304,2652274.0,0.0,87.87
2022,265,1,10,162,260.0,0.0,6.17
2022,266,5696,849.28,1032553,7731840.0,17.46,0.08
2022,267,759,81223,91.08,428.63,0.0,89177.65
2022,268,10067,1454896,1773066,10833908.0,33.17,82.06
2022,269,2672,366682,469795,3175126.0,5.3,78.05
2022,270,9.38,1430134,1654908,3381621.0,34.08,86.42
2022,271,1943,248.79,317244,2778223.0,24.38,0.08
2022,273,11443,1607535,1965262,14248160.0,22.58,81.8
2022,274,314,9,588,6302985.0,2542.0,1.53
2022,276,445,33060,56110,2758191.0,272.0,58.92
2022,277,12360,1705435,2117819,69230922.0,70957.0,80.53
2022,278,367,35737,44.04,295.19,0.0,81146.68
2022,279,4024,563882,726107,1483239.0,16.71,77.66
2022,280,1164,144836,186872,2208553.0,40.29,77.51
2022,281,6341,877224,1066413,2887934.0,18.81,82.26
2022,283,17822,2594148,3084386,13826104.0,205.03,84.11
2022,284,527,119639,151629,4030492.0,28190.0,78.9
2022,285,456,0,0,7988202.0,0.0,0.0
2022,286,100,16714,26884,1085836.0,0.0,62.17
2022,289,144,13501,22609,210.44,155.0,59.72
2022,290,3231,426849,567839,3676820.0,7.1,75.17
2022,291,4472,651865,778094,1175059.0,7.26,83.78
2022,292,1592,197939,264366,3673946.0,15.22,74.87
2022,293,1586,161324,383537,27809587.0,134461.0,42.06
2022,294,814,90359,106144,2049569.0,10.39,85.13
2022,295,1172,151581,186408,1818848.0,8.28,81.32
2022,296,17.45,2531093,3085030,25876230.0,405.74,82.04
2022,297,6,802,1134,0.0,0.0,70.72
2022,298,21,5991,9192,137742.0,17810.0,65.18
2022,299,38,4381,7572,73915.0,0.0,57.86
2022,300,9784,1333009,1723413,2404630.0,6.49,77.35
2022,302,145,778,1.74,128.0,0.0,44712.64
2022,303,227,1072,2724,638.0,3.0,39.35
2022,304,90,12279,16856,298.0,0.0,72.85
2022,305,14,435,896,0.0,0.0,48.55
2022,306,2,88,144,0.0,0.0,61.11
2022,307,4,36,256,0.0,0.0,14.06
2022,313,1237,51.75,75064,205.73,0.0,0.07
2022,314,30,954,1.44,80.0,0.0,66250.0
2022,317,227,26585,40698,24719.0,1300.0,65.32
2022,320,64,3625,5557,829.0,0.0,65.23
2022,323,1,15,72,0.0,0.0,20.83
2022,327,991,157868,198939,1340354.0,3.0,79.35
2022,328,602,73426,121448,172.69,1.0,60.46
2022,329,981,54762,70576,387.41,0.0,77.59
2022,330,1823,35086,48976,3092823.0,0.0,71.64
2022,331,734,103496,153742,240.63,8.0,67.32
2022,332,322,38342,54544,148.34,100.0,70.3
2022,333,2.29,289824,400718,2222216.0,12.94,72.33
2022,334,670,19851,28.48,31.72,0.0,69701.54
2022,335,1967,270282,362985,1855655.0,14.98,74.46
2022,336,15566,218263,303696,94738372.0,0.0,71.87
2022,337,299,10433,14352,21.9,0.0,72.69
2022,338,905,130879,162900,7935.0,0.0,80.34
2022,339,274,39480,49320,86977.0,0.0,80.05
2022,340,282,12078,20304,229.84,0.0,59.49
2022,341,555,172043,196011,638827.0,142629.0,87.77
2022,344,359,50882,65167,4951.0,0.0,78.08
2022,345,575,225916,242796,1272418.0,268348.0,93.05
2022,347,439,70923,101264,44829.0,0.0,70.04
2022,349,24,2855,5208,14581.0,0.0,54.82
2022,351,1.13,127507,187824,125.48,0.0,67.89
2022,353,403,97591,111219,45040.0,201124.0,87.75
2022,354,294,84129,88984,1419509.0,16780.0,94.54
2022,355,162,7116,11664,845.0,0.0,61.01
2022,360,39,3847,7.02,21.12,0.0,54800.57
2022,361,727,122.27,156175,965.6,953.0,0.08
2022,362,3594,541398,719326,108562.0,0.0,75.26
2022,363,2329,247853,333.76,351.6,1.24,74260.85
2022,364,3281,191573,241837,134.95,0.0,79.22
2022,366,2373,475412,551324,779739.0,106.0,86.23
2022,368,563,66681,106923,2094884.0,0.0,62.36
2022,369,82,2.45,5904,19.84,0.0,0.04
2022,371,61,6331,15383,103663.0,0.0,41.16
2022,374,42,4420,7560,0.0,0.0,58.47
2022,375,2102,317517,377729,33535.0,1300.0,84.06
2022,382,856,144181,196920,302659.0,0.0,73.22
2022,383,5665,1205738,1437191,5464984.0,8418.0,83.9
2022,384,1304,198295,261598,121.23,372.0,75.8
2022,386,377,13445,27144,12.15,0.0,49.53
2022,387,6879,1090217,1344171,866.79,37.47,81.11
2022,390,1409,285046,320466,1517677.0,0.0,88.95
2022,394,1791,118.43,150256,416.1,0.0,0.08
2022,395,117,14071,28807,338414.0,11740.0,48.85
2022,396,3313,495503,647441,1878567.0,3.3,76.53
2022,397,725,37724,52.2,42.17,0.0,72268.2
2022,401,1657,238588,320147,73.71,5.0,74.52
2022,402,111,14675,19.49,37.76,0.0,75295.02
2022,408,1521,79.29,109132,352.83,0.0,0.07
2022,409,721,43229,51912,19.39,0.0,83.27
2022,411,66,2047,4752,960.0,0.0,43.08
2022,412,286,16.1,20592,15.66,0.0,0.08
2022,414,102,4471,7344,1.17,0.0,60.88
2022,415,701,39321,50472,82.06,0.0,77.91
2022,416,830,42225,59512,33.92,0.0,70.95
2022,417,1,162,215,0.0,0.0,75.35
2022,419,3889,210148,278164,679.39,0.0,75.55
2022,421,169,7702,12438,469.0,0.0,61.92
2022,422,37,1216,2664,0.0,0.0,45.65
2022,424,1485,212785,290235,1433376.0,2.46,73.31
2022,427,94,4800,26314,1523500.0,0.0,18.24
2022,428,682,38477,47224,9.49,0.0,81.48
2022,429,877,95344,141542,684.89,0.0,67.36
2022,432,752,97575,123032,18.02,51.0,79.31
2022,433,326,38051,52116,49.83,0.0,73.01
2022,435,228,27712,35838,33.78,100.0,77.33
2022,436,697,87856,110538,39.2,1.0,79.48
2022,437,30,1303,2.1,0.0,0.0,62047.62
2022,439,364,38069,56806,2.43,0.0,67.02
2022,440,486,55598,77272,6.9,0.0,71.95
2022,441,1.69,221703,275782,166.27,1.03,80.39
2022,443,186,14828,29256,433.0,0.0,50.68
2022,445,6,553,1.02,1.13,0.0,54215.69
2022,446,202,18756,31794,25.12,85.0,58.99
2022,447,704,73991,109836,12.87,0.0,67.36
2022,455,172,23861,30960,102.0,0.0,77.07
2022,466,960,42947,69.12,85.2,0.0,62133.97
2022,469,238,9646,17136,444.0,0.0,56.29
2022,471,642,28928,46224,77.11,0.0,62.58
2022,474,3966,644.59,784692,3265947.0,4.39,0.08
2022,475,312,12594,22464,36.46,0.0,56.06
2022,476,643,6174,8566,17.92,9.0,72.08
2022,486,103,4.36,7416,1.36,0.0,0.06
2022,487,603,26084,43416,75.84,0.0,60.08
2022,488,2411,311442,423428,155025.0,140.0,73.55
2022,492,511,28.33,36792,18.44,0.0,0.08
2022,495,254,13513,18288,328.0,0.0,73.89
2022,496,960,50466,71438,68.15,0.0,70.64
2022,497,1922,256669,366610,14369.0,0.0,70.01
2022,498,1779,110588,138.99,84.14,0.0,79565.44
2022,499,18,2958,3653,0.0,0.0,80.97
2022,500,724,73750,104591,1122803.0,0.0,70.51
2022,501,258,8898,18216,77.74,0.0,48.85
2022,506,144,5451,10368,340.0,0.0,52.58
2022,507,904,127956,179.82,1196467.0,234.0,71157.82
2022,508,856,37344,55112,424.51,0.0,67.76
2022,509,594,30092,42768,125.74,0.0,70.36
2022,510,447,20363,32184,24.61,0.0,63.27
2022,511,1395,89507,113976,519.33,0.0,78.53
2022,512,213,10595,15336,17.24,0.0,69.09
2022,513,398,18764,28656,19.61,0.0,65.48
2022,515,2934,436414,563456,3618685.0,12.51,77.45
2022,516,864,58943,81648,499.94,0.0,72.19
2022,518,1014,54989,77988,328.68,0.0,70.51
2022,519,106,4434,7632,168.0,0.0,58.1
2022,521,2184,131034,157248,206.65,0.0,83.33
2022,522,301,12752,21672,24.08,0.0,58.84
2022,524,440,60697,79638,4291.0,0.0,76.22
2022,526,164,17677,29556,58.0,0.0,59.81
2022,527,196,24154,34318,573.0,0.0,70.38
2022,532,1671,236216,298165,554119.0,0.0,79.22
2022,535,174,24546,31032,130762.0,0.0,79.1
2022,536,216,31510,38880,26483.0,0.0,81.04
2022,538,1.17,62819,84.24,51.71,0.0,74571.46
2022,539,387,18.85,27864,15.0,0.0,0.07
2022,543,712,89816,133604,159.21,145.0,67.23
2022,545,4,91,288,0.0,0.0,31.6
2022,548,425,20014,30.6,3.94,0.0,65405.23
2022,551,500,2.49,6.12,270.0,0.0,40.69
2022,553,44,5911,7920,4372.0,0.0,74.63
2022,555,3755,585733,747807,2990938.0,8.69,78.33
2022,556,1099,58391,79128,29.61,0.0,73.79
2022,557,180,7016,12.96,5.91,0.0,54135.8
2022,558,129,15281,23.22,3.28,0.0,65809.65
2022,560,317,11723,22824,4.69,0.0,51.36
2022,561,312,14572,22464,8.42,0.0,64.87
2022,562,1134,138439,186089,864.78,4.46,74.39
2022,563,2,43,144,0.0,0.0,29.86
2022,564,253,10786,18216,170.0,0.0,59.21
2022,568,240,26334,43200,120552.0,0.0,60.96
2022,569,647,81036,138559,74.92,161.0,58.48
2022,570,606,94.21,128.6,495.14,14.0,73.26
2022,572,1.47,75296,105.84,71.66,0.0,71141.35
2022,573,2557,390709,505829,2088318.0,5.66,77.24
2022,577,985,48194,70.92,64.13,0.0,67955.44
2022,579,216,4314,8448,7.23,0.0,51.07
2022,580,400,49085,77004,239.49,353.0,63.74
2022,581,560,23354,40.32,24.44,0.0,57921.63
2022,583,3088,402572,545711,2860752.0,10.12,73.77
2022,584,407,50466,81343,374.35,500.0,62.04
2022,585,220,9881,15840,0.0,0.0,62.38
2022,587,245,8204,17.64,1.19,0.0,46507.94
2022,588,599,24988,43128,40.51,0.0,57.94
2022,589,482,18275,34704,262.0,0.0,52.66
2022,590,1395,78009,100.44,70.67,0.0,77667.26
2022,592,62,2265,4464,1.41,0.0,50.74
2022,593,607,36156,43672,9.59,0.0,82.79
2022,594,2,4,24,0.0,0.0,16.67
2022,595,162,630,1944,219.0,2.0,32.41
2022,599,335,12718,24.12,439.0,0.0,52728.03
2022,601,4,133,288,0.0,0.0,46.18
2022,605,13,0,156,0.0,0.0,0.0
2022,606,62,418,894,153.0,0.0,46.76
2022,611,156,23176,28080,420.0,0.0,82.54
2022,613,1.58,158.58,202668,539.17,0.0,0.08
2022,616,1641,163108,206388,602.02,0.0,79.03
2022,618,6,188,432,0.0,0.0,43.52
2022,621,22,558,1584,35.0,0.0,35.23
2022,622,1995,146641,176264,254.51,0.0,83.19
2022,623,1689,100294,137064,182.8,0.0,73.17
2022,624,108,4.05,7776,45.0,0.0,0.05
2022,625,40,6054,7200,0.0,0.0,84.08
2022,626,2,0,24,0.0,0.0,0.0
2022,631,1345,180784,261493,572.04,1.0,69.14
2022,632,32,1.03,2304,28.0,0.0,0.04
2022,633,24,770,1728,57.0,0.0,44.56
2022,636,1158,170346,222.84,1225045.0,575.0,76443.19
2022,637,1,214,215,0.0,0.0,99.53
2022,642,478,62835,91278,183.75,719.0,68.84
2022,646,170,5994,12.24,66.0,0.0,48970.59
2022,647,24,550,1728,0.0,0.0,31.83
2022,648,2405,352184,471629,1934331.0,4.93,74.67
2022,649,399,18178,28728,423.0,0.0,63.28
2022,650,194,17918,22776,86.7,0.0,78.67
2022,651,305,13598,21.96,661.0,0.0,61921.68
2022,652,183,9131,13176,30.21,0.0,69.3
2022,653,1598,240171,297.09,1483056.0,120.0,80841.16
2022,656,473,67762,88461,141.13,0.0,76.6
2022,661,280,11477,20.16,19.3,0.0,56929.56
2022,662,290,0,0,3860717.0,0.0,0.0
2022,663,2058,289939,339225,5386732.0,1300.0,85.47
2022,665,58,6827,10104,29724.0,0.0,67.57
2022,666,94,12557,16920,15.0,0.0,74.21
2022,669,1342,74727,94582,401.51,0.0,79.01
2022,672,238,24475,39644,117.33,856.0,61.74
2022,674,2677,404346,502329,3021823.0,3.17,80.49
2022,675,54,1.98,2592,0.0,0.0,0.08
2022,677,5,90,144,10.74,0.0,62.5
2022,678,876,122036,171026,744.66,0.0,71.36
2022,679,64,1345,4504,0.0,0.0,29.86
2022,680,16,1714,2496,14.45,0.0,68.67
2022,681,710,111026,152.52,1669260.0,2.17,72794.39
2022,683,7975,1247643,1560310,11383030.0,13.68,79.96
2022,686,2156,307458,380359,2061634.0,9.29,80.83
2022,687,656,1827,4608,4466269.0,0.0,39.65
2022,688,163,88,1956,55.0,2.0,4.5
2022,691,605,81093,129997,695.18,468.0,62.38
2022,693,442,18033,31824,21.0,0.0,56.66
2022,694,2098,311854,396.6,2205215.0,1.49,78631.87
2022,696,9,389,648,64.0,0.0,60.03
2022,697,2271,326894,454715,1283946.0,458.0,71.89
2023,2,1038,56460,74736,77310.0,947.0,75.55
2023,4,2271,311665,376976,2107858.0,0.0,82.68
2023,7,64,5136,9984,5536.0,0.0,51.44
2023,10,2020,286858,364958,1328926.0,3090.0,78.6
2023,14,544,70895,97920,30131.0,0.0,72.4
2023,15,360,15966,25920,12420.0,3.0,61.6
2023,17,1535,241444,300510,8588.0,0.0,80.34
2023,19,208,55603,62816,772845.0,11428.0,88.52
2023,21,1854,234014,309966,3222963.0,0.0,75.5
2023,22,245,10335,17640,61335.0,373.0,58.59
2023,26,338,12853,16092,1793.0,0.0,79.87
2023,27,8,289,384,0.0,0.0,75.26
2023,28,877,81631,116379,385244.0,1378.0,70.14
2023,30,463,19163,33336,4925.0,44.0,57.48
2023,32,292,9792,13916,1263.0,0.0,70.37
2023,33,569,22300,41238,13714.0,152.0,54.08
2023,34,189,3400,9012,150.0,0.0,37.73
2023,36,678,31997,48816,192338.0,1576.0,65.55
2023,37,554,25834,40356,10504.0,58.0,64.02
2023,38,1916,272971,370286,2170660.0,3669.0,73.72
2023,39,175,45504,55582,1296347.0,0.0,81.87
2023,43,700,37932,50400,167336.0,0.0,75.26
2023,44,917,269317,301591,8208523.0,14859.0,89.3
2023,47,71,6692,12780,11169.0,0.0,52.36
2023,48,2413,128648,178798,105469.0,838.0,71.95
2023,49,418,23952,29970,859.0,0.0,79.92
2023,50,8131,1179487,1460390,11024534.0,25949.0,80.77
2023,52,158,24591,30890,18232.0,0.0,79.61
2023,53,686,38297,49392,844.0,0.0,77.54
2023,55,660,33163,47520,76620.0,1476.0,69.79
2023,59,1,148,162,0.0,0.0,91.36
2023,62,1616,246008,321642,1635332.0,3489.0,76.49
2023,63,6400,962226,1210064,5936865.0,13168.0,79.52
2023,65,936,140928,199862,183585.0,334.0,70.51
2023,67,721,98579,129780,749921.0,70.0,75.96
2023,68,342,41209,61560,94433.0,0.0,66.94
2023,72,2625,384932,472500,1801303.0,1803.0,81.47
2023,74,504,19360,36288,81696.0,727.0,53.35
2023,75,951,139494,171180,994907.0,874.0,81.49
2023,80,73,6982,13140,163.0,0.0,53.14
2023,87,434,62350,78120,327968.0,0.0,79.81
2023,88,4427,234692,326840,816030.0,7217.0,71.81
2023,89,170,18633,26520,50569.0,0.0,70.26
2023,92,174,23601,27116,13839.0,0.0,87.04
2023,95,1144,183450,223683,547677.0,200.0,82.01
2023,99,1063,148502,210641,583544.0,0.0,70.5
2023,101,757,41621,56416,91278.0,1459.0,73.78
2023,102,679,31454,48888,39446.0,1108.0,64.34
2023,107,2342,349140,605516,9967025.0,233121.0,57.66
2023,108,729,169925,214682,1432208.0,711.0,79.15
2023,110,3620,557593,708804,1571217.0,4709.0,78.67
2023,111,268,26928,41808,8500.0,0.0,64.41
2023,116,714,42070,51408,51321.0,405.0,81.84
2023,119,1552,88659,111412,48990.0,421.0,79.58
2023,120,245,8232,17640,3511.0,105.0,46.67
2023,121,1998,416194,474284,1092977.0,0.0,87.75
2023,122,294,39727,52334,18676.0,0.0,75.91
2023,124,43,0,0,221863.0,0.0,0.0
2023,125,11064,1628679,1975598,14139843.0,8984.0,82.44
2023,127,1235,183091,239827,551519.0,628.0,76.34
2023,128,102,5191,7344,0.0,0.0,70.68
2023,129,414,18578,23970,3480240.0,0.0,77.51
2023,133,138,18484,24840,124103.0,0.0,74.41
2023,135,161,20817,29148,47054.0,0.0,71.42
2023,136,353,16333,25416,6566.0,73.0,64.26
2023,138,444,49022,79920,247733.0,0.0,61.34
2023,140,169,5905,14690,9.0,0.0,40.2
2023,143,362,13589,26064,5203.0,105.0,52.14
2023,144,397,18565,28764,11811.0,186.0,64.54
2023,146,725,37611,51840,3499457.0,0.0,72.55
2023,148,759,117261,161495,611762.0,2989.0,72.61
2023,149,7043,1043796,1313260,4256200.0,22078.0,79.48
2023,150,482,19204,34704,11823.0,118.0,55.34
2023,151,2350,362843,423000,2794748.0,838.0,85.78
2023,152,85,3835,5972,0.0,0.0,64.22
2023,153,2948,483135,571525,1684316.0,4427.0,84.53
2023,154,2587,400541,473777,2135947.0,856.0,84.54
2023,156,9169,1360876,1649797,15688188.0,30241.0,82.49
2023,157,179,7321,12888,6278.0,60.0,56.8
2023,158,208,25545,37440,10024.0,0.0,68.23
2023,163,25,2712,4500,1545.0,0.0,60.27
2023,164,3539,612911,712082,3084180.0,11813.0,86.07
2023,166,379,16759,27288,1454.0,0.0,61.42
2023,169,818,48581,67344,141255.0,1689.0,72.14
2023,170,1980,328751,401340,314226.0,1420.0,81.91
2023,173,2469,341050,388015,437047.0,5821.0,87.9
2023,174,2049,314315,414900,584633.0,479.0,75.76
2023,175,738,107613,139428,212369.0,383.0,77.18
2023,177,558,75465,100440,536117.0,774.0,75.13
2023,178,2172,370822,438448,3293842.0,24354.0,84.58
2023,179,714,33105,51408,0.0,0.0,64.4
2023,184,682,93751,122760,721614.0,0.0,76.37
2023,186,2478,300484,398204,3663771.0,0.0,75.46
2023,187,1936,270076,368991,1242358.0,18622.0,73.19
2023,188,796,102954,143398,15182.0,0.0,71.8
2023,189,492,45754,88422,254479.0,0.0,51.75
2023,190,398,13969,28593,1781.0,0.0,48.85
2023,191,256,24431,30720,2142.0,0.0,79.53
2023,195,152,3717,10944,86.0,78.0,33.96
2023,196,1415,74317,101880,154560.0,2055.0,72.95
2023,198,520,51581,77995,106957.0,1339.0,66.13
2023,200,416,41014,62395,83239.0,0.0,65.73
2023,201,1098,145449,188214,124726.0,0.0,77.28
2023,203,104,4367,7488,89.0,0.0,58.32
2023,205,176,5886,12672,341.0,0.0,46.45
2023,206,32,6940,9888,95249.0,0.0,70.19
2023,207,1010,167575,239418,6225465.0,64.0,69.99
2023,208,423,75511,86048,546476.0,0.0,87.75
2023,209,282,55864,59430,6008.0,34730.0,94.0
2023,211,508,91812,125106,1479922.0,0.0,73.39
2023,212,34,3434,6320,29937.0,0.0,54.34
2023,214,6407,958417,1157506,3397501.0,3781.0,82.8
2023,215,1433,170318,232828,1970126.0,500.0,73.15
2023,216,3850,541761,687825,945742.0,45.0,78.76
2023,217,2188,628058,708094,15910582.0,25374.0,88.7
2023,218,33262,4961724,6154776,17882030.0,16693.0,80.62
2023,219,2403,343129,398330,2994803.0,0.0,86.14
2023,220,86,0,0,4195822.0,59361.0,0.0
2023,221,1446,486322,556348,12581638.0,448285.0,87.41
2023,223,544,76734,99239,370179.0,4690.0,77.32
2023,225,1098,124733,176512,1383243.0,0.0,70.67
2023,227,60,3664,4680,303253.0,0.0,78.29
2023,229,2489,500744,671422,26424254.0,65284.0,74.58
2023,230,1510,275805,372173,7504702.0,7667.0,74.11
2023,231,1850,417923,513088,12536683.0,505371.0,81.45
2023,232,924,284303,306498,8325391.0,113086.0,92.76
2023,233,2754,887805,1153409,7308107.0,83574.0,76.97
2023,234,762,88608,119820,33199.0,0.0,73.95
2023,236,172,25722,30960,14730.0,0.0,83.08
2023,237,2363,322092,395178,2916979.0,0.0,81.51
2023,240,164,23536,25584,1488.0,0.0,91.99
2023,241,22046,3414822,4022289,32054921.0,93233.0,84.9
2023,242,1472,193187,248144,2181808.0,0.0,77.85
2023,243,14304,1822318,2442478,9211350.0,105569.0,74.61
2023,244,6,753,972,0.0,0.0,77.47
2023,245,2106,249981,345742,821832.0,0.0,72.3
2023,246,641,83892,99896,8070.0,0.0,83.98
2023,247,6212,895052,1103673,7315881.0,1825.0,81.1
2023,250,719,157754,198396,5182591.0,0.0,79.51
2023,251,4258,552702,699226,5679542.0,0.0,79.04
2023,252,970,300414,401016,1062617.0,2591.0,74.91
2023,253,537,97678,138641,2448892.0,4550.0,70.45
2023,254,30,3177,4531,9292.0,0.0,70.12
2023,256,1280,176563,220158,218146.0,0.0,80.2
2023,257,1493,199306,296709,3254583.0,0.0,67.17
2023,261,2129,333474,454386,15626356.0,678263.0,73.39
2023,262,10002,1495858,1810026,7618347.0,17088.0,82.64
2023,263,280,51170,67880,2271258.0,0.0,75.38
2023,264,2123,280090,345102,1624639.0,0.0,81.16
2023,265,519,51400,88548,1132.0,0.0,58.05
2023,266,5960,898456,1073928,7459791.0,14708.0,83.66
2023,267,956,108359,114720,475369.0,0.0,94.46
2023,268,9671,1401445,1702993,12225189.0,5908.0,82.29
2023,269,3050,444489,549974,4657397.0,3103.0,80.82
2023,270,10323,1534343,1816503,3233851.0,15274.0,84.47
2023,271,2332,302975,383202,4585414.0,0.0,79.06
2023,272,196,23517,35280,32.0,0.0,66.66
2023,273,10619,1615481,1904340,13624116.0,16685.0,84.83
2023,274,671,118794,155559,8482403.0,14520.0,76.37
2023,275,192,53769,82896,366689.0,28.0,64.86
2023,276,1209,146547,194486,4589333.0,528.0,75.35
2023,277,20962,3005022,3863119,53653573.0,63822.0,77.79
2023,278,358,38418,42960,281161.0,0.0,89.43
2023,279,4461,623254,786121,2455000.0,9096.0,79.28
2023,280,1513,201560,241900,2398223.0,0.0,83.32
2023,281,7434,1031751,1233226,2713923.0,797.0,83.66
2023,283,21360,3065045,3749614,13541673.0,89647.0,81.74
2023,284,1048,216457,281077,3443323.0,46347.0,77.01
2023,285,426,0,0,4692637.0,0.0,0.0
2023,286,451,71764,92246,1070652.0,0.0,77.8
2023,287,72,11466,18339,36005.0,0.0,62.52
2023,288,268,26372,42344,11009.0,0.0,62.28
2023,290,3125,442786,538194,4148478.0,458.0,82.27
2023,291,5367,858646,997278,1059406.0,6377.0,86.1
2023,292,1800,217700,300348,4767673.0,0.0,72.48
2023,293,1736,367102,493799,23408416.0,107687.0,74.34
2023,294,745,98494,115604,1037173.0,0.0,85.2
2023,295,1281,173103,207120,2177076.0,0.0,83.58
2023,296,17999,2636673,3222639,29036098.0,103666.0,81.82
2023,299,824,126595,148020,716641.0,3012.0,85.53
2023,300,10635,1476684,1840772,2954273.0,4840.0,80.22
2023,302,518,2423,6216,4181.0,0.0,38.98
2023,304,306,49552,56916,597.0,0.0,87.06
2023,305,30,1538,2320,0.0,0.0,66.29
2023,311,62,10158,11648,390.0,0.0,87.21
2023,313,872,54645,74212,163097.0,153.0,73.63
2023,317,1040,93533,175220,126790.0,0.0,53.38
2023,327,1044,134673,206761,1194673.0,1125.0,65.13
2023,328,531,68726,105195,404579.0,1.0,65.33
2023,329,962,54668,69264,354206.0,3688.0,78.93
2023,330,1844,28685,39992,3677211.0,0.0,71.73
2023,331,642,102319,137040,355719.0,900.0,74.66
2023,333,2018,273518,369908,1955637.0,559.0,73.94
2023,334,721,19240,28676,43758.0,0.0,67.09
2023,335,1872,264837,346044,1960760.0,6571.0,76.53
2023,336,13559,260277,330439,81780596.0,332.0,78.77
2023,337,342,12573,16246,18646.0,0.0,77.39
2023,338,2773,371722,486756,94861.0,0.0,76.37
2023,339,814,127451,146520,370198.0,0.0,86.99
2023,340,245,11266,17640,217856.0,957.0,63.87
2023,341,1822,596502,661947,6067664.0,19.0,90.11
2023,344,517,79446,96061,3877.0,0.0,82.7
2023,345,1321,571406,639454,3180985.0,793008.0,89.36
2023,346,12,1942,2208,0.0,0.0,87.95
2023,347,927,148873,212240,260776.0,0.0,70.14
2023,349,1113,265087,308516,4387314.0,0.0,85.92
2023,351,3145,401982,513174,616444.0,0.0,78.33
2023,353,1156,285789,320851,862317.0,236656.0,89.07
2023,354,524,153722,159008,2508472.0,79137.0,96.68
2023,358,449,60170,80820,226831.0,0.0,74.45
2023,360,160,17712,25550,16155.0,0.0,69.32
2023,361,787,140909,168902,706367.0,2078.0,83.43
2023,362,9451,1430090,1913290,782245.0,2853.0,74.75
2023,363,3267,443917,544232,313171.0,0.0,81.57
2023,364,4375,259344,337100,163121.0,1344.0,76.93
2023,366,5334,926575,1126641,2602352.0,725.0,82.24
2023,368,1694,280336,356265,1017482.0,1191.0,78.69
2023,371,344,63246,86416,594162.0,0.0,73.19
2023,372,426,58630,74976,0.0,0.0,78.2
2023,374,9,1139,1602,0.0,0.0,71.1
2023,375,5879,866316,1050807,78923.0,0.0,82.44
2023,379,68,1742,12240,8566.0,0.0,14.23
2023,381,450,88735,104563,3135905.0,0.0,84.86
2023,382,2205,334107,502408,766074.0,0.0,66.5
2023,383,12621,2512167,3107027,4424374.0,37700.0,80.85
2023,384,1790,300895,371924,304250.0,208.0,80.9
2023,386,262,19913,39885,10927.0,0.0,49.93
2023,387,8155,1350740,1541131,994050.0,51100.0,87.65
2023,390,4289,721809,900755,2449434.0,36041.0,80.13
2023,391,4,612,860,296.0,250.0,71.16
2023,394,2116,125832,170612,310570.0,2281.0,73.75
2023,395,1463,350183,444943,7640631.0,59781.0,78.7
2023,396,3539,506414,683479,2677904.0,2634.0,74.09
2023,397,711,31920,51192,67726.0,849.0,62.35
2023,400,607,101376,117447,155513.0,0.0,86.32
2023,401,2816,437967,551704,213998.0,6.0,79.38
2023,402,466,69173,83880,439595.0,0.0,82.47
2023,408,1641,90892,124366,349845.0,3366.0,73.08
2023,409,711,43603,51192,31484.0,452.0,85.18
2023,411,29,186,348,288.0,0.0,53.45
2023,412,278,14674,20016,14466.0,0.0,73.31
2023,414,159,7700,11448,1540.0,1.0,67.26
2023,415,749,35852,53928,51107.0,392.0,66.48
2023,416,949,50404,69600,44361.0,252.0,72.42
2023,417,177,36033,38055,0.0,27061.0,94.69
2023,419,3736,213828,277724,589180.0,7168.0,76.99
2023,424,1481,209864,295603,941191.0,7940.0,71.0
2023,427,523,124785,145081,4120118.0,0.0,86.01
2023,428,2061,114050,164070,22112.0,0.0,69.51
2023,429,2163,276260,350128,1908274.0,0.0,78.9
2023,432,2124,286699,348504,61376.0,0.0,82.27
2023,433,1327,175427,220764,203930.0,0.0,79.46
2023,435,2233,283254,357660,868689.0,0.0,79.2
2023,436,3162,440543,519114,543220.0,0.0,84.86
2023,438,241,0,0,2440812.0,0.0,0.0
2023,439,1379,168465,225946,27439.0,0.0,74.56
2023,440,1879,239427,305420,98173.0,0.0,78.39
2023,441,6271,852695,1034334,942711.0,0.0,82.44
2023,443,148,11869,23100,3656.0,0.0,51.38
2023,446,548,57667,85488,550475.0,0.0,67.46
2023,447,2413,284937,376464,44824.0,0.0,75.69
2023,448,1,67,72,0.0,0.0,93.06
2023,455,508,66935,91440,592.0,0.0,73.2
2023,466,505,17008,36360,83723.0,797.0,46.78
2023,469,273,11727,19656,1199.0,0.0,59.66
2023,471,322,9646,23184,26411.0,164.0,41.61
2023,474,4707,741887,917856,3714671.0,3489.0,80.83
2023,475,150,8825,10800,72.0,0.0,81.71
2023,476,967,6529,11674,8784.0,0.0,55.93
2023,477,84,12275,15120,41784.0,0.0,81.18
2023,478,140,16426,25152,1073.0,0.0,65.31
2023,485,25,3119,4500,5180.0,0.0,69.31
2023,486,161,7259,11592,1505.0,281.0,62.62
2023,487,651,25653,46872,121541.0,1332.0,54.73
2023,488,6132,752891,1068636,1507615.0,0.0,70.45
2023,491,299,9420,15768,53252.0,360.0,59.74
2023,492,688,36427,49536,9295.0,92.0,73.54
2023,493,8,225,1296,0.0,0.0,17.36
2023,494,2,471,574,0.0,0.0,82.06
2023,495,338,15329,24336,1115.0,0.0,62.99
2023,496,793,33882,57096,20428.0,54.0,59.34
2023,497,4584,576030,857952,510189.0,117.0,67.14
2023,498,2314,124076,176320,66638.0,787.0,70.37
2023,499,296,37454,53280,53566.0,2.0,70.3
2023,500,1971,218778,310598,854446.0,0.0,70.44
2023,506,8,304,576,0.0,0.0,52.78
2023,507,727,104187,148841,540927.0,14.0,70.0
2023,508,338,15183,28356,30512.0,0.0,53.54
2023,509,605,31070,43560,133766.0,2611.0,71.33
2023,510,314,15872,22608,21573.0,24.0,70.21
2023,511,1305,85763,107016,393572.0,2380.0,80.14
2023,512,221,10223,15912,2066.0,18.0,64.25
2023,513,239,1330,2868,1700.0,0.0,46.37
2023,514,431,2252,5172,3366.0,0.0,43.54
2023,515,3184,468670,604011,3189535.0,20354.0,77.59
2023,516,842,51463,75360,293254.0,2524.0,68.29
2023,518,965,44438,77056,314736.0,2138.0,57.67
2023,519,27,737,1877,93.0,0.0,39.26
2023,521,2200,128211,158400,227110.0,2663.0,80.94
2023,522,242,8574,17424,19633.0,651.0,49.21
2023,524,984,130348,177120,61034.0,0.0,73.59
2023,526,2014,237849,362538,9078.0,0.0,65.61
2023,527,2014,254147,359148,1249.0,0.0,70.76
2023,532,4443,609214,795745,1078178.0,343.0,76.56
2023,535,750,92334,129316,750067.0,0.0,71.4
2023,536,1544,198995,271004,136884.0,0.0,73.43
2023,538,1300,67114,93600,59345.0,607.0,71.7
2023,539,712,36471,51264,1554.0,0.0,71.14
2023,541,339,14677,24408,1345.0,2.0,60.13
2023,543,663,92087,122103,182572.0,1146.0,75.42
2023,544,4,93,288,2.0,0.0,32.29
2023,548,675,29982,48600,2580.0,36.0,61.69
2023,551,462,1786,5604,2626.0,0.0,31.87
2023,553,350,55249,64632,14836.0,0.0,85.48
2023,555,3927,695979,782365,4308675.0,15070.0,88.96
2023,556,1015,57933,73080,48157.0,270.0,79.27
2023,558,685,91072,123300,630907.0,9.0,73.86
2023,560,149,5148,10728,592.0,0.0,47.99
2023,561,148,5796,10656,3612.0,0.0,54.39
2023,562,1393,161879,216818,741676.0,0.0,74.66
2023,563,1,5,72,0.0,0.0,6.94
2023,564,214,8814,15408,3461.0,14.0,57.2
2023,565,85,15538,21335,185271.0,0.0,72.83
2023,568,392,61782,72390,0.0,0.0,85.35
2023,569,632,84206,135828,61060.0,248.0,61.99
2023,570,751,124132,159437,514510.0,1252.0,77.86
2023,572,1614,85899,116298,62570.0,715.0,73.86
2023,573,2222,363682,445330,1913491.0,12334.0,81.67
2023,577,917,47111,69592,42254.0,515.0,67.7
2023,579,534,11690,20444,13231.0,0.0,57.18
2023,580,713,99231,139805,512177.0,626.0,70.98
2023,581,542,21160,39024,51769.0,229.0,54.22
2023,583,2222,308214,400920,2137640.0,2301.0,76.88
2023,584,580,90491,114742,282854.0,1919.0,78.86
2023,585,334,13084,24048,0.0,0.0,54.41
2023,587,212,5899,15264,3931.0,14.0,38.65
2023,588,476,17066,34272,26354.0,297.0,49.8
2023,589,631,32191,45432,1294.0,94.0,70.86
2023,590,2669,149488,192168,120688.0,886.0,77.79
2023,593,825,51976,59400,8837.0,100.0,87.5
2023,595,58,267,696,65.0,0.0,38.36
2023,599,264,8244,19008,643.0,0.0,43.37
2023,606,69,181,828,169.0,0.0,21.86
2023,611,464,67372,83520,16267.0,0.0,80.67
2023,613,1363,192860,222314,551460.0,21.0,86.75
2023,616,1448,198556,232617,676275.0,36.0,85.36
2023,618,6,230,432,21.0,0.0,53.24
2023,622,2076,151547,184512,247524.0,2557.0,82.13
2023,623,1162,93430,106656,174836.0,1503.0,87.6
2023,625,419,55149,77502,0.0,0.0,71.16
2023,630,8,292,576,241.0,0.0,50.69
2023,631,1439,208399,284153,1042236.0,66.0,73.34
2023,636,1386,217223,276930,986568.0,2606.0,78.44
2023,642,640,89391,121272,123266.0,5.0,73.71
2023,644,344,45970,61920,18253.0,0.0,74.24
2023,646,39,1213,2808,0.0,0.0,43.2
2023,648,2612,382631,515838,2330947.0,781.0,74.18
2023,649,322,14109,23184,224.0,0.0,60.86
2023,650,236,23820,34476,39770.0,0.0,69.09
2023,651,328,13213,23616,626.0,77.0,55.95
2023,653,2150,351166,399780,1894710.0,4504.0,87.84
2023,656,728,106141,131436,477663.0,250.0,80.75
2023,661,158,5436,11376,7998.0,0.0,47.78
2023,662,310,0,0,3727968.0,0.0,0.0
2023,663,4720,679021,865883,6597381.0,0.0,78.42
2023,665,697,72542,117642,663213.0,0.0,61.66
2023,666,1554,200337,275136,3044.0,0.0,72.81
2023,669,615,28710,44280,247734.0,2362.0,64.84
2023,674,2780,403380,511253,1966627.0,1998.0,78.9
2023,675,189,7117,9012,35.0,0.0,78.97
2023,678,827,131361,167735,930018.0,3883.0,78.31
2023,681,633,91246,135133,721176.0,3503.0,67.52
2023,683,9042,1407179,1727267,9574765.0,43339.0,81.47
2023,686,1983,306807,365678,1885129.0,913.0,83.9
2023,688,32,49,384,34.0,0.0,12.76
2023,691,276,37537,58144,107688.0,0.0,64.56
2023,693,383,13924,27576,45.0,0.0,50.49
2023,694,2582,385010,482616,2086667.0,736.0,79.78
2023,697,2369,363257,491041,1971023.0,417.0,73.98
2024,2,806,48404,58032,16931.0,0.0,83.41
2024,4,2589,368629,424992,2381211.0,0.0,86.74
2024,5,64,6887,11520,8085.0,34.0,59.78
2024,10,2009,288598,364248,967733.0,7001.0,79.23
2024,13,218,27439,39240,10064.0,135.0,69.93
2024,14,553,76606,99540,466063.0,11949.0,76.96
2024,15,279,11094,20088,1999.0,0.0,55.23
2024,17,1360,247468,293847,19119.0,0.0,84.22
2024,19,424,113107,139268,2370432.0,529.0,81.22
2024,21,2112,285096,354296,4151338.0,0.0,80.47
2024,22,205,9997,14760,53517.0,0.0,67.73
2024,26,351,13017,16800,3994.0,0.0,77.48
2024,27,230,8224,11012,0.0,0.0,74.68
2024,28,712,89253,110687,309207.0,12.0,80.64
2024,29,36,1428,3420,0.0,0.0,41.75
2024,30,317,13494,22824,33625.0,0.0,59.12
2024,32,319,11764,15268,80.0,0.0,77.05
2024,33,588,49939,85545,141733.0,2.0,58.38
2024,34,213,5035,10192,270.0,0.0,49.4
2024,35,502,73230,97348,559598.0,350.0,75.22
2024,36,622,34201,44784,165080.0,0.0,76.37
2024,37,586,28088,42192,10049.0,0.0,66.57
2024,38,1286,185254,236183,1860962.0,3481.0,78.44
2024,39,210,54544,65901,1420551.0,0.0,82.77
2024,43,686,40337,49392,154698.0,0.0,81.67
2024,44,1158,329111,361783,11246404.0,19575.0,90.97
2024,45,216,60436,62744,1093425.0,4169.0,96.32
2024,48,2056,120688,147292,81310.0,0.0,81.94
2024,49,611,30348,43992,2690.0,0.0,68.99
2024,50,8629,1298016,1540532,12727566.0,45421.0,84.26
2024,52,992,156367,203900,120958.0,192.0,76.69
2024,53,716,40550,51552,427.0,0.0,78.66
2024,55,405,18623,29160,69067.0,0.0,63.86
2024,59,2,262,324,0.0,0.0,80.86
2024,62,1774,273400,355512,2448693.0,64.0,76.9
2024,63,6139,920929,1165262,7529971.0,31691.0,79.03
2024,64,371,53491,76565,32257.0,67.0,69.86
2024,65,942,152489,202400,276914.0,8.0,75.34
2024,70,186,378,2232,4203.0,0.0,16.94
2024,73,180,311,2160,3865.0,0.0,14.4
2024,88,2903,153774,206608,511993.0,0.0,74.43
2024,89,580,73045,90492,603570.0,0.0,80.72
2024,92,912,117248,146560,254198.0,176.0,80.0
2024,93,1,62,72,0.0,0.0,86.11
2024,94,76,7752,11856,5270.0,0.0,65.38
2024,95,1187,159449,214624,721395.0,3.0,74.29
2024,98,1,150,162,0.0,0.0,92.59
2024,99,629,93052,123605,527331.0,4.0,75.28
2024,100,1,28,48,0.0,0.0,58.33
2024,101,546,32597,39312,72605.0,0.0,82.92
2024,102,544,27466,39168,42180.0,0.0,70.12
2024,103,1,99,162,0.0,0.0,61.11
2024,104,296,38623,53280,114214.0,0.0,72.49
2024,105,126,15991,22680,2906.0,0.0,70.51
2024,106,92,8377,16560,0.0,0.0,50.59
2024,107,2575,441738,680163,12396114.0,112724.0,64.95
2024,108,867,206910,256388,1413901.0,1852.0,80.7
2024,109,10,854,1800,399.0,8.0,47.44
2024,110,3765,576226,709750,1766427.0,15693.0,81.19
2024,115,553,91750,102927,0.0,0.0,89.14
2024,116,711,41747,51192,45448.0,0.0,81.55
2024,118,2,119,144,29.0,0.0,82.64
2024,119,1234,71366,88448,39834.0,0.0,80.69
2024,120,165,5839,11880,2148.0,0.0,49.15
2024,121,2365,455794,502787,635910.0,0.0,90.65
2024,122,682,113515,126542,22835.0,0.0,89.71
2024,123,251,36937,52137,138458.0,0.0,70.85
2024,124,11,0,0,62368.0,0.0,0.0
2024,125,11523,1759480,2088549,17291698.0,43442.0,84.24
2024,126,66,7643,11880,11182.0,0.0,64.34
2024,127,1434,228533,280972,981315.0,4.0,81.34
2024,128,324,18462,23328,14.0,0.0,79.14
2024,129,572,46935,62090,3562523.0,0.0,75.59
2024,133,706,92594,127080,855240.0,4432.0,72.86
2024,134,79,11438,17081,7218.0,0.0,66.96
2024,135,274,40753,49542,50851.0,0.0,82.26
2024,136,291,13860,20952,4060.0,0.0,66.15
2024,137,141,21607,30263,5209.0,0.0,71.4
2024,138,407,53347,73260,383244.0,4365.0,72.82
2024,140,128,5985,9216,241.0,0.0,64.94
2024,143,290,12252,20880,5220.0,0.0,58.68
2024,144,342,17053,24714,4419.0,0.0,69.0
2024,145,612,86624,105119,189507.0,1143.0,82.41
2024,146,596,41879,53116,2223113.0,0.0,78.84
2024,147,310,37943,55800,140275.0,708.0,68.0
2024,148,911,146832,190773,703567.0,16.0,76.97
2024,149,6672,997189,1240705,5384764.0,77765.0,80.37
2024,150,132,4180,9504,4185.0,0.0,43.98
2024,151,2618,411464,471240,2883014.0,24272.0,87.32
2024,152,202,9833,14140,0.0,0.0,69.54
2024,153,3305,529316,611658,2750578.0,19278.0,86.54
2024,154,3078,455346,570902,3376907.0,38795.0,79.76
2024,155,10,1106,1800,183.0,63.0,61.44
2024,156,9502,1376419,1661071,17733673.0,80713.0,82.86
2024,157,245,34831,44100,32370.0,108.0,78.98
2024,158,256,33035,46080,18629.0,0.0,71.69
2024,161,78,5581,13632,71115.0,0.0,40.94
2024,164,3349,570392,669348,3157450.0,6973.0,85.22
2024,165,389,43666,65106,66845.0,0.0,67.07
2024,166,323,14591,23256,671.0,0.0,62.74
2024,167,6,557,1080,6494.0,0.0,51.57
2024,169,827,50336,69132,153203.0,0.0,72.81
2024,170,1902,303141,376763,567096.0,29.0,80.46
2024,171,1,178,189,0.0,0.0,94.18
2024,172,132,15532,23760,21984.0,629.0,65.37
2024,173,2283,377303,454323,503544.0,869.0,83.05
2024,174,1742,264431,343419,1184897.0,0.0,77.0
2024,175,586,96094,110936,255867.0,34.0,86.62
2024,177,512,72439,92160,623320.0,9637.0,78.6
2024,178,2103,363824,426392,3630983.0,7204.0,85.33
2024,179,98,5046,7056,0.0,0.0,71.51
2024,181,120,17264,21600,17461.0,44.0,79.93
2024,184,668,103789,120240,641891.0,10844.0,86.32
2024,185,1,109,162,1087.0,0.0,67.28
2024,186,3214,445540,537644,5090397.0,21003.0,82.87
2024,187,1351,184407,260782,1245612.0,3484.0,70.71
2024,188,1218,162975,219916,12110.0,0.0,74.11
2024,189,390,38434,50778,357462.0,0.0,75.69
2024,190,105,3654,7560,755.0,0.0,48.33
2024,191,299,28220,36030,3811.0,0.0,78.32
2024,195,16,309,1152,0.0,0.0,26.82
2024,196,1148,68204,82764,132672.0,0.0,82.41
2024,198,650,76113,101400,124697.0,1160.0,75.06
2024,200,471,58399,71066,138546.0,0.0,82.18
2024,201,1081,149759,188884,158074.0,2417.0,79.29
2024,203,35,1235,2520,126.0,0.0,49.01
2024,206,214,43920,66126,1275494.0,0.0,66.42
2024,207,2572,375284,500552,8417121.0,521.0,74.97
2024,208,989,178089,198124,1244454.0,0.0,89.89
2024,209,536,89292,99037,4177.0,27726.0,90.16
2024,210,76,5793,12324,0.0,0.0,47.01
2024,211,500,72388,93410,1146552.0,0.0,77.49
2024,213,148,18546,26640,4513.0,0.0,69.62
2024,214,6382,935036,1110896,3575242.0,19987.0,84.17
2024,215,2140,283413,346734,3300315.0,0.0,81.74
2024,216,4085,584735,722819,2822954.0,0.0,80.9
2024,217,2693,789507,909437,20578810.0,28889.0,86.81
2024,218,29328,4723010,5458787,24579674.0,123177.0,86.52
2024,219,2499,398290,438048,2777552.0,13193.0,90.92
2024,220,99,0,0,5878171.0,0.0,0.0
2024,221,1407,454264,531607,15490645.0,371406.0,85.45
2024,223,613,89054,108340,317613.0,2.0,82.2
2024,225,1019,131996,161002,2013448.0,0.0,81.98
2024,227,645,87289,107854,1120687.0,0.0,80.93
2024,229,3069,644053,826084,32611830.0,87205.0,77.96
2024,230,1968,387459,507952,13065637.0,3527.0,76.28
2024,231,2004,464955,569478,16342109.0,337740.0,81.65
2024,232,900,270277,293771,9189042.0,80244.0,92.0
2024,233,3241,1143776,1385222,12424047.0,105803.0,82.57
2024,234,1276,151007,209060,227876.0,0.0,72.23
2024,236,584,79468,105120,124406.0,0.0,75.6
2024,237,2328,334862,397102,4090330.0,223.0,84.33
2024,240,144,19536,22464,4112.0,0.0,86.97
2024,241,18194,2962631,3389697,38913954.0,287014.0,87.4
2024,242,1590,211363,267548,2774489.0,0.0,79.0
2024,243,19278,2703041,3417042,13189913.0,61924.0,79.1
2024,244,28,3937,4536,0.0,0.0,86.79
2024,245,2256,293297,375488,1213365.0,0.0,78.11
2024,246,752,99677,117280,15011.0,0.0,84.99
2024,247,5834,896619,1011266,8720340.0,37391.0,88.66
2024,250,730,161906,205857,5129910.0,0.0,78.65
2024,251,4278,586525,697408,6828169.0,0.0,84.1
2024,252,832,276400,368969,1060882.0,145.0,74.91
2024,253,696,134328,189106,4711562.0,5961.0,71.03
2024,254,309,34781,46761,285904.0,0.0,74.38
2024,256,1907,247050,318638,263704.0,0.0,77.53
2024,257,1529,206979,300949,3389986.0,0.0,68.78
2024,260,156,16553,29464,0.0,0.0,56.18
2024,261,1914,300156,409325,15301887.0,669622.0,73.33
2024,262,10047,1478190,1780412,9696148.0,93041.0,83.03
2024,263,366,84287,149125,2777103.0,0.0,56.52
2024,264,2689,375643,438995,1928340.0,0.0,85.57
2024,265,815,96491,134542,13304.0,0.0,71.72
2024,266,5618,839912,1019058,6015379.0,12089.0,82.42
2024,267,1811,200310,264556,471548.0,0.0,75.72
2024,268,10074,1488254,1764340,15375853.0,49536.0,84.35
2024,269,2997,447487,534517,5963681.0,1383.0,83.72
2024,270,10018,1558892,1780482,3840763.0,56503.0,87.55
2024,271,2273,318363,378186,4942819.0,0.0,84.18
2024,272,324,42563,58320,55385.0,0.0,72.98
2024,273,10753,1563850,1904892,16147953.0,45711.0,82.1
2024,274,1094,227843,270138,14115755.0,15300.0,84.34
2024,276,1592,206276,260301,6648812.0,2079.0,79.25
2024,277,21614,3331178,4065871,67955961.0,70459.0,81.93
2024,278,523,49813,63060,455731.0,0.0,78.99
2024,279,4848,644866,798468,3828242.0,8695.0,80.76
2024,280,2079,265465,343302,2711757.0,326.0,77.33
2024,281,7673,1069260,1238900,7243028.0,0.0,86.31
2024,283,21099,2982660,3598013,17525594.0,38593.0,82.9
2024,284,1155,234202,313201,6613885.0,53681.0,74.78
2024,285,395,26358,49990,1118034.0,0.0,52.73
2024,286,729,120357,145800,1333236.0,0.0,82.55
2024,287,158,20940,39487,545138.0,19510.0,53.03
2024,288,406,42192,64148,36241.0,0.0,65.77
2024,290,2656,385134,460866,3562025.0,1298.0,83.57
2024,291,6304,1037874,1185255,1597436.0,7941.0,87.57
2024,292,2107,254786,349985,4752092.0,0.0,72.8
2024,293,1991,381809,561638,28295212.0,59269.0,67.98
2024,294,720,104836,114344,1185634.0,0.0,91.68
2024,295,1519,215638,247979,2743121.0,109.0,86.96
2024,296,17900,2658549,3199512,35228086.0,82205.0,83.09
2024,299,1717,265118,292543,1072291.0,0.0,90.63
2024,300,9742,1356579,1607632,4939779.0,0.0,84.38
2024,302,614,1318,7368,17011.0,0.0,17.89
2024,304,500,77990,92476,21.0,0.0,84.34
2024,311,721,160639,191607,224923.0,482.0,83.84
2024,313,686,58102,73278,201488.0,0.0,79.29
2024,317,1458,139187,246336,295211.0,0.0,56.5
2024,320,58,7023,10440,15779.0,0.0,67.27
2024,323,2,291,324,0.0,0.0,89.81
2024,325,72,10123,12960,1078.0,115.0,78.11
2024,327,1425,201721,269330,1977992.0,550.0,74.9
2024,328,437,63393,89853,354834.0,1769.0,70.55
2024,329,904,55596,67640,215624.0,0.0,82.19
2024,330,2165,31325,44932,4147981.0,0.0,69.72
2024,331,550,89071,117728,314227.0,609.0,75.66
2024,333,1931,292829,360092,3133716.0,2248.0,81.32
2024,334,678,15234,24676,44617.0,0.0,61.74
2024,335,1766,267159,330845,2086882.0,7333.0,80.75
2024,336,14084,301199,376822,85295330.0,0.0,79.93
2024,337,363,12922,16348,20893.0,0.0,79.04
2024,338,2340,318271,407556,245453.0,0.0,78.09
2024,339,1182,170061,212760,324582.0,0.0,79.93
2024,340,206,10190,14832,149047.0,0.0,68.7
2024,341,2184,702211,772458,15180001.0,60.0,90.91
2024,342,110,11407,27940,33489.0,7.0,40.83
2024,343,5,882,1003,7403.0,0.0,87.94
2024,344,460,81330,93288,143.0,0.0,87.18
2024,345,1384,678298,737125,4419637.0,1103014.0,92.02
2024,346,106,16723,19480,0.0,0.0,85.85
2024,347,1092,179044,251200,316452.0,0.0,71.28
2024,349,1532,397546,473472,9578866.0,0.0,83.96
2024,350,130,19164,23400,5469.0,0.0,81.9
2024,351,2182,309459,363278,1302314.0,0.0,85.19
2024,353,1902,436733,521334,2549027.0,8216.0,83.77
2024,354,558,172243,179864,3277073.0,77577.0,95.76
2024,358,1316,189836,236880,1376764.0,20385.0,80.14
2024,360,31,4834,6559,28767.0,0.0,73.7
2024,361,1089,175980,231240,873985.0,240.0,76.1
2024,362,10814,1796779,2231667,1414281.0,289.0,80.51
2024,363,3619,504090,603886,456686.0,0.0,83.47
2024,364,3883,292884,351201,97883.0,0.0,83.39
2024,365,370,43567,69033,115643.0,0.0,63.11
2024,366,5285,1016402,1159153,5483443.0,13588.0,87.68
2024,368,1731,302409,373060,935093.0,0.0,81.06
2024,371,648,127137,163092,2109744.0,0.0,77.95
2024,372,486,71994,85584,0.0,0.0,84.12
2024,375,7232,1052392,1320622,2244093.0,0.0,79.69
2024,377,20,2026,3832,545.0,0.0,52.87
2024,378,34,4491,6120,30019.0,0.0,73.38
2024,379,28,503,5040,845.0,0.0,9.98
2024,380,72,11309,15840,0.0,0.0,71.4
2024,381,1410,283097,336886,5873687.0,0.0,84.03
2024,382,2017,329116,457680,1287390.0,0.0,71.91
2024,383,13125,2742281,3308297,5983780.0,13358.0,82.89
2024,384,1295,198365,275835,280058.0,191.0,71.91
2024,385,232,26614,37584,83279.0,0.0,70.81
2024,386,834,126681,179189,237860.0,460.0,70.7
2024,387,8432,1404534,1585660,1782733.0,79344.0,88.58
2024,388,87,25027,27492,48844.0,0.0,91.03
2024,389,382,20753,27504,3727.0,0.0,75.45
2024,390,4229,891488,996606,7397315.0,273531.0,89.45
2024,391,267,34851,44812,241418.0,600.0,77.77
2024,393,242,28817,43560,96631.0,0.0,66.15
2024,394,1950,139945,172734,294819.0,0.0,81.02
2024,395,1465,392616,454692,11959739.0,71054.0,86.35
2024,396,3605,510574,696281,4074817.0,4734.0,73.33
2024,397,710,33104,51120,162814.0,0.0,64.76
2024,400,728,121389,131908,86686.0,0.0,92.03
2024,401,2838,447069,568212,717813.0,717.0,78.68
2024,402,428,62613,77040,322430.0,0.0,81.27
2024,408,1063,63164,76536,238730.0,0.0,82.53
2024,409,630,40547,45360,31146.0,0.0,89.39
2024,411,335,8168,12308,17906.0,0.0,66.36
2024,412,412,20840,29664,18732.0,0.0,70.25
2024,414,130,6440,9360,467.0,0.0,68.8
2024,415,758,39356,54576,61679.0,0.0,72.11
2024,416,804,41079,57584,49184.0,0.0,71.34
2024,417,132,26932,28380,600.0,26980.0,94.9
2024,419,2845,174859,203924,450923.0,0.0,85.75
2024,421,4,556,648,0.0,0.0,85.8
2024,424,1293,200263,258153,1494058.0,4965.0,77.58
2024,427,725,181393,208841,5470534.0,0.0,86.86
2024,428,2187,118236,153090,21028.0,0.0,77.23
2024,429,1587,230643,262628,2068858.0,0.0,87.82
2024,432,1920,262420,315856,51254.0,0.0,83.08
2024,433,653,97218,114750,281602.0,0.0,84.72
2024,435,1566,203801,255544,843888.0,0.0,79.75
2024,436,3365,482724,549836,1061705.0,0.0,87.79
2024,438,246,0,0,2872246.0,0.0,0.0
2024,439,1375,172916,223716,98009.0,0.0,77.29
2024,440,1540,203118,249006,713501.0,0.0,81.57
2024,441,6674,936445,1101814,1900398.0,0.0,84.99
2024,447,1894,245426,302952,122081.0,0.0,81.01
2024,450,59,16240,23922,12428.0,12298.0,67.89
2024,451,1,379,393,0.0,0.0,96.44
2024,453,1,390,436,0.0,400.0,89.45
2024,454,48,20231,20932,1746.0,33620.0,96.65
2024,455,532,75938,95760,59064.0,0.0,79.3
2024,469,170,5720,12240,132.0,0.0,46.73
2024,470,14,354,1008,0.0,0.0,35.12
2024,473,360,52207,68664,339251.0,100.0,76.03
2024,474,4541,732868,863006,4040126.0,5146.0,84.92
2024,475,16,577,1152,84.0,0.0,50.09
2024,476,1422,17720,33732,87771.0,6.0,52.53
2024,477,403,56068,72540,285805.0,6243.0,77.29
2024,478,309,39649,55020,138.0,0.0,72.06
2024,483,56,4334,6272,0.0,0.0,69.1
2024,486,138,6748,9936,7911.0,0.0,67.91
2024,487,579,24991,41688,122901.0,0.0,59.95
2024,488,7231,964287,1261838,1880662.0,0.0,76.42
2024,491,379,9965,17208,49791.0,0.0,57.91
2024,492,440,22664,31680,6600.0,0.0,71.54
2024,494,37,9734,15052,0.0,0.0,64.67
2024,495,115,4328,8280,229.0,0.0,52.27
2024,496,749,94244,130049,212038.0,1337.0,72.47
2024,497,4298,637150,813709,307299.0,257.0,78.3
2024,498,1403,127309,158164,187249.0,4183.0,80.49
2024,499,718,100846,129240,368191.0,4572.0,78.03
2024,500,2327,270029,365153,1209373.0,0.0,73.95
2024,502,1,360,363,0.0,0.0,99.17
2024,503,42,5208,7560,25301.0,0.0,68.89
2024,504,126,18788,22680,151700.0,215.0,82.84
2024,505,46,5504,8280,17186.0,0.0,66.47
2024,507,648,97760,138904,554003.0,72.0,70.38
2024,509,651,37812,46872,82111.0,0.0,80.67
2024,510,269,12819,19368,13888.0,0.0,66.19
2024,511,558,40611,47718,208522.0,0.0,85.11
2024,512,238,12175,17136,4262.0,0.0,71.05
2024,513,331,1299,5652,5776.0,2.0,22.98
2024,514,585,1257,7020,10418.0,13.0,17.91
2024,515,2462,395929,496822,3447824.0,26275.0,79.69
2024,516,498,44507,54724,237060.0,0.0,81.33
2024,517,270,34403,55189,46249.0,650.0,62.34
2024,518,500,25521,36000,164869.0,0.0,70.89
2024,521,2037,126397,146664,149834.0,0.0,86.18
2024,522,65,2365,4680,3731.0,0.0,50.53
2024,523,16,2011,2880,0.0,0.0,69.83
2024,524,1434,204571,254694,98570.0,119.0,80.32
2024,525,362,46426,58644,49349.0,0.0,79.17
2024,526,2581,371856,465864,156558.0,406.0,79.82
2024,527,2816,409654,504656,140048.0,211.0,81.17
2024,532,5596,814211,986652,1667659.0,14264.0,82.52
2024,535,658,97986,117096,175893.0,0.0,83.68
2024,536,1586,232864,283046,75742.0,0.0,82.27
2024,538,1073,63523,77256,59362.0,0.0,82.22
2024,539,727,40349,52344,528.0,0.0,77.08
2024,541,127,4976,9144,1518.0,0.0,54.42
2024,543,581,81919,104484,265346.0,5150.0,78.4
2024,548,710,35915,51120,1933.0,0.0,70.26
2024,551,548,1172,6576,11828.0,0.0,17.82
2024,553,416,65293,74892,12210.0,0.0,87.18
2024,554,38,3393,6840,4826.0,0.0,49.61
2024,555,3444,597772,681188,2429932.0,21013.0,87.75
2024,556,716,39504,51552,49065.0,0.0,76.63
2024,557,218,28986,44374,20869.0,0.0,65.32
2024,558,628,95356,113040,492240.0,5204.0,84.36
2024,560,20,528,1440,5.0,0.0,36.67
2024,561,28,1025,2016,6.0,0.0,50.84
2024,562,1332,173334,209378,646935.0,0.0,82.79
2024,564,38,1625,2736,63.0,0.0,59.39
2024,565,81,13166,20331,220942.0,0.0,64.76
2024,568,392,62538,70968,0.0,0.0,88.12
2024,569,804,96718,140890,93952.0,154.0,68.65
2024,570,739,118979,150071,682454.0,126.0,79.28
2024,572,1597,91316,115281,88075.0,0.0,79.21
2024,573,2217,324366,427956,1565083.0,10735.0,75.79
2024,577,344,41789,54800,134895.0,0.0,76.26
2024,578,23,0,0,161000.0,0.0,0.0
2024,579,640,12733,22820,44685.0,0.0,55.8
2024,580,463,73189,95749,348562.0,154.0,76.44
2024,581,456,18917,32832,58870.0,0.0,57.62
2024,583,1473,224838,273692,1647305.0,614.0,82.15
2024,584,829,120582,153617,489036.0,683.0,78.5
2024,586,1,117,162,0.0,0.0,72.22
2024,587,38,1150,2736,197.0,0.0,42.03
2024,588,22,538,1584,860.0,0.0,33.96
2024,589,718,41618,51696,1671.0,0.0,80.51
2024,590,2849,158114,205128,128331.0,50.0,77.08
2024,592,42,3586,5460,3072.0,0.0,65.68
2024,593,1392,90590,100224,52039.0,0.0,90.39
2024,595,17,0,204,0.0,0.0,0.0
2024,599,96,3910,6912,29.0,0.0,56.57
2024,606,85,94,1020,1108.0,0.0,9.22
2024,608,2,102,360,110.0,0.0,28.33
2024,609,23,1936,4425,1567.0,2.0,43.75
2024,610,52,6670,9360,1659.0,0.0,71.26
2024,611,446,67001,80280,8572.0,0.0,83.46
2024,613,918,150591,166101,546309.0,1045.0,90.66
2024,615,2,170,360,0.0,0.0,47.22
2024,616,1028,149682,178385,655350.0,159.0,83.91
2024,617,68,8330,12240,1715.0,88.0,68.06
2024,622,1340,145115,169840,215725.0,0.0,85.44
2024,623,1073,115068,148398,171034.0,0.0,77.54
2024,625,514,55500,88672,0.0,0.0,62.59
2024,627,6,473,1080,2885.0,0.0,43.8
2024,628,355,50279,71827,189387.0,0.0,70.0
2024,631,1345,192583,265865,892986.0,7.0,72.44
2024,635,382,55241,79530,326256.0,0.0,69.46
2024,636,1168,195592,242618,1409632.0,3361.0,80.62
2024,637,46,6655,8280,35064.0,0.0,80.37
2024,641,20,1726,3600,389.0,0.0,47.94
2024,642,443,72288,87211,245718.0,0.0,82.89
2024,644,712,102015,128160,76983.0,1124.0,79.6
2024,645,213,27747,38340,270724.0,2425.0,72.37
2024,646,71,2569,5112,236.0,0.0,50.25
2024,647,14,395,1008,1.0,0.0,39.19
2024,648,2351,374162,462213,2620318.0,1749.0,80.95
2024,649,185,8648,13320,205.0,0.0,64.92
2024,650,72,7615,8660,1072.0,0.0,87.93
2024,651,234,9705,16848,1124.0,0.0,57.6
2024,652,26,3624,4680,13354.0,0.0,77.44
2024,653,1921,300174,357050,2104027.0,8697.0,84.07
2024,655,6,765,1080,1447.0,0.0,70.83
2024,656,745,117919,134100,956257.0,14026.0,87.93
2024,659,1,43,251,0.0,0.0,17.13
2024,662,308,0,0,3846520.0,0.0,0.0
2024,663,4258,708759,812502,8704594.0,0.0,87.23
2024,665,344,49603,56684,6046.0,0.0,87.51
2024,666,1018,157417,183740,1397.0,0.0,85.67
2024,668,36,3001,4470,1119.0,0.0,67.14
2024,669,299,19486,26596,110114.0,0.0,73.27
2024,670,1,86,161,1448.0,0.0,53.42
2024,673,465,30844,57316,18379.0,0.0,53.81
2024,674,1731,255714,330161,1367301.0,2499.0,77.45
2024,675,211,8257,10096,0.0,0.0,81.78
2024,676,1,162,162,1970.0,0.0,100.0
2024,677,301,0,0,1607114.0,0.0,0.0
2024,678,663,108625,141295,959568.0,2805.0,76.88
2024,681,736,117233,157772,1042722.0,3803.0,74.31
2024,682,390,57481,73814,274079.0,0.0,77.87
2024,683,7493,1132719,1438567,11213184.0,42255.0,78.74
2024,686,1775,275463,332653,2153631.0,4022.0,82.81
2024,687,817,170,576,6147385.0,0.0,29.51
2024,688,16,0,192,0.0,0.0,0.0
2024,689,96,13846,20640,451.0,0.0,67.08
2024,693,218,8276,15696,35.0,0.0,52.73
2024,694,2144,330964,395415,2647880.0,10473.0,83.7
2024,695,2,273,324,9595.0,0.0,84.26
2024,696,18,1223,3240,559.0,0.0,37.75
2024,697,1852,317345,391264,1928656.0,202.0,81.11
