waktu_id,maskapai_id,kategori_rute,aircraft_km,aircraft_departure,aircraft_hours,passenger_carried,freight_carried,passenger_km,available_seat_km,passenger_load_factor,ton_km_passenger,ton_km_freight,ton_km_mail,ton_km_total,available_ton_km,weight_load_factor
2020,49,DOMESTIK,289.0,1661.0,1221.4333333333334,3740.0,11.0,705.0,3474.0,20.28,54.0,2.0,0.0,56.0,318.0,17.68
2021,49,DOMESTIK,276.0,1768.0,1310.5166666666667,9463.0,39.0,1528.0,3314.0,46.11,119.0,7.0,0.0,126.0,304.0,41.45
2022,49,DOMESTIK,383.0,2100.0,1707.6333333333334,12429.0,20.0,2342.0,4740.0,49.41,184.0,1.0,0.0,185.0,420.0,44.05
2023,49,DOMESTIK,528.0,2920.0,2456.9,15592.0,24.0,2808.0,6345.0,44.26,217.0,5.0,0.0,222.0,581.0,38.21
2024,49,DOMESTIK,641.0,3605.0,2938.0833333333335,8498.0,93.0,1488.0,8425.0,17.66,87.0,1.0,0.0,88.0,706.0,12.46
2020,50,DOMESTIK,67540.0,58027.0,91226.86666666667,6123017.0,45149.0,7192288.0,10794070.0,66.63,565589.0,59891.0,728.0,626207.0,1178205.0,53.15
2021,50,DOMESTIK,71032.0,59326.0,108214.15,7260547.0,52852.0,8681206.0,11358612.0,76.43,692400.0,71785.0,5389.0,769574.0,1240985.0,62.01
2022,50,DOMESTIK,86155.0,77432.0,150339.5,9882953.0,50980.0,10920223.0,13646381.0,80.02,854735.0,69654.0,1479.0,925868.0,1481387.0,62.5
2023,50,DOMESTIK,101341.0,85507.0,167383.35,10735964.0,66670.0,12739641.0,16060453.0,79.32,993078.0,99420.0,0.0,1092498.0,1740759.0,62.76
2024,50,DOMESTIK,84310.0,74619.0,140325.06666666668,9692694.0,67714.0,11033261.0,13306839.0,82.91,859818.0,97119.0,0.0,956937.0,1426098.0,67.1
2024,51,DOMESTIK,209.0,367.0,670.15,34423.0,204.0,19839.0,39921.0,49.7,1405.0,112.0,0.0,1517.0,3899.0,39.0
2020,52,DOMESTIK,345.0,241.0,473.56666666666666,0.0,2162.0,0.0,0.0,0.0,0.0,3028.0,0.0,3028.0,6255.0,48.4
2021,52,DOMESTIK,1045.0,910.0,1607.0666666666666,0.0,7819.0,0.0,0.0,0.0,0.0,8247.0,0.0,8247.0,19338.0,42.65
2022,52,DOMESTIK,1466.0,976.0,2104.516666666667,0.0,8674.0,0.0,0.0,0.0,0.0,13511.0,0.0,13511.0,27458.0,49.21
2023,52,DOMESTIK,49.0,32.0,68.91666666666667,0.0,219.0,0.0,0.0,0.0,0.0,364.0,0.0,364.0,907.0,40.13
2020,53,DOMESTIK,54602.0,65467.0,104860.1,5421720.0,57849.0,4670571.0,9805988.0,47.63,431031.0,58330.0,0.0,489361.0,1195305.0,40.94
2021,53,DOMESTIK,70260.0,79502.0,137001.85,7524408.0,87858.0,6933346.0,10973158.0,63.18,624001.0,89482.0,0.0,713483.0,1503666.0,47.45
2022,53,DOMESTIK,60170.0,68596.0,121235.5,9159775.0,69224.0,8158958.0,10419270.0,78.31,734307.0,69512.0,0.0,803819.0,1287441.0,62.44
2023,53,DOMESTIK,69056.0,83171.0,143364.1,11228261.0,63719.0,9706456.0,12116734.0,80.11,935716.0,63009.0,0.0,998725.0,1466953.0,68.08
2024,53,DOMESTIK,72006.0,84779.0,148048.23333333334,11778454.0,83622.0,10283456.0,12730027.0,80.78,997495.0,85994.0,0.0,1083489.0,1550218.0,69.89
2020,56,DOMESTIK,61804.0,65485.0,114282.81666666667,4619487.0,115598.0,4379314.0,10006693.0,43.76,398518.0,132107.0,7988.0,538612.0,1235813.0,43.58
2021,56,DOMESTIK,81668.0,43098.0,85859.16666666667,3490812.0,95726.0,7057706.0,14789319.0,47.72,635193.0,191366.0,0.0,826559.0,1871121.0,44.17
2022,56,DOMESTIK,69002.0,33955.0,67334.41666666667,4646651.0,69293.0,9692687.0,12121203.0,79.96,872341.0,143549.0,0.0,1015890.0,1494386.0,67.98
2023,56,DOMESTIK,95822.0,47166.0,92971.66666666667,6314490.0,71634.0,13029095.0,16643724.0,78.28,925066.0,147162.0,0.0,1072228.0,1974871.0,54.29
2024,56,DOMESTIK,124278.0,60736.0,121060.03333333334,8665055.0,100226.0,18085561.0,21476363.0,84.21,1288466.0,214967.0,0.0,1503433.0,2480801.0,60.6
2020,57,DOMESTIK,8127.0,9674.0,15552.116666666667,1113480.0,7060.0,937058.0,1462864.0,64.06,84335.0,7445.0,0.0,91780.0,134909.0,68.03
2021,57,DOMESTIK,5838.0,5596.0,10267.416666666666,637453.0,6197.0,683196.0,1050831.0,65.01,61488.0,7126.0,0.0,68614.0,96910.0,70.8
2022,57,DOMESTIK,12419.0,12676.0,22154.083333333332,1676437.0,10704.0,1652465.0,2235372.0,73.92,148719.0,12863.0,0.0,161582.0,206153.0,78.38
2023,57,DOMESTIK,11555.0,13246.0,21125.083333333332,2017452.0,6990.0,1753342.0,2079894.0,84.3,131459.0,7969.0,0.0,139429.0,196477.0,70.96
2024,57,DOMESTIK,9803.0,11314.0,17704.666666666668,1796152.0,6118.0,1563540.0,1764542.0,88.61,117250.0,6494.0,0.0,123744.0,164749.0,75.0
2020,59,DOMESTIK,82071.0,88742.0,154305.9,12516590.0,75941.0,11362683.0,16870559.0,67.35,806751.0,77627.0,1367.0,885745.0,1738787.0,50.94
2021,59,DOMESTIK,63146.0,66371.0,108375.46666666666,9893130.0,55080.0,9371102.0,12998517.0,72.09,665348.0,56063.0,481.0,721892.0,1323362.0,54.55
2022,59,DOMESTIK,113102.0,115448.0,195594.83333333334,18731962.0,80391.0,18296150.0,23270598.0,78.62,1299025.0,83925.0,698.0,1383648.0,2382187.0,58.08
2023,59,DOMESTIK,106266.0,109769.0,186152.86666666667,18287883.0,87441.0,17640978.0,21995634.0,80.2,1252512.0,93203.0,692.0,1346407.0,2258612.0,59.61
2024,59,DOMESTIK,91685.0,92749.0,157652.06666666668,15684878.0,94419.0,15461262.0,19212177.0,80.48,1091315.0,103246.0,608.0,1195169.0,1977847.0,60.43
2020,60,DOMESTIK,589.0,2071.0,937.05,0.0,20319.0,0.0,0.0,0.0,0.0,5413.0,0.0,5413.0,8333.0,64.96
2021,60,DOMESTIK,899.0,3149.0,2121.616666666667,0.0,20271.0,0.0,0.0,0.0,0.0,5767.0,0.0,5767.0,12234.0,47.14
2022,60,DOMESTIK,690.0,2738.0,66.0,0.0,19196.0,0.0,0.0,0.0,0.0,4794.0,0.0,4794.0,9485.0,50.54
2023,60,DOMESTIK,738.0,2708.0,1960.4666666666667,0.0,21321.0,0.0,0.0,0.0,0.0,5794.0,0.0,5794.0,11267.0,51.42
2024,60,DOMESTIK,728.0,2449.0,2221.0666666666666,0.0,20687.0,0.0,0.0,0.0,0.0,5739.0,0.0,5739.0,12333.0,46.53
2020,61,DOMESTIK,5662.0,10156.0,11365.85,688220.0,4266.0,385601.0,629601.0,61.25,34719.0,2918.0,0.0,37637.0,77099.0,48.82
2021,61,DOMESTIK,2691.0,4497.0,5335.983333333334,292413.0,2295.0,173972.0,267028.0,65.15,15657.0,1412.0,0.0,17069.0,26707.0,63.91
2022,61,DOMESTIK,4554.0,5964.0,7011.866666666667,577044.0,3035.0,440609.0,540441.0,81.53,40214.0,2249.0,0.0,42463.0,57547.0,73.79
2023,61,DOMESTIK,3756.0,4563.0,5765.75,490262.0,1485.0,395917.0,450864.0,87.81,35660.0,1179.0,0.0,36839.0,47575.0,77.43
2024,61,DOMESTIK,3847.0,5144.0,6623.416666666667,527271.0,1573.0,391970.0,465100.0,84.28,35279.0,1197.0,0.0,36476.0,49187.0,74.0
2021,62,DOMESTIK,1558.0,1796.0,0.0,167188.0,0.0,148620.0,280648.0,52.96,9020.0,0.0,0.0,9020.0,27586.0,32.7
2022,62,DOMESTIK,8062.0,9543.0,3083.0833333333335,1324243.0,703.0,1115962.0,1418015.0,78.7,87155.0,679.0,0.0,87834.0,142791.0,61.51
2023,62,DOMESTIK,18003.0,18795.0,16042.0,2675846.0,8334.0,2527001.0,3174003.0,79.62,186302.0,8914.0,0.0,195216.0,318900.0,61.22
2023,63,DOMESTIK,23.0,16.0,37.666666666666664,0.0,16.0,0.0,0.0,-0.0,0.0,23.0,0.0,23.0,506.0,4.55
2024,63,DOMESTIK,6.0,4.0,9.583333333333334,0.0,44.0,0.0,0.0,-0.0,0.0,64.0,0.0,64.0,128.0,50.0
2020,64,DOMESTIK,13685.0,15155.0,23609.1,1590429.0,19747.0,1473604.0,2435339.0,60.51,132624.0,19184.0,0.0,151809.0,246751.0,61.52
2021,64,DOMESTIK,8910.0,9319.0,15376.05,1115978.0,15074.0,1080770.0,1699438.0,63.6,97269.0,14771.0,0.0,112040.0,169835.0,65.97
2022,64,DOMESTIK,10570.0,11773.0,18030.65,1597953.0,16057.0,1477317.0,1982424.0,74.52,133198.0,15163.0,0.0,148361.0,206979.0,71.68
2023,64,DOMESTIK,5298.0,6910.0,9676.683333333332,916301.0,5986.0,747026.0,930196.0,80.31,67233.0,4853.0,0.0,72086.0,97400.0,74.01
2024,64,DOMESTIK,4775.0,5272.0,8326.75,718756.0,4436.0,687634.0,816453.0,84.22,61883.0,4327.0,0.0,66.21,85934.0,77.0
2021,65,DOMESTIK,1574.0,2700.0,4791.733333333334,398483.0,1193.0,226995.0,283312.0,80.0,16117.0,796.0,13.0,16926.0,29524.0,57.0
2022,65,DOMESTIK,20420.0,37029.0,65127.166666666664,5661936.0,9591.0,3086372.0,3675306.0,84.0,219133.0,5871.0,92.0,225096.0,373875.0,60.0
2023,65,DOMESTIK,45097.0,66523.0,117466.61666666667,10216538.0,50830.0,6803754.0,8117815.0,84.0,483064.0,34762.0,82.0,517908.0,827688.0,63.0
2024,65,DOMESTIK,45905.0,68697.0,120212.38333333333,10771878.0,69245.0,7090903.0,8262740.0,86.0,503452.0,45829.0,607.0,549888.0,832841.0,66.0
2020,67,DOMESTIK,1635.0,4687.0,5144.333333333333,197524.0,2180.0,67673.0,107518.0,62.94,5752.0,779.0,0.0,6532.0,10656.0,61.29
2022,67,DOMESTIK,1149.0,1265.0,1655.0666666666666,145593.0,9.0,133282.0,196716.0,67.75,11996.0,10.0,0.0,12006.0,10520.0,114.13
2023,67,DOMESTIK,5746.0,5971.0,9791.85,779425.0,0.0,749069.0,967154.0,77.45,52435.0,0.0,0.0,52435.0,94593.0,55.43
2024,67,DOMESTIK,4865.0,4718.0,7901.0,559666.0,0.0,583884.0,800527.0,72.94,40868.0,0.0,0.0,40868.0,55688.0,73.0
2020,68,DOMESTIK,667.0,1205.0,1409.2666666666667,65912.0,279.0,43313.0,64081.0,67.59,3893.0,237.0,0.0,4130.0,9527.0,43.36
2020,69,DOMESTIK,492.0,733.0,860.9166666666666,0.0,10132.0,0.0,0.0,0.0,0.0,6830.0,0.0,6830.0,8027.0,85.08
2021,69,DOMESTIK,442.0,682.0,699.85,0.0,9877.0,0.0,0.0,0.0,6410.0,0.0,0.0,6410.0,7201.0,89.0
2022,69,DOMESTIK,1041.0,1439.0,1495.2666666666667,0.0,19889.0,0.0,0.0,0.0,0.0,13696.0,0.0,13696.0,17739.0,77.0
2023,69,DOMESTIK,535.0,805.0,812.05,0.0,11051.0,0.0,0.0,0.0,0.0,6814.0,0.0,6814.0,9312.0,73.0
2024,69,DOMESTIK,779.0,1724.0,1192.4833333333333,0.0,14569.0,0.0,0.0,0.0,0.0,7773.0,0.0,7773.0,13180.0,59.0
2020,70,DOMESTIK,4219.0,13569.0,9786.2,236951.0,65754.0,94277.0,136980.0,68.83,8085.0,18087.0,0.0,26171.0,47603.0,54.98
2021,70,DOMESTIK,3127.0,11655.0,8599.15,120737.0,58892.0,37945.0,56187.0,67.53,3036.0,14529.0,0.0,17565.0,32767.0,53.61
2022,70,DOMESTIK,4059.0,15122.0,11035.683333333332,234784.0,71044.0,67689.0,95357.0,70.98,5676.0,17730.0,0.0,23406.0,43364.0,53.98
2023,70,DOMESTIK,3959.0,14648.0,10696.783333333333,330433.0,61749.0,93106.0,122138.0,76.23,7990.0,15208.0,0.0,23198.0,41749.0,55.57
2024,70,DOMESTIK,4696.0,17222.0,12595.45,458675.0,65433.0,126452.0,164299.0,76.96,10887.0,16424.0,0.0,27311.0,47491.0,58.0
2020,71,DOMESTIK,24858.0,65600.0,62669.01666666667,2816896.0,4306.0,1059908.0,1789804.0,59.22,74194.0,1854.0,0.0,76048.0,160417.0,47.41
2021,71,DOMESTIK,11598.0,52275.0,58830.15,2621559.0,6341.0,579695.0,835064.0,69.42,40579.0,1498.0,215.0,42292.0,74108.0,57.07
2022,71,DOMESTIK,16648.0,76233.0,87701.16666666667,3920529.0,8719.0,849862.0,1198613.0,70.9,59490.0,2043.0,0.0,61533.0,104628.0,58.81
2023,71,DOMESTIK,18848.0,64901.0,73037.96666666666,3293337.0,6888.0,951259.0,1357110.0,70.09,66588.0,2199.0,28.0,68815.0,120335.0,57.19
2024,71,DOMESTIK,16977.0,46531.0,50721.88333333333,2548023.0,4521.0,920037.0,1222323.0,75.27,64421.0,1641.0,0.0,66062.0,108041.0,61.0
2020,60,INTERNASIONAL,1393.0,1308.0,2224.4,0.0,16406.0,0.0,0.0,0.0,0.0,16941.0,0.0,16941.0,22333.0,75.86
2021,60,INTERNASIONAL,2310.0,2146.0,4106.1,0.0,25825.0,0.0,0.0,0.0,0.0,27509.0,0.0,27509.0,38988.0,70.56
2022,60,INTERNASIONAL,2989.0,2703.0,232.0,0.0,27110.0,0.0,0.0,0.0,0.0,30014.0,0.0,30014.0,51177.0,58.65
2023,60,INTERNASIONAL,1975.0,1736.0,3628.15,0.0,15360.0,0.0,0.0,0.0,0.0,17442.0,0.0,17442.0,34896.0,49.98
2024,60,INTERNASIONAL,1664.0,1540.0,3224.016666666667,0.0,15531.0,0.0,0.0,0.0,0.0,16763.0,0.0,16763.0,31083.0,53.93
2020,50,INTERNASIONAL,0.0,0.0,3484.883333333333,121485.0,183.0,219334.0,401390.0,0.0,17981.0,248.0,48.0,18277.0,41917.0,0.0
2021,50,INTERNASIONAL,4.0,3.0,0.0,0.0,0.0,0.0,0.0,6.0,0.0,0.0,0.0,0.0,0.0,5.0
2022,50,INTERNASIONAL,364.0,805.0,7580.6,429613.0,824.0,481160.0,703857.0,8.36,38661.0,985.0,26.0,39672.0,79108.0,0.15
2023,50,INTERNASIONAL,26292.0,14584.0,39570.083333333336,1676952.0,3898.0,2935121.0,4230490.0,69.38,240185.0,6159.0,0.0,246344.0,439222.0,56.09
2024,50,INTERNASIONAL,20797.0,11894.0,31724.2,1488265.0,3532.0,2568902.0,3318057.0,77.42,210547.0,6535.0,0.0,217082.0,349565.0,62.1
2020,53,INTERNASIONAL,1809.0,960.0,2913.766666666667,72959.0,50.0,132824.0,341080.0,38.94,12813.0,56.0,0.0,12870.0,41651.0,30.9
2021,53,INTERNASIONAL,112.0,14.0,149.46666666666667,778.0,0.0,6204.0,34942.0,17.76,558.0,0.0,0.0,558.0,5024.0,11.11
2022,53,INTERNASIONAL,935.0,1262.0,2132.9666666666667,128675.0,331.0,97183.0,167944.0,57.87,8746.0,294.0,0.0,9040.0,20486.0,44.13
2023,53,INTERNASIONAL,5634.0,4498.0,8879.25,450641.0,1721.0,529918.0,1014307.0,52.24,51184.0,1980.0,0.0,53164.0,123744.0,42.96
2024,53,INTERNASIONAL,5343.0,4478.0,9562.966666666667,506515.0,2807.0,558051.0,961794.0,58.02,54131.0,3522.0,0.0,57653.0,117338.0,49.13
2020,56,INTERNASIONAL,27451.0,7298.0,38065.48333333333,772568.0,57991.0,3588898.0,7474659.0,48.01,358890.0,255961.0,9776.0,624627.0,1120710.0,55.73
2021,56,INTERNASIONAL,13987.0,3810.0,19965.083333333332,106806.0,69030.0,422429.0,4520142.0,9.35,42243.0,269694.0,0.0,311937.0,734605.0,42.46
2022,56,INTERNASIONAL,12287.0,3168.0,16876.083333333332,650834.0,23548.0,2856373.0,3884991.0,73.52,285638.0,89948.0,0.0,375586.0,637403.0,58.92
2023,56,INTERNASIONAL,34343.0,10114.0,48626.78333333333,1567926.0,38114.0,6955652.0,9771852.0,71.18,556454.0,153084.0,0.0,709538.0,1571222.0,45.16
2024,56,INTERNASIONAL,49930.0,13514.0,70015.41666666667,2533902.0,69790.0,10865257.0,14427466.0,75.31,865226.0,307088.0,0.0,1172314.0,2335044.0,50.21
2020,57,INTERNASIONAL,11222.0,7741.0,17616.166666666668,828992.0,2864.0,1227559.0,2019932.0,60.77,110480.0,3435.0,0.0,113915.0,186283.0,61.15
2021,57,INTERNASIONAL,1047.0,840.0,1696.1666666666667,69893.0,279.0,92345.0,188505.0,48.99,8311.0,308.0,0.0,8619.0,17384.0,49.58
2022,57,INTERNASIONAL,14831.0,9835.0,22416.083333333332,1400559.0,1076.0,2115503.0,2669336.0,79.25,183344.0,1527.0,0.0,184871.0,246172.0,75.1
2023,57,INTERNASIONAL,41710.0,27081.0,65434.583333333336,3865079.0,3313.0,6001310.0,7508196.0,79.93,466604.0,4571.0,0.0,471175.0,709133.0,66.44
2024,57,INTERNASIONAL,49.631,30.748,77166.0,4481553.0,6.557,7226433.0,8933722.0,80.89,578104.0,11.504,0.0,589.608,843.748,70.0
2020,59,INTERNASIONAL,3533.0,1481.0,4910.0,214095.0,353.0,807365.0,1039616.0,77.66,57323.0,460.0,875.0,58658.0,108274.0,54.18
2021,59,INTERNASIONAL,281.0,82.0,379.2,7371.0,349.0,28550.0,87052.0,32.8,2027.0,1384.0,41.0,3452.0,8705.0,39.66
2022,59,INTERNASIONAL,607.0,779.0,1157.2833333333333,118941.0,145.0,99293.0,144812.0,68.57,7052.0,668.0,82.0,7802.0,15238.0,51.2
2023,59,INTERNASIONAL,2967.0,2386.0,4813.65,368929.0,99.0,495155.0,604088.0,81.97,37019.0,168.0,190.0,37377.0,57684.0,64.8
2024,59,INTERNASIONAL,2075.0,1694.0,3344.516666666667,309458.0,27.0,528912.0,580814.0,91.06,38410.0,77.0,614.0,39101.0,56231.0,69.54
2020,64,INTERNASIONAL,753.0,284.0,1040.0,28283.0,11.0,94830.0,143516.0,0.0,0.0,14.0,0.0,0.0,0.0,0.0
2021,64,INTERNASIONAL,0.0,0.0,0.0,0.0,0.0,0.0,0.0,6.0,4.0,0.0,0.0,4.0,5.0,7.0
2022,64,INTERNASIONAL,370.0,119.0,469.53333333333336,14658.0,17.0,47336.0,70065.0,7.56,260.0,53.0,0.0,313.0,939.0,2.62
2023,65,INTERNASIONAL,1009.0,1318.0,2759.9166666666665,164504.0,0.0,118351.0,181698.0,65.14,8403.0,0.0,0.0,8403.0,17896.0,46.95
2024,65,INTERNASIONAL,1977.0,3150.0,5760.25,455213.0,710.0,279229.0,355881.0,78.46,19820.0,541.0,11.0,20372.0,35224.0,58.0
2020,67,INTERNASIONAL,18.0,68.0,67.7,3499.0,23.0,952.0,1295.0,73.51,81.0,6.0,0.0,87.0,122.0,71.35
2023,67,INTERNASIONAL,2254.0,1794.0,3936.65,148726.0,0.0,188357.0,291005.0,64.73,13185.0,0.0,0.0,13185.0,27339.0,48.23
2024,67,INTERNASIONAL,6.839,4.576,11572.35,511.312,0.0,758.786,1148562.0,66.06,53113.0,0.0,0.0,53.113,81.419,65.0
2020,69,INTERNASIONAL,256.0,255.0,466.23333333333335,0.0,2898.0,0.0,0.0,0.0,0.0,2632.0,0.0,2632.0,4174.0,63.05
2021,69,INTERNASIONAL,263.0,264.0,429.75,0.0,3197.0,0.0,0.0,0.0,0.0,2913.0,0.0,2913.0,4280.0,68.06
2022,69,INTERNASIONAL,262.0,270.0,394.18333333333334,0.0,2869.0,0.0,0.0,0.0,0.0,2613.0,0.0,2613.0,4390.0,59.52
2023,69,INTERNASIONAL,290.0,292.0,455.3833333333333,0.0,2469.0,0.0,0.0,0.0,0.0,2247.0,0.0,2247.0,5088.0,44.16
2024,69,INTERNASIONAL,299.0,302.0,479.1666666666667,0.0,2.901,0.0,0.0,0.0,0.0,2.628,0.0,2.628,5.253,50.0
2020,71,INTERNASIONAL,32.0,122.0,140.9,3970.0,1.0,1048.0,2318.0,45.2,79.0,0.0,79.0,216.0,36.0,0.0
2023,71,INTERNASIONAL,20.0,106.0,148.1,4190.0,0.0,853.0,1544.0,55.0,60.0,0.0,60.0,144.0,42.0,41.22
2021,1,INTERNASIONAL,0.0,0.0,0.0,0.0,2.0,0.0,0.0,0.0,0.0,2.0,0.0,0.0,0.0,0.0
2022,1,INTERNASIONAL,0.0,0.0,0.0,0.0,1.0,0.0,0.0,5.0,3.0,6.0,0.0,3.0,9.0,4.0
2023,1,INTERNASIONAL,535.0,466.0,893.1666666666666,43080.0,7.0,49198.0,84082.0,8.51,691.0,8.0,0.0,717.0,49.0,1.08
2024,1,INTERNASIONAL,839.0,732.0,1403.0,75.161,8.0,85.833,132.082,64.98,6437.0,8.0,0.0,6.525,14.206,46.0
2023,2,INTERNASIONAL,8.0,8.0,0.0,0.0,4.0,0.0,0.0,9.0,0.0,4.0,0.0,0.0,5.0,0.0
2024,2,INTERNASIONAL,73.0,7.0,1116.5,25027.0,9.0,251447.0,276211.0,1.03,22759.0,91.0,0.0,23250.0,246.0,443.19
2023,3,INTERNASIONAL,3.0,0.0,0.0,0.0,0.0,0.0,0.0,7.0,0.0,0.0,0.0,0.0,0.0,3.0
2024,3,INTERNASIONAL,66.0,72.0,498.0,11309.0,0.0,57608.0,80690.0,1.39,11521.0,0.0,0.0,11521.0,35576.0,2.38
2020,4,INTERNASIONAL,97.0,66.0,298.5,5.0,35.0,37489.0,60912.0,5.56,2.0,25.0,0.0,2.0,239.0,9.97
2021,4,INTERNASIONAL,2.0,5.0,74.16666666666667,859.0,2.0,0.0,0.0,7.0,83.0,5.0,0.0,673.0,1.0,4.0
2022,4,INTERNASIONAL,704.0,82.0,400.75,8.0,313.0,26045.0,73250.0,0.31,3.0,90.0,0.0,4.0,3385.0,9.05
2023,4,INTERNASIONAL,3.0,7.0,3633.5833333333335,976.0,2.0,390187.0,554971.0,7.0,1215.0,12070.0,0.0,3285.0,88248.0,5.0
2024,4,INTERNASIONAL,578.0,72.0,4811.916666666667,126479.0,812.0,614440.0,806414.0,6.19,49156.0,14700.0,0.0,63856.0,115714.0,5.18
2021,6,INTERNASIONAL,0.0,0.0,0.0,0.0,0.0,0.0,0.0,7.0,5.0,0.0,0.0,6.0,0.0,6.0
2022,6,INTERNASIONAL,0.0,0.0,0.0,3.0,0.0,7.0,0.0,0.29,92.0,0.0,0.0,8.0,9.0,2.75
2023,6,INTERNASIONAL,74.0,30.0,146.25,177.0,9.0,888.0,11222.0,7.0,6.0,16.0,0.0,7.0,69.0,6.0
2024,6,INTERNASIONAL,771.0,311.0,1516.3333333333333,34985.0,286.0,86333.0,116629.0,4.02,479.0,527.0,0.0,7.0,10063.0,9.63
2022,7,INTERNASIONAL,1.0,0.0,0.0,0.0,774.0,0.0,0.0,8.0,0.0,5.0,7.0,0.0,0.0,2.0
2023,7,INTERNASIONAL,402.0,208.0,1768.0,55603.0,2.0,374932.0,423568.0,8.52,29995.0,210.0,7.0,14530.0,50490.0,8.78
2024,7,INTERNASIONAL,2859.0,424.0,3604.0,113107.0,372.0,762680.0,939082.0,81.22,61017.0,15982.0,4.0,77003.0,464624.0,16.57
2020,8,INTERNASIONAL,48.0,60.0,8436.2,594.0,4.0,703.0,728.0,2.43,3.0,5.0,0.0,3.0,8.0,6.58
2021,8,INTERNASIONAL,5.0,4.0,100.0,625634.0,41.0,803553.0,1005251.0,7.0,33.0,78.0,0.0,75.0,5.0,7.0
2022,8,INTERNASIONAL,195.0,140.0,8895.166666666666,1.0,1.0,1.0,2.0,9.94,72319.0,1.0,0.0,72897.0,97063.0,5.1
2023,8,INTERNASIONAL,12868.0,13394.0,23860.833333333332,856082.0,548.0,867610.0,363684.0,79.01,167762.0,945.0,0.0,169707.0,221019.0,76.78
2024,8,INTERNASIONAL,16.196,16.809,30180.666666666668,2495539.0,1.267,2436418.0,2926348.0,83.26,219292.0,1.406,0.0,220.698,268.925,82.0
2020,9,INTERNASIONAL,1.0,0.0,650.8333333333334,2811.0,2.0,105424.0,165571.0,0.0,0.0,4.0,0.0,0.0,0.0,9.0
2021,9,INTERNASIONAL,12.0,56.0,0.0,0.0,2.0,0.0,0.0,7.0,2.0,5.0,0.0,2.0,2.0,7.03
2022,9,INTERNASIONAL,1.0,710.0,165.66666666666666,15251.0,9.0,30448.0,41031.0,4.21,740.0,8.0,0.0,744.0,828.0,56.7
2023,9,INTERNASIONAL,420.0,1.0,2128.3333333333335,214375.0,2.0,427988.0,534391.0,80.09,38519.0,5.0,0.0,38577.0,68037.0,5.0
2024,9,INTERNASIONAL,2.07,0.035,3105.0,311.994,6.0,622.765,778.856,79.96,56047.0,0.0,0.0,56.097,99.168,7.0
2020,10,INTERNASIONAL,6.0,167.0,6307.416666666667,103170.0,12077.0,598121.0,1192775.0,2.74,1868.0,41674.0,728.0,84791.0,315270.0,3.02
2021,10,INTERNASIONAL,774.0,1.0,8059.166666666667,40769.0,9.0,236360.0,1467225.0,7.0,16545.0,99171.0,1.0,117624.0,402656.0,2.0
2022,10,INTERNASIONAL,1.0,903.0,8667.0,174427.0,632.0,1012796.0,1614260.0,5.45,70897.0,70120.0,921.0,142745.0,432243.0,8.69
2023,10,INTERNASIONAL,1021.0,2.0,14249.083333333334,348816.0,1.0,2019945.0,2677296.0,7.0,141396.0,55804.0,1.0,199121.0,694151.0,3.0
2024,10,INTERNASIONAL,11841.0,45.0,15324.666666666666,377410.0,4016.0,2184605.0,2893896.0,5.49,152923.0,81162.0,928.0,236013.0,754106.0,1.3
2020,11,INTERNASIONAL,2.0,58.0,2699.983333333333,5568.0,3.0,291651.0,537234.0,9.08,3332.0,21112.0,0.0,44444.0,128318.0,4.02
2021,11,INTERNASIONAL,427.0,4.0,2568.0833333333335,30839.0,99.0,156210.0,704699.0,6.0,13100.0,20934.0,0.0,34034.0,100032.0,4.0
2022,11,INTERNASIONAL,3.0,66.0,3355.0666666666666,94424.0,3.0,491795.0,1.0,9.79,41803.0,16158.0,1.0,57962.0,132889.0,3.62
2023,11,INTERNASIONAL,805.0,730.0,5231.1,180426.0,678.0,939631.0,142026.0,82.28,79869.0,19169.0,0.0,99038.0,223280.0,44.36
2024,11,INTERNASIONAL,3.803,730.0,5241.85,185.262,4.387,964.87,1167887.0,82.62,82010.0,22.914,0.0,104.924,221.726,47.0
2020,12,INTERNASIONAL,0.0,0.0,0.0,0.0,8.0,0.0,0.0,0.0,0.0,0.0,0.0,0.0,0.0,3.0
2021,12,INTERNASIONAL,5.0,2.0,0.0,0.0,497.0,0.0,0.0,0.0,0.0,0.0,3.0,0.0,0.0,9.21
2022,12,INTERNASIONAL,71.0,4.0,1226.5666666666666,0.0,5.0,0.0,0.0,0.0,0.0,28666.0,98.0,29064.0,74123.0,2.0
2023,12,INTERNASIONAL,499.0,178.0,1075.2,0.0,168.0,0.0,0.0,0.0,0.0,17384.0,217.0,17601.0,66052.0,6.65
2024,12,INTERNASIONAL,550.0,198.0,1188.0,0.0,6740.0,0.0,0.0,0.0,0.0,22494.0,0.0,22494.0,69977.0,32.14
2020,14,INTERNASIONAL,3.0,85.0,6132.933333333333,165170.0,30238.0,552338.0,1163194.0,0.85,2472.0,99664.0,72.0,152801.0,218709.0,1.34
2021,14,INTERNASIONAL,489.0,3.0,4444.666666666667,38036.0,22834.0,136026.0,765764.0,8.0,12526.0,81495.0,2.0,94541.0,190853.0,4.0
2022,14,INTERNASIONAL,1.0,160.0,4878.583333333333,110308.0,22705.0,394227.0,775275.0,3.02,37435.0,81177.0,37.0,118884.0,166647.0,9.95
2023,14,INTERNASIONAL,1163.0,3.0,15718.9,724327.0,26729.0,2556411.0,3079114.0,8.0,241480.0,95162.0,3.0,336879.0,674415.0,5.0
2024,14,INTERNASIONAL,12931.0,666.0,18285.083333333332,907582.0,34471.0,3193005.0,3789583.0,4.26,302225.0,122478.0,13.0,425016.0,792068.0,3.66
2020,15,INTERNASIONAL,451.0,37.0,1280.45,9532.0,21.0,113386.0,178277.0,7.72,9.0,129.0,0.0,748.0,464.0,2.23
2021,15,INTERNASIONAL,4.0,1.0,247.9,984.0,7.0,97.0,68220.0,6.0,86.0,1.0,0.0,1.0,3.0,5.0
2022,15,INTERNASIONAL,101.0,515.0,2239.75,42019.0,1.0,112730.0,298885.0,6.66,4.0,882.0,5.0,220.0,1714.0,3.77
2023,15,INTERNASIONAL,4.0,1.0,6314.366666666667,213219.0,8.0,573039.0,859631.0,7.0,6417.0,2.0,0.0,48299.0,89826.0,5.0
2024,15,INTERNASIONAL,441.0,645.0,6958.316666666667,243802.0,9.0,654752.0,933471.0,0.14,53037.0,173.0,0.0,55210.0,95033.0,8.1
2020,16,INTERNASIONAL,42.0,70.0,8328.566666666668,153164.0,31235.0,450405.0,1163033.0,0.66,684.0,90852.0,86.0,129295.0,292128.0,8.14
2021,16,INTERNASIONAL,4.0,1.0,4370.666666666667,16957.0,18964.0,48294.0,595965.0,7.0,2.0,55232.0,3.0,60375.0,145698.0,5.0
2022,16,INTERNASIONAL,948.0,737.0,5791.416666666667,101123.0,17075.0,287515.0,707132.0,4.64,7889.0,48574.0,98.0,76849.0,159639.0,4.26
2023,16,INTERNASIONAL,5.0,1.0,9418.166666666666,349683.0,15843.0,996227.0,1334626.0,7.0,96634.0,45126.0,3.0,142158.0,262006.0,6.0
2024,16,INTERNASIONAL,350.0,878.0,10257.083333333334,392765.0,19939.0,1118873.0,1465308.0,6.36,108534.0,56796.0,18.0,165648.0,263385.0,2.89
2020,17,INTERNASIONAL,402.0,14.0,2072.7833333333333,4801.0,6.0,0.0,2.0,1.54,2547.0,14690.0,29.0,27237.0,73428.0,2.89
2021,17,INTERNASIONAL,4.0,9.0,2447.0833333333335,0.0,303.0,40.0,604.0,8.0,0.0,41237.0,11.0,41266.0,89497.0,6.0
2022,17,INTERNASIONAL,364.0,74.0,1886.6333333333334,9.0,9.0,830723.0,994362.0,3.54,0.0,28161.0,63.0,28172.0,65679.0,0.02
2023,17,INTERNASIONAL,6.0,1.0,6083.116666666667,185392.0,306.0,1.0,1.0,8.0,72881.0,41729.0,6.0,114673.0,191069.0,6.0
2024,17,INTERNASIONAL,542.0,460.0,9160.766666666666,340283.0,13174.0,525264.0,698323.0,9.81,135763.0,59081.0,8.0,194912.0,291990.0,6.75
2020,18,INTERNASIONAL,19.0,86.0,2590.8,5297.0,677.0,224657.0,380340.0,8.35,7.0,5.0,56.0,25126.0,44364.0,7.56
2021,18,INTERNASIONAL,5.0,1.0,919.0,25553.0,4.0,84789.0,168738.0,8.0,166.0,574.0,1.0,13994.0,28935.0,5.0
2022,18,INTERNASIONAL,502.0,723.0,948.7833333333333,28760.0,541.0,95541.0,163750.0,2.28,7.0,1.0,0.0,12740.0,26788.0,6.94
2023,18,INTERNASIONAL,1.0,3.0,8623.083333333334,302372.0,4.0,963388.0,1170885.0,8.0,2254.0,5086.0,0.0,87340.0,153397.0,5.0
2024,18,INTERNASIONAL,1538.0,628.0,18177.416666666668,616505.0,747.0,1953931.0,2279762.0,5.71,142983.0,15767.0,0.0,158750.0,273579.0,8.03
2021,19,INTERNASIONAL,1.0,0.0,0.0,6.0,0.0,0.0,0.0,0.0,3.0,4.0,0.0,3.0,8.0,0.0
2022,19,INTERNASIONAL,65.0,32.0,0.0,940.0,95.0,0.0,0.0,7.0,4.0,91.0,0.0,495.0,509.0,4.0
2023,19,INTERNASIONAL,1.0,2.0,336.0,4.0,1.0,35762.0,50953.0,0.19,1.0,6.0,0.0,2.0,5.0,1.07
2024,19,INTERNASIONAL,0.103,14.0,2247.3333333333335,3.92,0.277,226.321,340.746,66.42,9011.0,0.57,0.0,5.581,6.9,45.0
2020,20,INTERNASIONAL,839.0,963.0,10782.283333333333,262853.0,11643.0,1731949.0,2952811.0,5.99,147216.0,73235.0,362.0,228107.0,520138.0,0.28
2021,20,INTERNASIONAL,1.0,2.0,8684.0,173989.0,20263.0,1138394.0,2590983.0,8.0,97151.0,132662.0,9.0,231164.0,428892.0,5.0
2022,20,INTERNASIONAL,3516.0,768.0,16634.583333333332,666378.0,17417.0,4625476.0,5379395.0,8.53,396259.0,115363.0,56.0,514984.0,854259.0,7.62
2023,20,INTERNASIONAL,19652.0,2.0,23869.35,1058154.0,15765.0,7591155.0,8575054.0,8.0,671798.0,106873.0,1.0,787727.0,1367160.0,5.0
2024,20,INTERNASIONAL,19826.0,792.0,25778.15,1088128.0,19915.0,7831317.0,9139282.0,5.69,692281.0,134730.0,937.0,837948.0,1518829.0,5.0
2020,21,INTERNASIONAL,705.0,92.0,1328.4,658.0,524.0,64839.0,266400.0,7.03,165.0,13735.0,4.0,41066.0,40775.0,5.62
2021,21,INTERNASIONAL,1.0,3.0,3099.6,1.0,1.0,51063.0,647363.0,2.0,8.0,5.0,886.0,25786.0,98033.0,2.0
2022,21,INTERNASIONAL,374.0,26.0,2260.2,167.0,355.0,89574.0,525891.0,8.0,991.0,498.0,8.0,15375.0,72400.0,6.83
2023,21,INTERNASIONAL,5.0,3.0,3784.8166666666666,29901.0,1.0,112403.0,401497.0,3.0,4.0,1.0,86.0,6.0,57303.0,2.0
2024,21,INTERNASIONAL,34.0,92.0,1176.0,36813.0,461.0,50204.0,161417.0,1.1,16.0,977.0,10.0,3.0,26012.0,3.08
2020,22,INTERNASIONAL,72.0,28.0,5607.5,1340.0,974.0,636640.0,1384876.0,1.74,9208.0,60657.0,64.0,120356.0,217771.0,1.87
2021,22,INTERNASIONAL,6.0,9.0,7129.916666666667,106389.0,8.0,741531.0,1655333.0,8.0,68962.0,79677.0,1.0,149559.0,266652.0,6.0
2022,22,INTERNASIONAL,389.0,17.0,6097.5,202246.0,208.0,1409591.0,1536442.0,9.3,131092.0,55583.0,5.0,187439.0,228953.0,7.04
2023,22,INTERNASIONAL,9.0,1.0,7679.5,269317.0,1.0,1877140.0,2102090.0,9.0,174574.0,57214.0,1.0,231893.0,345894.0,6.0
2024,22,INTERNASIONAL,697.0,374.0,11660.5,389547.0,2340.0,2748987.0,2994092.0,1.81,255660.0,86625.0,71.0,342456.0,522618.0,6.0
2020,23,INTERNASIONAL,871.0,33.0,3129.4,236.0,395.0,424929.0,1352849.0,5.36,340.0,66384.0,54.0,100913.0,146959.0,5.19
2021,23,INTERNASIONAL,5.0,1.0,1863.0833333333333,7.0,1.0,40275.0,180900.0,7.0,4.0,41502.0,81.0,43896.0,46911.0,5.0
2022,23,INTERNASIONAL,581.0,462.0,4167.25,4272.0,1074.0,571615.0,1260220.0,8.33,8586.0,85180.0,1.0,133847.0,178006.0,8.24
2023,23,INTERNASIONAL,5.0,1.0,8808.516666666666,367602.0,15208.0,1402811.0,1790964.0,7.0,119238.0,56827.0,7.0,176172.0,302471.0,6.0
2024,23,INTERNASIONAL,496.0,457.0,8782.266666666666,368075.0,20172.0,1397197.0,1799814.0,7.63,118748.0,74296.0,68.0,193112.0,313808.0,1.54
2020,24,INTERNASIONAL,30.0,18.0,1155.0666666666666,0.0,689.0,0.0,0.0,0.0,0.0,11646.0,5.0,11651.0,50620.0,0.0
2021,24,INTERNASIONAL,9.0,5.0,1537.9166666666667,0.0,8.0,0.0,0.0,0.0,0.0,18741.0,4.0,18745.0,60956.0,0.0
2022,24,INTERNASIONAL,84.0,22.0,1487.0833333333333,0.0,571.0,0.0,0.0,0.0,0.0,18039.0,0.0,18039.0,64972.0,0.0
2023,24,INTERNASIONAL,1.0,5.0,1260.7666666666667,0.0,8.0,0.0,0.0,0.0,0.0,20565.0,0.0,20565.0,62074.0,0.0
2024,24,INTERNASIONAL,135.0,20.0,1306.7666666666667,0.0,823.0,0.0,0.0,0.0,0.0,25310.0,6.0,25316.0,71443.0,0.0
2020,25,INTERNASIONAL,21.0,32.0,163.33333333333334,3.0,28.0,2.0,4.0,6.03,3.0,19.0,0.0,22.0,54.0,0.07
2021,25,INTERNASIONAL,4.0,8.0,0.0,413.0,5.0,257.0,28.0,4.0,3.0,2.0,0.0,3.0,7.0,5.0
2022,25,INTERNASIONAL,29.0,82.0,42.666666666666664,7.0,58.0,3.0,8.0,6.15,360.0,82.0,0.0,642.0,43.0,1.71
2023,25,INTERNASIONAL,3.0,6.0,904.5,5840.0,5.0,7227.0,660.0,6.0,3.0,3.0,0.0,3.0,4.0,7.0
2024,25,INTERNASIONAL,47.0,22.0,778.6666666666666,62602.0,61.0,34506.0,50159.0,8.79,103.0,17.0,0.0,420.0,383.0,8.03
2020,26,INTERNASIONAL,27.0,28.0,282.3333333333333,132.0,0.0,73877.0,113722.0,4.96,577.0,0.0,0.0,577.0,13619.0,8.29
2020,28,INTERNASIONAL,0.0,0.0,991.0,4122.0,0.0,118062.0,167692.0,0.0,42.0,0.0,0.0,12799.0,107814.0,0.0
2021,28,INTERNASIONAL,1.0,3.0,0.0,0.0,1.0,0.0,0.0,8.0,0.0,5.0,0.0,0.0,0.0,4.0
2022,28,INTERNASIONAL,310.0,84.0,0.0,0.0,677.0,0.0,0.0,3.52,0.0,730.0,0.0,0.0,0.0,8.77
2023,28,INTERNASIONAL,2.0,7.0,1856.0,93651.0,5.0,320004.0,383134.0,8.0,25600.0,1.0,0.0,31330.0,64241.0,5.0
2024,28,INTERNASIONAL,485.0,28.0,3518.6666666666665,166576.0,328.0,568884.0,704215.0,0.78,45510.0,8159.0,0.0,63669.0,115894.0,5.0
2021,29,INTERNASIONAL,0.0,0.0,0.0,0.0,1.0,0.0,0.0,0.0,0.0,0.0,0.0,0.0,0.0,0.0
2022,29,INTERNASIONAL,1.0,294.0,0.0,0.0,9.0,0.0,0.0,7.0,0.0,8.0,0.0,0.0,0.0,7.0
2023,29,INTERNASIONAL,417.0,1.0,1836.5,39727.0,2.0,191524.0,252302.0,5.91,17811.0,9.0,0.0,17900.0,25299.0,0.75
2024,29,INTERNASIONAL,6.067,0.234,8107.583333333333,205.034,2.0,1008238.0,1127214.0,89.45,93766.0,111.0,0.0,93.877,108.316,87.0
2020,30,INTERNASIONAL,109.0,223.0,5585.666666666667,2182.0,11580.0,361345.0,892826.0,6.0,8908.0,67290.0,5.0,98465.0,145710.0,5.0
2021,30,INTERNASIONAL,8.0,1.0,6840.0,43058.0,16533.0,250210.0,825017.0,4.8,20017.0,96073.0,2.0,118397.0,193623.0,4.63
2022,30,INTERNASIONAL,162.0,404.0,9172.516666666666,149936.0,13795.0,871559.0,1344984.0,7.0,69725.0,80191.0,71.0,151921.0,278105.0,5.0
2023,30,INTERNASIONAL,6.0,1.0,10530.0,204294.0,11589.0,1187571.0,1622641.0,3.19,94966.0,67368.0,1.0,164405.0,320150.0,1.35
2024,30,INTERNASIONAL,0.873,0.183,8872.5,174.106,10.141,1011737.0,1333612.0,75.86,80946.0,58.927,0.99,141.863,263.539,54.0
2023,31,INTERNASIONAL,1.0,2.0,0.0,0.0,2.0,0.0,0.0,6.0,0.0,1.0,0.0,0.0,0.0,6.0
2024,31,INTERNASIONAL,54.0,10.0,1344.0,26366.0,47.0,134939.0,194068.0,9.53,10642.0,252.0,0.0,11894.0,17918.0,6.38
2020,32,INTERNASIONAL,910.0,111.0,13781.166666666666,490380.0,878.0,1786439.0,2586106.0,8.16,182217.0,296.0,0.0,185799.0,297051.0,2.34
2021,32,INTERNASIONAL,0.0,7.0,0.0,0.0,2.0,0.0,0.0,8.0,0.0,1.0,0.0,0.0,0.0,7.0
2022,32,INTERNASIONAL,14565.0,832.0,19729.5,891397.0,823.0,3375234.0,3828723.0,9.8,332869.0,2549.0,0.0,341165.0,471592.0,2.54
2023,32,INTERNASIONAL,28508.0,8.0,38203.583333333336,1651602.0,1.0,6294101.0,7009389.0,9.0,566469.0,5.0,0.0,579018.0,798224.0,7.0
2024,32,INTERNASIONAL,31429.0,398.0,42591.5,1773552.0,199.0,6799562.0,7393013.0,1.97,611960.0,110.0,0.0,617071.0,787670.0,8.34
2020,33,INTERNASIONAL,2.0,2.0,3338.866666666667,193574.0,2.0,219367.0,337035.0,8.0,161.0,2.0,0.0,348.0,35576.0,0.9
2021,33,INTERNASIONAL,772.0,352.0,1820.0,56548.0,49.0,57341.0,224690.0,4.05,3.0,221.0,0.0,3.0,23780.0,6.0
2022,33,INTERNASIONAL,4.0,3.0,4942.166666666667,350157.0,1.0,419629.0,499250.0,8.0,3747.0,1.0,0.0,5968.0,52699.0,8.25
2023,33,INTERNASIONAL,518.0,488.0,7938.833333333333,521629.0,334.0,677917.0,813310.0,3.35,54233.0,594.0,0.0,55827.0,85850.0,65.03
2024,33,INTERNASIONAL,4954.0,3820.0,8702.75,588459.0,983.0,766476.0,891770.0,85.95,61318.0,1219.0,0.0,62537.0,94132.0,66.44
2023,35,INTERNASIONAL,3.0,6.0,0.0,0.0,1.0,0.0,0.0,7.0,0.0,5.0,0.0,0.0,0.0,9.0
2024,35,INTERNASIONAL,478.0,82.0,4206.016666666666,103454.0,103.0,527612.0,684660.0,7.06,42934.0,633.0,0.0,48567.0,51507.0,4.29
2020,36,INTERNASIONAL,167.0,56.0,1643.1666666666667,0.0,11245.0,0.0,0.0,0.0,0.0,14504.0,0.0,14504.0,22199.0,5.34
2021,36,INTERNASIONAL,3.0,4.0,1593.5,0.0,5.0,0.0,0.0,0.0,0.0,5.0,0.0,5.0,7.0,7.0
2022,36,INTERNASIONAL,90.0,30.0,1709.0,0.0,735.0,0.0,0.0,0.0,0.0,194.0,0.0,194.0,405.0,0.14
2023,36,INTERNASIONAL,4.0,5.0,646.0,0.0,6.0,0.0,0.0,0.0,0.0,6.0,0.0,6.0,8.0,6.0
2024,36,INTERNASIONAL,72.0,21.0,781.5,9.0,708.0,8.0,0.0,0.0,0.0,51.0,0.0,51.0,929.0,8.0
2020,37,INTERNASIONAL,163.0,48.0,2495.65,2713.0,480.0,199827.0,580428.0,6.61,9187.0,38372.0,40.0,26205.0,103285.0,2.59
2021,37,INTERNASIONAL,1.0,9.0,4312.15,41974.0,8.0,315116.0,1340194.0,7.0,25209.0,8.0,8.0,95416.0,814524.0,1.0
2022,37,INTERNASIONAL,306.0,7.0,7924.233333333334,275863.0,66.0,1584808.0,2379383.0,2.27,126785.0,14.0,56.0,166013.0,1318838.0,0.52
2023,37,INTERNASIONAL,1.0,1.0,1952.25,242448.0,1.0,361017.0,499542.0,8.0,28882.0,1.0,0.0,29696.0,282208.0,1.0
2024,37,INTERNASIONAL,769.0,246.0,2798.75,351963.0,39.0,519700.0,635196.0,1.82,41831.0,118.0,2.0,42951.0,375120.0,1.0
2020,38,INTERNASIONAL,26.0,6.0,1558.0,0.0,82.0,0.0,60.0,0.0,0.0,45169.0,0.0,45169.0,98140.0,7.73
2021,38,INTERNASIONAL,5.0,1.0,1660.0,0.0,3.0,0.0,0.0,0.0,0.0,43024.0,0.0,43024.0,96319.0,3.0
2022,38,INTERNASIONAL,15.0,51.0,1530.0,0.0,938.0,0.0,0.0,0.0,0.0,33795.0,0.0,33795.0,89563.0,5.39
2023,38,INTERNASIONAL,3.0,1.0,757.0,0.0,3.0,0.0,0.0,0.0,0.0,15604.0,0.0,15604.0,44087.0,4.0
2024,38,INTERNASIONAL,38.0,0.0,500.0,0.0,593.0,0.0,0.0,0.0,0.0,13866.0,0.0,13866.0,28872.0,8.0
2020,38,INTERNASIONAL,845.0,110.0,6110.833333333333,1441.0,298.0,481086.0,866136.0,0.49,3176.0,79176.0,758.0,113128.0,321467.0,6.85
2021,38,INTERNASIONAL,8.0,1.0,7750.0,30699.0,4.0,162398.0,538205.0,8.0,33.0,121337.0,3.0,124337.0,379635.0,2.0
2022,38,INTERNASIONAL,921.0,696.0,7763.0,209158.0,794.0,1101232.0,1368243.0,9.97,41689.0,43891.0,974.0,89338.0,332708.0,6.86
2023,38,INTERNASIONAL,1.0,1.0,11872.4,430290.0,7.0,2262595.0,2514697.0,8.0,109069.0,25344.0,1.0,138387.0,515259.0,3.0
2024,38,INTERNASIONAL,170.0,935.0,13549.3,479404.0,478.0,2519626.0,2905020.0,6.73,131282.0,39524.0,828.0,172634.0,576866.0,0.0
2020,41,INTERNASIONAL,851.0,824.0,5044.966666666666,9.0,208.0,6.0,520260.0,7.61,4.0,956.0,1.0,585.0,74538.0,4.02
2021,41,INTERNASIONAL,7.0,6.0,4341.5,626.0,5.0,979.0,30572.0,6.0,89.0,4.0,30.0,2.0,28034.0,3.0
2022,41,INTERNASIONAL,709.0,657.0,3992.6666666666665,285492.0,454.0,321249.0,413920.0,8.43,22674.0,320.0,80.0,6710.0,78520.0,2.44
2023,41,INTERNASIONAL,9.0,8.0,20385.816666666666,785790.0,7.0,982001.0,1434984.0,7.0,69353.0,6.0,81.0,73754.0,227387.0,4.0
2024,41,INTERNASIONAL,764.0,492.0,20299.2,1178190.0,583.0,1431750.0,1827112.0,8.36,102342.0,659.0,34.0,109035.0,244701.0,4.56
2020,42,INTERNASIONAL,8.0,4.0,7059.1,57967.0,20.0,79458.0,161162.0,1.86,151.0,232.0,0.0,922.0,91755.0,4.31
2021,42,INTERNASIONAL,211.0,166.0,1564.25,462440.0,1.0,1021586.0,1421728.0,6.0,9.0,2.0,19.0,9.0,19095.0,9.0
2022,42,INTERNASIONAL,2.0,8.0,12147.433333333332,1020233.0,473.0,2548510.0,3686640.0,9.13,1804.0,236.0,18.0,3054.0,98667.0,8.93
2023,42,INTERNASIONAL,477.0,774.0,29657.116666666665,1.0,2.0,3.0,4.0,8.0,229033.0,5.0,1.0,231270.0,233773.0,8.0
2024,42,INTERNASIONAL,25122.0,11800.0,37759.75,674128.0,221.0,780941.0,652432.0,1.27,332731.0,164.0,0.0,337895.0,386731.0,7.0
2020,43,INTERNASIONAL,10.0,76.0,50.666666666666664,151.0,0.0,75.0,62.0,1.62,19.0,0.0,0.0,19.0,63.0,0.48
2020,46,INTERNASIONAL,129.0,44.0,1175.0,4700.0,745.0,49204.0,3.0,8.0,936.0,682.0,6.0,625.0,5.0,5.0
2021,46,INTERNASIONAL,4.0,7.0,15.666666666666666,0.0,5.0,0.0,577.0,5.73,0.0,88.0,0.0,88.0,69.0,3.95
2022,46,INTERNASIONAL,452.0,19.0,2694.6666666666665,82578.0,183.0,510992.0,596053.0,7.0,40880.0,16985.0,0.0,57865.0,107250.0,5.0
2023,46,INTERNASIONAL,4.0,7.0,5632.166666666667,157754.0,5.0,976182.0,1227673.0,9.51,78095.0,32069.0,0.0,110164.0,216977.0,0.77
2024,46,INTERNASIONAL,0.519,30.0,5718.4,161.906,0.13,1001876.0,1273841.0,78.65,80152.0,31.741,0.0,111.893,233.581,48.0
2020,8,INTERNASIONAL,0.0,0.0,645.9166666666666,608.0,0.0,77541.0,105071.0,6.0,6.0,0.0,0.0,6.0,0.0,6.0
2021,8,INTERNASIONAL,6.0,2.0,0.0,0.0,60.0,0.0,0.0,0.88,773.0,1.0,0.0,943.0,11399.0,0.91
2022,8,INTERNASIONAL,87.0,44.0,1011.6666666666666,26768.0,4.0,75251.0,123599.0,7.0,5.0,70.0,0.0,5.0,6.0,7.0
2023,8,INTERNASIONAL,408.0,144.0,600.0,20709.0,4.0,58751.0,73535.0,9.9,107.0,125.0,0.0,232.0,782.0,7.15
2020,47,INTERNASIONAL,549.0,28.0,1888.4166666666667,5.0,90.0,123100.0,234770.0,3.49,316.0,3964.0,0.0,91.0,28268.0,2.23
2021,47,INTERNASIONAL,4.0,1.0,812.8333333333334,897.0,3.0,16446.0,145742.0,7.0,2.0,9.0,0.0,4.0,21488.0,6.0
2022,47,INTERNASIONAL,181.0,528.0,4123.416666666667,131107.0,527.0,360886.0,568394.0,9.6,8870.0,783.0,0.0,2834.0,68833.0,5.03
2023,47,INTERNASIONAL,4.0,1.0,6494.166666666667,245714.0,3.0,672400.0,844756.0,8.0,53793.0,9.0,3.0,63579.0,97773.0,6.0
2024,47,INTERNASIONAL,417.0,615.0,6798.416666666667,265586.0,516.0,725931.0,896456.0,0.98,58073.0,756.0,0.0,67829.0,102793.0,6.0
2020,72,INTERNASIONAL,5.0,240.0,2936.4333333333334,2454.0,224.0,0.0,0.0,0.23,9442.0,6.0,43.0,45132.0,74277.0,7.67
2021,72,INTERNASIONAL,792.0,2.0,0.0,0.0,2.0,1020288.0,1130805.0,8.0,0.0,750.0,4.0,0.0,0.0,5.0
2022,72,INTERNASIONAL,1.0,371.0,183124.8,211619.0,314.0,2091100.0,2451854.0,5.29,92914.0,1.0,50.0,99807.0,147489.0,4.61
2023,72,INTERNASIONAL,1538.0,2.0,15217.35,421764.0,5.0,2.0,2.0,8.0,171734.0,2374.0,1.0,184558.0,337961.0,5.0
2024,72,INTERNASIONAL,11146.0,266.0,14638.383333333333,465239.0,823.0,298218.0,755650.0,3.4,200187.0,29681.0,649.0,231517.0,397186.0,8.29
2020,73,INTERNASIONAL,810.0,2.0,15133.083333333334,283996.0,15316.0,2107253.0,3788149.0,8.0,179117.0,108332.0,476.0,291270.0,645850.0,7.45
2021,73,INTERNASIONAL,1.0,434.0,11344.0,194624.0,15994.0,1346409.0,2649400.0,8.68,114445.0,110645.0,1.0,225628.0,419557.0,5.0
2022,73,INTERNASIONAL,7320.0,4.0,20252.0,621188.0,12943.0,4448336.0,5016356.0,8.0,378109.0,90070.0,76.0,469655.0,817507.0,1.8
2023,73,INTERNASIONAL,29428.0,11.0,34822.5,1224793.0,21977.0,9023309.0,10091065.0,9.42,766982.0,157640.0,1.0,924798.0,1785171.0,5.0
2024,73,INTERNASIONAL,32.625,4.446,38761.5,1341206.0,33.121,9910727.0,11035028.0,89.81,842413.0,243.074,96.0,1085683.0,1896776.0,7.0
2020,74,INTERNASIONAL,48.0,20.0,832.0,0.0,7.0,0.0,86.0,0.0,0.0,2215.0,0.0,2215.0,24230.0,0.09
2021,74,INTERNASIONAL,5.0,4.0,840.0,0.0,988.0,0.0,0.0,0.0,0.0,10502.0,0.0,10502.0,24126.0,2.0
2022,74,INTERNASIONAL,96.0,56.0,929.15,0.0,4.0,0.0,0.0,0.0,0.0,6.0,0.0,6.0,26194.0,5.24
2023,74,INTERNASIONAL,558.0,428.0,891.6666666666666,0.0,694.0,0.0,0.0,0.0,0.0,207.0,0.0,207.0,24588.0,2.0
2024,74,INTERNASIONAL,365.0,280.0,583.3333333333334,0.0,3.205,0.0,0.0,0.0,0.0,4.237,0.0,4.237,16.085,6.0
2020,75,INTERNASIONAL,73.0,2.0,1224.0,5548.0,9.0,373886.0,490194.0,6.27,3396.0,90.0,47.0,34333.0,57394.0,9.82
2020,76,INTERNASIONAL,5.0,44.0,931.4666666666667,582.0,45.0,891.0,504.0,0.94,27.0,72.0,7.0,1.0,431.0,8.02
2021,76,INTERNASIONAL,16.0,3.0,100.66666666666667,3.0,48.0,5.0,7.0,7.0,4.0,1.0,2.0,4.0,1.0,4.0
2022,76,INTERNASIONAL,1.0,47.0,802.75,7956.0,88.0,6349.0,7152.0,3.04,733.0,34.0,1.0,868.0,1083.0,3.92
2023,76,INTERNASIONAL,377.0,936.0,2200.116666666667,92595.0,189.0,136298.0,206623.0,65.96,11449.0,280.0,0.0,11729.0,29658.0,39.55
2024,76,INTERNASIONAL,1.454,991.0,2293.6666666666665,118.344,249.0,173.362,218.741,79.25,14560.0,362.0,0.0,14.922,31.856,47.0
2020,77,INTERNASIONAL,743.0,1.0,8278.8,24765.0,4.0,204559.0,719801.0,8.0,185379.0,18736.0,12.0,204207.0,101086.0,5.0
2021,77,INTERNASIONAL,1.0,791.0,1899.0,613705.0,11.0,5069203.0,6109781.0,2.97,17388.0,24359.0,5.0,41759.0,858034.0,4.14
2022,77,INTERNASIONAL,4791.0,2.0,25281.0,873475.0,5.0,7.0,9.0,7.0,430881.0,33127.0,11.0,464519.0,1.0,5.0
2023,77,INTERNASIONAL,22458.0,719.0,24471.0,1.0,638.0,214903.0,746023.0,4.03,613267.0,46579.0,713.0,660559.0,302619.0,0.71
2024,77,INTERNASIONAL,23921.0,2910.0,26114.0,62417.0,6797.0,8748290.0,10813260.0,80.9,743601.0,56122.0,857.0,800580.0,1406286.0,56.93
2020,78,INTERNASIONAL,374.0,961.0,2915.0833333333335,183189.0,256.0,220172.0,336331.0,6.1,806.0,38.0,0.0,371.0,43177.0,6.42
2021,78,INTERNASIONAL,8.0,7.0,1607.3333333333333,21790.0,1.0,31178.0,174100.0,8.0,2.0,1.0,2.0,2.0,23377.0,4.0
2022,78,INTERNASIONAL,673.0,301.0,9311.416666666666,744277.0,14.0,1009129.0,1172098.0,5.02,6179.0,41.0,0.0,8217.0,171836.0,3.29
2023,78,INTERNASIONAL,9.0,7.0,14960.416666666666,1386382.0,1.0,1661581.0,1954341.0,8.0,124618.0,2.0,0.0,124760.0,288193.0,4.0
2024,78,INTERNASIONAL,117.0,774.0,15802.483333333334,1438796.0,96.0,1721388.0,1994018.0,6.33,129105.0,32.0,0.0,129337.0,287434.0,5.0
2020,79,INTERNASIONAL,41.0,10.0,0.0,1.0,0.0,4.0,0.0,2.38,77.0,2.0,0.0,79.0,0.0,2.71
2021,79,INTERNASIONAL,6.0,1.0,0.0,187.0,25.0,867.0,6.0,8.0,8.0,2.0,0.0,8.0,0.0,8.0
2022,79,INTERNASIONAL,73.0,64.0,50.833333333333336,2.0,69.0,9.0,724.0,4.1,49.0,92.0,0.0,341.0,7.0,2.7
2023,79,INTERNASIONAL,2.0,6.0,833.6666666666666,2633.0,6.0,2795.0,110335.0,8.0,3.0,2.0,0.0,3.0,10086.0,8.0
2024,79,INTERNASIONAL,673.0,52.0,3312.75,95732.0,31.0,392500.0,438907.0,9.43,2261.0,586.0,0.0,4847.0,40098.0,6.9
2020,80,INTERNASIONAL,1.0,48.0,1333.0,10.0,1.0,33.0,39479.0,0.0,0.0,650.0,0.0,650.0,925.0,6.06
2021,80,INTERNASIONAL,77.0,54.0,290.25,0.0,114.0,0.0,0.0,0.08,0.0,3.0,0.0,3.0,8.0,3.0
2022,80,INTERNASIONAL,20.0,6.0,32.25,0.0,93.0,0.0,0.0,0.0,0.0,5.0,0.0,5.0,81.0,4.62
2023,81,INTERNASIONAL,5.0,1.0,0.0,0.0,0.0,0.0,0.0,5.0,5.0,0.0,0.0,5.0,0.0,0.0
2024,81,INTERNASIONAL,0.0,56.0,676.0,16553.0,0.0,52968.0,94282.0,6.18,79.0,0.0,0.0,79.0,0.0,0.0
2020,82,INTERNASIONAL,17.0,446.0,3057.9333333333334,973.0,313.0,8.0,741.0,0.46,64.0,26.0,0.0,90.0,81.0,2.03
2021,82,INTERNASIONAL,2.0,40.0,57.833333333333336,6.0,62.0,35.0,3.0,7.0,2.0,1.0,0.0,2.0,4.0,4.0
2022,82,INTERNASIONAL,0.0,42.0,6247.2,2.0,19.0,28992.0,7474.0,7.37,319.0,6.0,13.0,438.0,879.0,9.97
2020,83,INTERNASIONAL,6.0,5.0,6190.666666666667,134921.0,31506.0,117560.0,452406.0,4.96,9.0,31087.0,60.0,67865.0,99001.0,0.96
2021,83,INTERNASIONAL,574.0,721.0,4148.75,1265497.0,37458.0,1510600.0,1777988.0,8.0,52.0,35176.0,1.0,44327.0,497921.0,2.0
2022,83,INTERNASIONAL,1.0,1.0,11845.416666666666,2347691.0,37623.0,2881754.0,3436459.0,3.86,116314.0,37800.0,18.0,154174.0,898423.0,9.01
2023,83,INTERNASIONAL,3133.0,1111.0,32763.35,2.0,37644.0,3.0,3.0,8.0,221885.0,38643.0,8.0,260646.0,1.0,3.0
2024,83,INTERNASIONAL,14591.0,12341.0,30055.966666666667,690471.0,50031.0,334979.0,879960.0,5.95,256764.0,51351.0,4.0,308200.0,6224.0,0.63
2020,84,INTERNASIONAL,1.0,12.0,504.0,4579.0,2.0,80742.0,96362.0,8.0,893.0,7.0,0.0,994.0,11750.0,5.0
2021,84,INTERNASIONAL,715.0,5.0,9.0,12232.0,373.0,40178.0,96066.0,6.87,2.0,788.0,0.0,3.0,14165.0,2.86
2022,84,INTERNASIONAL,1.0,22.0,8.0,122101.0,1.0,401100.0,461730.0,7.0,8880.0,4.0,0.0,6668.0,69365.0,1.0
2023,84,INTERNASIONAL,669.0,508.0,2286.0,91812.0,481.0,301602.0,410974.0,3.39,21716.0,863.0,0.0,26579.0,239720.0,1.09
2024,84,INTERNASIONAL,1.643,500.0,2250.0,72.388,1.148,237.796,306.852,77.5,17114.0,3.771,0.0,20.885,174.978,12.0
2023,85,INTERNASIONAL,4.0,1.0,0.0,0.0,1.0,0.0,0.0,6.0,4.0,5.0,0.0,5.0,5.0,0.0
2024,85,INTERNASIONAL,69.0,21.0,780.1666666666666,13585.0,41.0,52775.0,87738.0,0.15,717.0,53.0,0.0,270.0,553.0,0.0
2021,97,INTERNASIONAL,3.0,0.0,0.0,0.0,0.0,0.0,0.0,8.0,4.0,0.0,0.0,4.0,5.0,8.0
2022,97,INTERNASIONAL,61.0,62.0,0.0,0.0,0.0,0.0,0.0,7.21,733.0,2.0,0.0,735.0,290.0,9.51
2023,97,INTERNASIONAL,3.0,6.0,501.1666666666667,10158.0,1.0,59160.0,67838.0,8.0,6.0,8.0,0.0,6.0,7.0,8.0
2024,97,INTERNASIONAL,644.0,26.0,4799.416666666667,141893.0,45.0,825855.0,974411.0,4.75,6005.0,44.0,3.0,6852.0,9129.0,4.0
2020,86,INTERNASIONAL,2.0,7.0,1071.0,1773.0,4.0,94938.0,135536.0,0.0,544.0,13.0,0.0,558.0,12499.0,0.0
2021,86,INTERNASIONAL,100.0,3.0,0.0,0.0,0.0,0.0,0.0,8.0,0.0,0.0,0.0,0.0,0.0,7.0
2022,86,INTERNASIONAL,5.0,1.0,3025.4166666666665,103571.0,7.0,309165.0,377735.0,1.85,27824.0,23.0,0.0,27847.0,34835.0,9.94
2023,86,INTERNASIONAL,406.0,926.0,7700.583333333333,270554.0,103.0,760598.0,973030.0,78.17,68453.0,272.0,0.0,68725.0,89732.0,76.59
2024,86,INTERNASIONAL,2.784,939.0,3962.3333333333335,134.556,1.0,398.988,501.343,79.58,35910.0,1.0,0.0,35.911,46.238,78.0
2020,87,INTERNASIONAL,652.0,76.0,1534.0,1.0,348.0,3.0,376001.0,1.38,2.0,554.0,80.0,793.0,56962.0,2.43
2021,87,INTERNASIONAL,5.0,2.0,313.3333333333333,318.0,8.0,63.0,69979.0,6.0,39.0,1.0,2.0,6.0,15298.0,5.0
2022,87,INTERNASIONAL,210.0,144.0,3913.1,230872.0,510.0,573581.0,803553.0,9.07,44738.0,5178.0,67.0,296.0,142109.0,2.3
2023,87,INTERNASIONAL,5.0,2.0,7206.966666666666,422337.0,1.0,1034378.0,1497540.0,7.0,111728.0,20078.0,2.0,132073.0,252520.0,4.0
2024,87,INTERNASIONAL,683.0,319.0,7836.616666666667,515621.0,978.0,1267959.0,1698175.0,4.67,98768.0,25988.0,42.0,124998.0,284617.0,4.0
2020,88,INTERNASIONAL,6.0,4.0,1201.7666666666667,2163.0,4.0,97607.0,165965.0,9.78,6.0,6.0,0.0,7.0,17047.0,2.58
2021,88,INTERNASIONAL,24.0,48.0,0.0,0.0,54.0,0.0,0.0,7.0,644.0,14.0,0.0,258.0,0.0,8.0
2022,88,INTERNASIONAL,9.0,6.0,51759.083333333336,63505.0,3.0,88475.0,126790.0,1.51,9.0,4.0,0.0,1.0,10000.0,2.62
2023,88,INTERNASIONAL,44.0,84.0,2394.0,94024.0,47.0,129677.0,181337.0,7.0,726.0,77.0,0.0,203.0,12350.0,8.0
2024,88,INTERNASIONAL,967.0,700.0,2400.0,101713.0,625.0,140593.0,184616.0,6.15,10536.0,865.0,0.0,11400.0,13768.0,2.8
2020,91,INTERNASIONAL,426.0,1.0,6713.0,123809.0,632.0,1179406.0,2385820.0,8.0,114782.0,45861.0,4.0,164080.0,323667.0,6.0
2021,91,INTERNASIONAL,1.0,62.0,8736.0,115624.0,1.0,3200279.0,3579421.0,9.41,107712.0,98251.0,92.0,206610.0,422110.0,0.24
2022,91,INTERNASIONAL,872.0,1.0,12902.833333333334,312658.0,1343.0,4.0,4.0,9.0,281219.0,115895.0,1.0,397606.0,660067.0,6.0
2023,91,INTERNASIONAL,14851.0,449.0,17563.5,438334.0,10839.0,491277.0,772701.0,4.1,396993.0,110887.0,971.0,509851.0,842088.0,0.55
2024,91,INTERNASIONAL,14948.0,1458.0,17418.0,442520.0,12466.0,4536371.0,4854766.0,93.44,401699.0,127589.0,1621.0,530909.0,821927.0,64.59
2020,92,INTERNASIONAL,0.0,0.0,304.6666666666667,139.0,0.0,20400.0,60753.0,0.0,0.0,0.0,0.0,0.0,15559.0,0.0
2021,92,INTERNASIONAL,0.0,0.0,0.0,0.0,0.0,0.0,0.0,0.0,0.0,0.0,0.0,0.0,0.0,2.0
2022,92,INTERNASIONAL,468.0,7.0,0.0,0.0,3.0,0.0,0.0,6.0,6.0,234.0,0.0,6.0,0.0,4.98
2023,92,INTERNASIONAL,1.0,2.0,612.0,11466.0,6.0,74323.0,118872.0,2.52,690.0,3.0,1.0,924.0,27717.0,2.0
2024,92,INTERNASIONAL,0.027,158.0,1343.0,20.94,545.0,135.731,255.953,53.03,12221.0,0.533,26.0,15.88,61.454,6.0
2020,94,INTERNASIONAL,484.0,295.0,1028.0333333333333,237.0,47.0,54159.0,85424.0,1.87,333.0,61.0,0.0,470.0,18987.0,3.5
2021,94,INTERNASIONAL,8.0,3.0,0.0,0.0,1.0,0.0,0.0,6.0,0.0,3.0,0.0,0.0,0.0,6.0
2022,94,INTERNASIONAL,925.0,456.0,5074.666666666667,215104.0,339.0,576497.0,802165.0,8.44,46131.0,284.0,0.0,46992.0,74005.0,0.8
2023,94,INTERNASIONAL,1.0,4.0,13095.016666666666,528254.0,3.0,1373171.0,2006532.0,7.0,109855.0,7.0,0.0,113139.0,186076.0,6.0
2024,94,INTERNASIONAL,1499.0,396.0,16889.85,696773.0,60.0,1827804.0,2479343.0,3.72,146222.0,435.0,0.0,153657.0,228545.0,7.23
2020,95,INTERNASIONAL,7.0,39.0,707.7666666666667,6378.0,1.0,55875.0,96104.0,5.0,0.0,2.0,0.0,943.0,612.0,5.0
2021,95,INTERNASIONAL,30.0,3.0,654.3,0.0,443.0,0.0,88720.0,8.92,5.0,750.0,0.0,7.0,1.0,0.7
2022,95,INTERNASIONAL,1.0,84.0,1055.0833333333333,33060.0,1.0,62712.0,106436.0,7.0,72.0,1.0,0.0,822.0,5427.0,5.0
2023,95,INTERNASIONAL,392.0,732.0,1984.1833333333334,102095.0,15.0,194066.0,256525.0,5.65,14770.0,936.0,0.0,16706.0,29829.0,6.01
2024,95,INTERNASIONAL,1.388,730.0,1968.8666666666666,104.95,1.28,199.092,255.705,77.86,15024.0,2.428,0.0,17.452,29.343,59.0
2020,96,INTERNASIONAL,5.0,254.0,3069.65,2883.0,46.0,0.0,0.0,6.69,5308.0,9.0,0.0,25517.0,90939.0,1.57
2021,96,INTERNASIONAL,637.0,3.0,0.0,0.0,0.0,860075.0,992147.0,8.0,0.0,0.0,0.0,0.0,0.0,2.0
2022,96,INTERNASIONAL,1.0,759.0,311.0,191303.0,0.0,2371246.0,2895466.0,1.9,77406.0,0.0,0.0,77406.0,245219.0,9.82
2023,96,INTERNASIONAL,6450.0,3.0,22314.416666666668,541491.0,0.0,2.0,2.0,8.0,213412.0,0.0,0.0,213412.0,715642.0,3.0
2024,96,INTERNASIONAL,15417.0,447.0,20488.083333333332,530262.0,0.0,370470.0,721595.0,7.1,213342.0,0.0,0.0,213342.0,670632.0,1.81
2022,98,INTERNASIONAL,0.0,0.0,0.0,0.0,0.0,0.0,0.0,0.0,0.0,0.0,0.0,0.0,1.0,2.0
2023,98,INTERNASIONAL,4.0,4.0,6.666666666666667,0.0,21.0,0.0,0.0,0.0,0.0,24.0,0.0,24.0,0.0,4.0
2020,99,INTERNASIONAL,34.0,83.0,769.0,873.0,97.0,86150.0,115037.0,2.15,8.0,0.0,0.0,846.0,14588.0,5.68
2021,99,INTERNASIONAL,7.0,1.0,444.1666666666667,2.0,1.0,35818.0,62660.0,8.0,344.0,4.0,0.0,1.0,12783.0,5.0
2022,99,INTERNASIONAL,0.0,823.0,975.25,9627.0,172.0,119204.0,191810.0,3.41,7.0,542.0,0.0,344.0,40284.0,3.93
2023,99,INTERNASIONAL,9.0,2.0,9376.916666666666,283914.0,8.0,1088953.0,1305573.0,8.0,8065.0,3.0,30.0,82637.0,153237.0,6.0
2024,99,INTERNASIONAL,643.0,509.0,13143.75,396305.0,19.0,1521122.0,1708554.0,9.03,106353.0,198.0,0.0,109551.0,179518.0,1.03
