waktu_id,rute_id,jumlah_penerbangan,jumlah_penumpang,kapasitas_seat,jumlah_barang_kg,jumlah_pos_kg,load_factor_pct
2020,1,35,1399,5600,2043.0,0.0,24.98
2020,2,205,9916,14064,629.0,0.0,70.51
2020,4,1980,185676,323748,411880.0,5406.0,57.35
2020,5,153,9675,23868,0.0,0.0,40.54
2020,6,1778,220999,318042,202254.0,6021.0,69.49
2020,8,502,45498,78378,12709.0,40.0,58.05
2020,9,190,11254,31760,0.0,2.0,35.43
2020,12,916,34403,62402,60530.0,0.0,55.13
2020,13,108,7163,29430,408030.0,207354.0,24.34
2020,14,470,64011,84772,2544.0,0.0,75.51
2020,15,167,18665,59118,31228.0,15382.0,31.57
2020,17,912,80802,147588,2165767.0,83254.0,54.75
2020,18,203,9175,14616,42919.0,0.0,62.77
2020,20,1126,47499,81072,179106.0,0.0,58.59
2020,21,88,2730,6336,1870.0,0.0,43.09
2020,22,620,25258,44640,17339.0,0.0,56.58
2020,23,98,4325,7056,3715.0,0.0,61.3
2020,24,304,7154,15200,543.0,0.0,47.07
2020,25,309,18780,27864,5187.0,0.0,67.4
2020,26,74,1865,3700,553.0,0.0,50.41
2020,27,188,23092,36416,122505.0,20.0,63.41
2020,28,567,24035,40824,45888.0,0.0,58.87
2020,29,232,17802,36732,11549.0,1054.0,48.46
2020,30,1696,216419,337454,1772306.0,134696.0,64.13
2020,31,319,32358,113013,3327856.0,38907.0,28.63
2020,32,1214,56264,86404,229616.0,0.0,65.12
2020,33,98,8480,18522,67437.0,0.0,45.78
2020,34,1817,111234,181318,218469.0,7475.0,61.35
2020,35,188,9249,13536,77.0,0.0,68.33
2020,36,5220,516629,925249,10188322.0,226844.0,55.84
2020,38,171,16050,36765,12921.0,2.0,43.66
2020,40,584,27650,42048,43069.0,0.0,65.76
2020,41,152,13177,28754,55791.0,1.0,45.83
2020,45,1218,130068,239845,514584.0,410.0,54.23
2020,46,3921,490201,769688,3695630.0,32869.0,63.69
2020,47,370,45921,77351,45211.0,0.0,59.37
2020,48,744,59226,130219,264183.0,200.0,45.48
2020,49,293,18765,52983,424672.0,0.0,35.42
2020,52,693,62588,124326,361110.0,351.0,50.34
2020,53,924,37867,65634,81624.0,0.0,57.69
2020,54,576,40937,104091,673891.0,0.0,39.33
2020,55,591,72959,103698,2182.0,0.0,70.36
2020,57,279,18938,50337,516221.0,0.0,37.62
2020,58,658,26016,68994,75952.0,0.0,37.71
2020,59,340,33287,58440,17828.0,0.0,56.96
2020,60,150,4307,10800,580.0,0.0,39.88
2020,61,797,27477,57140,72894.0,0.0,48.09
2020,62,1583,59426,113366,323007.0,0.0,52.42
2020,63,644,25533,46136,62983.0,0.0,55.34
2020,64,68,5354,12852,84409.0,0.0,41.66
2020,65,2965,200366,304911,1166636.0,16213.0,65.71
2020,66,43,2196,6714,5843.0,5.0,32.71
2020,71,607,75831,109840,809797.0,24615.0,69.04
2020,72,198,8073,13860,22307.0,162.0,58.25
2020,73,672,72736,121676,929356.0,37155.0,59.78
2020,75,1303,58372,92194,195422.0,0.0,63.31
2020,76,655,24944,47160,22090.0,0.0,52.89
2020,79,5,876,1075,0.0,1080.0,81.49
2020,80,754,75243,141884,5357237.0,49378.0,53.03
2020,81,166,40287,59126,495561.0,12815.0,68.14
2020,82,158,4655,11376,3785.0,0.0,40.92
2020,83,2770,316274,532623,1874021.0,12873.0,59.38
2020,84,183,8525,13172,363.0,0.0,64.72
2020,85,157,4529,11304,2516.0,0.0,40.07
2020,87,1067,48422,85988,41823.0,0.0,56.31
2020,89,1845,96362,141720,43201.0,0.0,67.99
2020,90,626,21942,45072,14270.0,0.0,48.68
2020,91,540,101938,130378,119319.0,0.0,78.19
2020,94,6576,604488,1175937,13518772.0,355023.0,51.4
2020,96,194,17206,34920,75987.0,0.0,49.27
2020,97,198,6916,9504,398.0,0.0,72.77
2020,99,147,9988,27809,75776.0,11.0,35.92
2020,102,205,8096,14760,3052.0,0.0,54.85
2020,104,202,19255,38698,79996.0,251.0,49.76
2020,105,153,5370,11016,81.0,0.0,48.75
2020,107,333,12387,23682,69028.0,0.0,52.31
2020,108,716,97634,141958,522202.0,75.0,68.78
2020,109,100,11317,18900,17776.0,140.0,59.88
2020,110,357,6069,10200,2278167.0,0.0,59.5
2020,112,483,58681,93211,459615.0,101.0,62.96
2020,113,4754,569223,917020,5126412.0,68523.0,62.07
2020,114,308,11819,22176,25078.0,0.0,53.3
2020,115,2287,295371,429782,4750459.0,3274.0,68.73
2020,117,2457,310041,460813,1294377.0,1962.0,67.28
2020,118,1318,144689,243498,1021913.0,1028.0,59.42
2020,120,6312,620767,1132035,13600327.0,1167519.0,54.84
2020,121,343,42461,68891,88222.0,217.0,61.64
2020,122,104,7809,18720,8744.0,0.0,41.71
2020,123,202,8531,14544,1241.0,0.0,58.66
2020,125,150,17612,28350,86952.0,20.0,62.12
2020,126,3088,385556,593207,2744946.0,49078.0,65.0
2020,128,354,14582,25488,1296.0,0.0,57.21
2020,130,631,32833,49464,203478.0,0.0,66.38
2020,131,1462,196269,289424,540166.0,896.0,67.81
2020,132,188,21839,40342,21705.0,5.0,54.13
2020,133,1807,237794,348207,1092489.0,662.0,68.29
2020,134,1145,118270,213441,578543.0,201.0,55.41
2020,135,534,58770,100053,118897.0,310.0,58.74
2020,136,204,5534,14688,1805.0,0.0,37.68
2020,137,314,38698,65794,335287.0,148.0,58.82
2020,138,2369,281398,471281,3567606.0,14031.0,59.71
2020,139,212,6546,15264,0.0,0.0,42.89
2020,140,329,34127,70163,63961.0,50.0,48.64
2020,141,206,7742,14832,7912.0,0.0,52.2
2020,142,166,20053,33844,97698.0,0.0,59.25
2020,143,1727,150467,296316,3753185.0,65751.0,50.78
2020,144,1300,153385,258506,788452.0,9835.0,59.34
2020,145,378,42250,68040,348.0,0.0,62.1
2020,146,98,5667,7056,56469.0,0.0,80.31
2020,147,194,7857,13968,50.0,0.0,56.25
2020,148,173,13241,20744,79313.0,0.0,63.83
2020,149,178,8921,12816,0.0,0.0,69.61
2020,151,1235,80017,185753,189236.0,0.0,43.08
2020,152,240,4299,16800,20.0,0.0,25.59
2020,153,746,21869,52896,19314.0,0.0,41.34
2020,154,1093,41976,78696,542.0,0.0,53.34
2020,156,453,32661,69413,4898427.0,74304.0,47.05
2020,157,234,42634,56527,523942.0,7270.0,75.42
2020,158,26,4862,5590,964.0,4592.0,86.98
2020,160,158,24579,29334,183742.0,0.0,83.79
2020,163,4492,457132,796805,4664254.0,16413.0,57.37
2020,164,833,80969,143936,987147.0,73652.0,56.25
2020,165,1155,129366,315655,12742045.0,102975.0,40.98
2020,166,15111,1549163,2907008,20444625.0,605309.0,53.29
2020,167,996,100590,166543,880744.0,2819.0,60.4
2020,169,752,153952,259464,11003627.0,474710.0,59.33
2020,170,88,13934,18440,99303.0,0.0,75.56
2020,171,180,18530,28080,210729.0,6924.0,65.99
2020,172,28,3776,6080,360.0,280.0,62.11
2020,173,11,0,0,266556.0,0.0,0.0
2020,175,1661,126154,378128,33074569.0,267619.0,33.36
2020,176,770,95109,206320,9003010.0,9963.0,46.1
2020,177,1423,135600,329658,22368010.0,522443.0,41.13
2020,178,385,81708,122926,4159627.0,65824.0,66.47
2020,179,891,233867,356352,3196499.0,38525.0,65.63
2020,180,66,7688,11880,3458.0,0.0,64.71
2020,182,1084,93971,179202,1805232.0,38702.0,52.44
2020,183,159,14477,39554,1765615.0,0.0,36.6
2020,184,76,3688,13680,0.0,0.0,26.96
2020,185,26,2907,4056,0.0,0.0,71.67
2020,186,14026,1544801,2602045,24109634.0,904519.0,59.37
2020,187,702,61566,109228,944393.0,9636.0,56.36
2020,188,4794,510306,930797,9005311.0,202286.0,54.82
2020,190,983,72521,160796,303463.0,1576.0,45.1
2020,191,379,36344,54106,48566.0,473.0,67.17
2020,192,3577,398833,652790,4858534.0,78629.0,61.1
2020,193,150,34700,42948,1222447.0,4333.0,80.8
2020,194,3638,330664,623950,7741683.0,229377.0,53.0
2020,195,213,56248,83985,23625.0,0.0,66.97
2020,196,203,22059,46859,2663234.0,14340.0,47.08
2020,198,194,19028,30396,118954.0,5830.0,62.6
2020,199,1356,130133,235424,200143.0,524.0,55.28
2020,200,420,41688,81594,901463.0,0.0,51.09
2020,202,18,1049,2808,0.0,0.0,37.36
2020,203,1275,113651,275456,16295309.0,596380.0,41.26
2020,204,6440,728179,1186943,7673882.0,202554.0,61.35
2020,205,40,7143,11600,263399.0,0.0,61.58
2020,206,761,61185,103761,4525252.0,966.0,58.97
2020,207,4272,439032,743719,5411998.0,40952.0,59.03
2020,208,6899,725399,1202886,11024406.0,270462.0,60.3
2020,209,2271,204823,395615,5131284.0,78902.0,51.77
2020,210,6973,741703,1221015,3983011.0,58541.0,60.74
2020,211,1167,89156,177901,3061703.0,34297.0,50.12
2020,212,40,3032,7200,0.0,0.0,42.11
2020,213,8289,894422,1435678,13041635.0,413975.0,62.3
2020,214,379,18292,38258,5699525.0,348173.0,47.81
2020,215,79,24632,32421,402227.0,251.0,75.98
2020,216,8032,618117,1266002,58849280.0,200832.0,48.82
2020,217,329,25233,39198,503965.0,0.0,64.37
2020,218,3153,298253,575315,2161624.0,46945.0,51.84
2020,219,1146,95266,185814,1434307.0,61600.0,51.27
2020,220,6962,646973,1158882,5933482.0,12204.0,55.83
2020,221,226,18867,33136,45.0,0.0,56.94
2020,222,14844,1547687,2635164,15753425.0,388367.0,58.73
2020,223,391,52119,96235,3907256.0,643529.0,54.16
2020,224,416,0,66,6940978.0,0.0,0.0
2020,225,315,8821,25116,3609199.0,0.0,35.12
2020,226,38,3139,9348,6094.0,4.0,33.58
2020,228,311,24748,50994,115325.0,1052.0,48.53
2020,229,2643,211445,426781,2635279.0,22167.0,49.54
2020,230,4688,523150,808435,1439040.0,12068.0,64.71
2020,231,1267,101770,217211,2861146.0,103926.0,46.85
2020,232,1760,123083,403894,35355844.0,355503.0,30.47
2020,233,171,18904,32657,330081.0,3515.0,57.89
2020,234,800,65983,129979,1481651.0,54508.0,50.76
2020,235,15065,1579052,2660708,28494003.0,1140884.0,59.35
2020,238,62,7762,10540,73406.0,0.0,73.64
2020,239,4618,370933,811190,2271431.0,9641.0,45.73
2020,241,128,19709,23184,1625.0,0.0,85.01
2020,244,26,5309,5590,0.0,5640.0,94.97
2020,247,711,35482,49268,236874.0,0.0,72.02
2020,248,181,5881,12308,64123.0,0.0,47.78
2020,251,326,18115,60138,25918.0,0.0,30.12
2020,252,167,6544,12024,4474.0,0.0,54.42
2020,253,151,5216,10872,3466.0,0.0,47.98
2020,254,170,5935,12240,4972.0,0.0,48.49
2020,255,313,16274,22312,2610.0,0.0,72.94
2020,256,151,4375,10872,10248.0,0.0,40.24
2020,258,657,78591,123865,824924.0,45629.0,63.45
2020,259,245,29098,46167,342474.0,0.0,63.03
2020,260,682,34176,48860,176975.0,783.0,69.95
2020,261,1293,19938,31504,3264392.0,0.0,63.29
2020,262,375,46390,65446,140777.0,751.0,70.88
2020,263,28,2675,5040,8908.0,0.0,53.08
2020,264,1145,120392,192361,1677133.0,88316.0,62.59
2020,265,410,14025,20500,28020.0,0.0,68.41
2020,266,1567,194319,285337,1647111.0,105154.0,68.1
2020,267,11477,112182,162236,81469464.0,0.0,69.15
2020,268,353,10478,17650,3137.0,0.0,59.37
2020,269,203,9106,14616,45084.0,0.0,62.3
2020,270,608,154630,204649,2574348.0,396505.0,75.56
2020,272,199,26290,36774,4027.0,0.0,71.49
2020,273,337,90236,131394,602638.0,617669.0,68.68
2020,274,20,2824,3780,0.0,0.0,74.71
2020,275,82,8971,14760,0.0,0.0,60.78
2020,276,64,10445,12616,0.0,3531.0,82.79
2020,277,448,88871,123304,3094639.0,1618.0,72.07
2020,280,386,84331,122772,1690005.0,181299.0,68.69
2020,281,161,42101,48794,331960.0,267693.0,86.28
2020,282,1029,114164,182283,170813.0,1900.0,62.63
2020,283,151,21804,38333,1014864.0,251.0,56.88
2020,284,294,27128,57514,18481.0,12.0,47.17
2020,285,99,13008,37829,653484.0,8832.0,34.39
2020,286,1064,87943,199317,1466869.0,48064.0,44.12
2020,287,2696,367601,524874,311927.0,0.0,70.04
2020,288,1731,114812,225134,172895.0,503.0,51.0
2020,289,3114,246289,408254,167038.0,4186.0,60.33
2020,290,170,14776,36550,45703.0,652.0,40.43
2020,291,1261,190423,336365,1933827.0,44576.0,56.61
2020,292,475,63393,94051,537781.0,0.0,67.4
2020,293,402,22053,37318,108743.0,0.0,59.09
2020,294,38,5791,7182,0.0,0.0,80.63
2020,295,181,37003,57250,1067697.0,7670.0,64.63
2020,298,20,1671,3520,0.0,0.0,47.47
2020,299,162,7964,16960,16963.0,2774.0,46.96
2020,303,127,24705,35369,726195.0,4650.0,69.85
2020,304,2853,430904,660601,1964399.0,35412.0,65.23
2020,305,842,91611,172045,141769.0,108.0,53.25
2020,307,849,39937,83300,163792.0,0.0,47.94
2020,308,5349,552364,962668,1032437.0,71855.0,57.38
2020,309,102,35548,46607,8683.0,80386.0,76.27
2020,311,908,167965,219790,2189067.0,21821.0,76.42
2020,312,99,14976,19965,84691.0,4880.0,75.01
2020,313,345,24027,56234,552741.0,40084.0,42.73
2020,315,1001,62065,89394,173988.0,0.0,69.43
2020,316,436,63362,129180,3721339.0,13576.0,49.05
2020,317,1802,193203,337707,1371338.0,45284.0,57.21
2020,318,748,33886,59760,85793.0,0.0,56.7
2020,319,30,5693,6242,1304.0,4250.0,91.2
2020,321,562,28863,93760,138952.0,16.0,30.78
2020,322,166,5033,11952,1186.0,0.0,42.11
2020,323,68,5833,12240,0.0,0.0,47.66
2020,324,168,5825,12096,0.0,0.0,48.16
2020,325,194,10380,13968,137.0,0.0,74.31
2020,326,1616,83415,115188,424354.0,0.0,72.42
2020,327,837,39267,59924,83129.0,0.0,65.53
2020,328,568,20825,40896,24985.0,0.0,50.92
2020,331,760,26406,54484,26916.0,0.0,48.47
2020,333,3089,137156,230074,324846.0,0.0,59.61
2020,334,130,4703,9360,88.0,0.0,50.25
2020,335,615,25894,44280,5309.0,0.0,58.48
2020,336,259,7344,18648,277.0,0.0,39.38
2020,337,1641,169643,290651,2242518.0,33732.0,58.37
2020,338,225,26035,50341,3935256.0,0.0,51.72
2020,340,2677,235838,440740,50727.0,0.0,53.51
2020,341,2169,208025,359670,2844432.0,10599.0,57.84
2020,342,97,8268,15132,11517.0,0.0,54.64
2020,343,175,14600,28548,9793.0,10.0,51.14
2020,344,1595,147444,267420,51093.0,91.0,55.14
2020,345,1379,137069,230556,1561072.0,1095.0,59.45
2020,346,445,46625,69444,380976.0,546.0,67.14
2020,347,1802,182627,300060,438455.0,388.0,60.86
2020,349,209,0,0,2871218.0,0.0,0.0
2020,350,1199,107840,210048,324861.0,730.0,51.34
2020,351,1359,130317,229914,448744.0,412.0,56.68
2020,352,2884,308889,480126,612652.0,2420.0,64.33
2020,353,122,10241,21960,1149.0,0.0,46.63
2020,354,590,33370,59188,2545.0,0.0,56.38
2020,356,177,16307,27612,173416.0,8156.0,59.06
2020,357,552,36282,93468,34423.0,1.0,38.82
2020,358,176,6063,12672,19485.0,0.0,47.85
2020,359,49,11500,22022,800.0,5140.0,52.22
2020,360,167,58719,73940,57942.0,38720.0,79.41
2020,361,15,6105,6544,0.0,4200.0,93.29
2020,362,113,12559,20340,98.0,0.0,61.75
2020,363,1689,57106,120940,75250.0,0.0,47.22
2020,364,398,12356,28656,23158.0,0.0,43.12
2020,365,278,22193,36864,694.0,0.0,60.2
2020,366,190,19325,39992,74771.0,100.0,48.32
2020,367,3774,488258,702544,3641653.0,108836.0,69.5
2020,368,611,25073,43992,33484.0,0.0,56.99
2020,369,312,1520,3744,6025.0,11.0,40.6
2020,370,132,11120,28328,72116.0,0.0,39.25
2020,375,60,2586,11340,27384.0,0.0,22.8
2020,376,53,2362,3816,2793.0,0.0,61.9
2020,377,313,15887,22536,75867.0,0.0,70.5
2020,378,1368,153852,244540,509707.0,436.0,62.91
2020,381,396,18229,28484,25846.0,0.0,64.0
2020,383,33,9776,14850,0.0,0.0,65.83
2020,384,240,10011,17280,2179.0,0.0,57.93
2020,385,544,68074,114371,109091.0,7815.0,59.52
2020,386,1055,115762,195045,621380.0,280.0,59.35
2020,387,1142,138355,227016,183362.0,445.0,60.95
2020,388,539,45893,78511,131552.0,12075.0,58.45
2020,389,646,56322,108828,975027.0,0.0,51.75
2020,390,344,12709,24768,45315.0,0.0,51.31
2020,394,182,5945,13104,40.0,0.0,45.37
2020,395,199,16560,37677,156141.0,0.0,43.95
2020,396,335,11678,26506,25331.0,0.0,44.06
2020,397,992,49082,70386,206735.0,0.0,69.73
2020,398,234,7684,10998,72193.0,0.0,69.87
2020,399,1216,68122,98855,395832.0,0.0,68.91
2020,400,355,10087,18520,109820.0,0.0,54.47
2020,401,652,28043,46944,23360.0,0.0,59.74
2020,402,167,515,2004,1160.0,0.0,25.7
2020,403,2583,292954,482962,4137238.0,115928.0,60.66
2020,404,1220,65624,98880,417730.0,0.0,66.37
2020,405,311,14833,31392,33636.0,818.0,47.25
2020,406,1393,60248,106778,347598.0,0.0,56.42
2020,407,582,23744,41724,3224.0,0.0,56.91
2020,409,2562,119265,184282,104377.0,0.0,64.72
2020,410,405,16880,29106,23903.0,0.0,57.99
2020,412,325,38136,58500,442.0,0.0,65.19
2020,413,470,53952,84600,90756.0,0.0,63.77
2020,414,420,46980,75240,93490.0,0.0,62.44
2020,415,222,24362,39960,2880.0,0.0,60.97
2020,416,156,17101,28080,2469.0,0.0,60.9
2020,417,34,5446,7218,0.0,0.0,75.45
2020,418,176,21225,31680,0.0,0.0,67.0
2020,419,1494,146705,263260,829761.0,0.0,55.73
2020,421,156,20784,28080,164653.0,0.0,74.02
2020,422,14,772,2520,655.0,0.0,30.63
2020,424,379,15265,27288,4929.0,0.0,55.94
2020,425,201,6547,14472,520.0,0.0,45.24
2020,426,195,5323,14040,2834.0,0.0,37.91
2020,428,627,52332,96882,197304.0,646.0,54.02
2020,430,57,1613,3990,13059.0,0.0,40.43
2020,432,284,11121,20448,5509.0,0.0,54.39
2020,434,555,11520,18720,653.0,34.0,61.54
2020,435,76,5656,11004,3254.0,0.0,51.4
2020,437,3142,364885,605590,2208406.0,38708.0,60.25
2020,438,1047,48078,75384,32511.0,0.0,63.78
2020,439,90,8776,19194,5006.0,0.0,45.72
2020,440,99,8936,21259,7008.0,60.0,42.03
2020,441,50,1660,3600,2.0,0.0,46.11
2020,442,407,14544,29304,4163.0,0.0,49.63
2020,443,575,22073,41400,3160.0,0.0,53.32
2020,444,935,81487,144484,601052.0,1043.0,56.4
2020,445,287,11978,20664,4038.0,0.0,57.97
2020,446,214,7432,15408,5593.0,0.0,48.23
2020,448,14,2457,3010,0.0,2457.0,81.63
2020,449,92,9790,14904,75679.0,0.0,65.69
2020,450,266,38920,55302,73856.0,0.0,70.38
2020,451,380,46666,76630,409466.0,791.0,60.9
2020,453,1253,62159,92081,92081.0,1479.0,67.5
2020,454,2120,266729,415894,2461161.0,67050.0,64.13
2020,455,45,17696,20250,0.0,0.0,87.39
2020,457,1163,48267,91752,34293.0,0.0,52.61
2020,458,200,4954,10000,10888.0,0.0,49.54
2020,459,394,50525,64596,257551.0,7276.0,78.22
2020,460,188,9173,13536,6020.0,0.0,67.77
2020,461,1286,143270,202701,1174131.0,992.0,70.68
2020,462,1100,124847,192487,1055863.0,18061.0,64.86
2020,463,132,4240,9504,0.0,0.0,44.61
2020,465,590,25412,42362,47849.0,0.0,59.99
2020,466,286,8839,20592,157.0,0.0,42.92
2020,467,536,23520,38592,7668.0,0.0,60.95
2020,468,71,3074,5112,792.0,0.0,60.13
2020,469,420,21206,29896,15605.0,86.0,70.93
2020,470,297,6381,13884,734.0,4.0,45.96
2020,471,75,167,900,114.0,0.0,18.56
2020,473,12,308,840,0.0,0.0,36.67
2020,474,192,9551,13824,1173.0,0.0,69.09
2020,480,158,8095,11376,508.0,0.0,71.16
2020,482,128,11010,27312,64598.0,215.0,40.31
2020,483,4,576,860,0.0,0.0,66.98
2020,484,110,12884,19800,814.0,0.0,65.07
2020,485,1251,101912,137880,190018.0,154.0,73.91
2020,487,1309,80532,113824,187155.0,74.0,70.75
2020,489,280,9784,20160,11023.0,0.0,48.53
2020,490,274,9641,19728,5807.0,0.0,48.87
2020,491,100,10350,18000,3587.0,0.0,57.5
2020,494,199,24240,40029,233430.0,325.0,60.56
2020,495,120,2095,8640,0.0,0.0,24.25
2020,496,202,5910,14544,13911.0,0.0,40.64
2020,497,529,46912,97043,587478.0,0.0,48.34
2020,498,7,0,0,17681.0,0.0,0.0
2020,499,213,7034,15336,12905.0,0.0,45.87
2020,501,1007,142995,211429,1065163.0,3858.0,67.63
2020,502,410,34584,64032,87687.0,0.0,54.01
2020,503,108,12493,19440,6568.0,0.0,64.26
2020,504,200,15213,35658,109690.0,0.0,42.66
2020,505,221,28176,42066,160158.0,1927.0,66.98
2020,506,389,14882,27752,6080.0,0.0,53.62
2020,507,200,7319,23600,37425.0,0.0,31.01
2020,508,102,11026,19564,75862.0,0.0,56.36
2020,509,194,7376,13968,6556.0,0.0,52.81
2020,510,152,5558,10944,0.0,0.0,50.79
2020,511,1854,198172,328906,2823317.0,102553.0,60.25
2020,512,674,27467,48372,10129.0,0.0,56.78
2020,513,244,18305,28910,252314.0,0.0,63.32
2020,514,466,20134,33548,2142.0,0.0,60.02
2020,515,197,19635,37233,134437.0,0.0,52.74
2020,516,1079,127165,199188,723442.0,9894.0,63.84
2020,518,179,19537,33642,29299.0,10.0,58.07
2020,519,216,23996,40824,20359.0,10.0,58.78
2020,520,176,5910,12672,6917.0,0.0,46.64
2020,522,382,16651,27504,15723.0,0.0,60.54
2020,523,158,15626,27216,49634.0,0.0,57.41
2020,524,1276,129661,252512,6341673.0,40.0,51.35
2020,525,60,5802,9000,54038.0,0.0,64.47
2020,526,4,28,720,0.0,0.0,3.89
2020,528,45,1425,2148,0.0,0.0,66.34
2020,529,1035,60626,89172,291717.0,0.0,67.99
2020,530,183,19946,28548,67968.0,2149.0,69.87
2020,531,157,16342,29535,94123.0,0.0,55.33
2020,532,1722,180422,279695,1828990.0,42048.0,64.51
2020,533,74,1847,3700,0.0,0.0,49.92
2020,534,1636,68669,136648,225310.0,0.0,50.25
2020,535,345,35637,65761,395147.0,0.0,54.19
2020,537,134,3562,9648,6531.0,0.0,36.92
2020,539,213,25587,41349,226965.0,710.0,61.88
2020,540,86,8095,15840,32993.0,0.0,51.1
2020,541,6510,775928,1183158,8741138.0,171260.0,65.58
2020,543,1145,120103,193477,1181685.0,66138.0,62.08
2020,544,760,4000,6192,5052079.0,0.0,64.6
2020,545,185,33,2220,1360.0,15.0,1.49
2020,546,124,8420,18626,32213.0,0.0,45.21
2020,547,76,2151,5168,0.0,0.0,41.62
2020,548,267,36869,52049,67760.0,257.0,70.84
2020,549,52,3010,9828,3979.0,0.0,30.63
2020,551,1446,182962,243876,1870229.0,14506.0,75.02
2020,553,1362,134387,254000,1467582.0,232.0,52.91
2021,1,66,3014,10692,4446.0,0.0,28.19
2021,4,1545,179641,246410,2108827.0,25639.0,72.9
2021,6,1633,219224,290371,881743.0,1271.0,75.5
2021,8,261,26769,40812,23643.0,62.0,65.59
2021,9,186,21286,35154,16059.0,159.0,60.55
2021,12,277,11747,19944,25541.0,4522.0,58.9
2021,13,252,5658,71730,2859277.0,1238330.0,7.89
2021,16,526,18448,37872,21384.0,1117.0,48.71
2021,17,1125,114247,188328,2283066.0,114598.0,60.66
2021,18,243,11053,17496,58840.0,8907.0,63.17
2021,20,1267,67907,99978,299310.0,48480.0,67.92
2021,21,74,1827,5471,7463.0,0.0,33.39
2021,22,451,20470,32472,21233.0,3436.0,63.04
2021,23,3,65,216,293.0,0.0,30.09
2021,24,136,3009,6550,1.0,0.0,45.94
2021,25,649,31419,48372,26521.0,2252.0,64.95
2021,27,188,23651,39848,133645.0,325.0,59.35
2021,28,642,32313,46224,133658.0,19577.0,69.91
2021,29,147,12472,25092,37052.0,0.0,49.71
2021,30,1943,229884,373381,1627866.0,6455.0,61.57
2021,31,140,8293,51623,2554118.0,0.0,16.06
2021,32,841,43579,60552,177590.0,26262.0,71.97
2021,33,28,1687,5292,4560.0,0.0,31.88
2021,34,1227,64828,106225,211930.0,23324.0,61.03
2021,35,292,12619,21024,5460.0,477.0,60.02
2021,36,4925,513477,826150,9977244.0,89403.0,62.15
2021,38,24,1727,4744,132.0,0.0,36.4
2021,39,28,1011,2016,0.0,0.0,50.15
2021,40,489,26025,35208,36398.0,6213.0,73.92
2021,44,54,1362,3888,1185.0,8.0,35.03
2021,45,1111,137789,199414,657803.0,378.0,69.1
2021,46,3509,451037,642867,5020960.0,5066.0,70.16
2021,47,1,29,162,0.0,0.0,17.9
2021,48,387,51943,76850,150181.0,673.0,67.59
2021,49,612,51362,99176,1017360.0,0.0,51.79
2021,52,1358,153139,236240,564934.0,1250.0,64.82
2021,53,202,6074,13920,3305.0,749.0,43.64
2021,54,1020,94387,175782,1041187.0,351.0,53.7
2021,57,371,23172,58443,665148.0,0.0,39.65
2021,58,389,18370,43023,41415.0,1311.0,42.7
2021,61,121,2832,8712,958.0,0.0,32.51
2021,62,946,38594,65872,124949.0,8505.0,58.59
2021,63,8,201,576,234.0,0.0,34.9
2021,64,116,12734,21924,127913.0,0.0,58.08
2021,65,2077,193074,250614,1136324.0,1382.0,77.04
2021,66,11,639,1716,3748.0,0.0,37.24
2021,69,179,21318,33831,41725.0,0.0,63.01
2021,71,886,105522,161905,906649.0,3.0,65.18
2021,72,294,8930,20580,41117.0,0.0,43.39
2021,73,860,86804,158483,985980.0,0.0,54.77
2021,75,1194,54858,84070,86888.0,19320.0,65.25
2021,76,509,20666,36648,27678.0,6807.0,56.39
2021,80,740,7527,149879,10166106.0,1140.0,5.02
2021,82,24,624,1728,1625.0,78.0,36.11
2021,83,2327,276352,397332,1125155.0,3694.0,69.55
2021,87,739,32536,53208,34070.0,4332.0,61.15
2021,89,1312,76758,94464,51070.0,7219.0,81.26
2021,90,408,17163,29376,15049.0,3504.0,58.43
2021,91,4,319,720,0.0,0.0,44.31
2021,94,6051,667857,1064424,14619276.0,127488.0,62.74
2021,96,319,26863,50641,66807.0,0.0,53.05
2021,102,52,1728,3744,2072.0,0.0,46.15
2021,104,116,7967,16822,9087.0,0.0,47.36
2021,105,12,337,864,97.0,0.0,39.0
2021,106,98,3069,15330,2620.0,0.0,20.02
2021,107,172,6378,12240,22707.0,1331.0,52.11
2021,108,550,63176,93738,138144.0,176.0,67.4
2021,110,399,0,0,3926589.0,0.0,0.0
2021,112,415,55982,86807,265400.0,453.0,64.49
2021,113,3893,521040,722729,5247344.0,19966.0,72.09
2021,114,50,2478,3600,863.0,112.0,68.83
2021,115,2155,262834,341554,5023639.0,3323.0,76.95
2021,117,2318,310858,426765,1235555.0,1328.0,72.84
2021,118,1731,236978,314957,1239420.0,1032.0,75.24
2021,120,6464,722994,1108247,12098617.0,123514.0,65.24
2021,121,59,4325,8967,2388.0,0.0,48.23
2021,126,2821,393038,534830,2281292.0,3902.0,73.49
2021,128,311,13520,22392,5806.0,0.0,60.38
2021,130,641,34968,46872,154004.0,20127.0,74.6
2021,131,1440,181097,257455,387470.0,590.0,70.34
2021,132,32,1522,2421,606.0,0.0,62.87
2021,133,1893,227947,338063,631901.0,147.0,67.43
2021,134,910,95047,156788,658987.0,439.0,60.62
2021,135,460,42679,79685,68398.0,693.0,53.56
2021,137,94,9039,19014,16474.0,343.0,47.54
2021,138,1825,252369,352984,3562847.0,7028.0,71.5
2021,139,15,0,1080,4492.0,0.0,0.0
2021,140,108,9349,16564,5320.0,0.0,56.44
2021,141,3,89,306,37.0,0.0,29.08
2021,142,156,17939,33228,37957.0,161.0,53.99
2021,143,1427,145890,283248,5233508.0,45083.0,51.51
2021,144,1822,157013,268477,769828.0,2326.0,58.48
2021,147,298,15664,21456,8575.0,290.0,73.01
2021,148,20,1665,2400,50.0,0.0,69.38
2021,149,6,145,432,67.0,0.0,33.56
2021,151,535,40327,83578,153847.0,0.0,48.25
2021,152,334,5785,21588,336.0,0.0,26.8
2021,153,470,10106,31000,1853.0,12.0,32.6
2021,154,33,1000,2372,180.0,0.0,42.16
2021,156,620,13213,186011,13983835.0,4126.0,7.1
2021,158,2,130,378,0.0,250.0,34.39
2021,160,112,12232,29246,1248611.0,0.0,41.82
2021,163,3626,414903,610439,3493593.0,110249.0,67.97
2021,164,789,69401,128765,1121670.0,151.0,53.9
2021,165,1418,194624,382972,15993771.0,77839.0,50.82
2021,166,14974,2002789,2977867,21365798.0,196771.0,67.26
2021,167,1223,124119,193986,1896976.0,18412.0,63.98
2021,169,999,173989,387632,19813415.0,206404.0,44.89
2021,170,82,8873,15629,86041.0,0.0,56.77
2021,171,140,4156,6857,159387.0,0.0,60.61
2021,175,1120,40022,284647,28273683.0,143413.0,14.06
2021,176,710,33339,203720,12819125.0,76095.0,16.37
2021,177,1663,76555,285802,29957927.0,560957.0,26.79
2021,178,727,115554,233604,9622812.0,63382.0,49.47
2021,179,235,26856,94535,3075319.0,1486.0,28.41
2021,182,1407,144906,227887,1560388.0,29764.0,63.59
2021,183,131,4161,34839,1662264.0,212.0,11.94
2021,186,14397,1735789,2540826,26521622.0,335986.0,68.32
2021,187,1282,141882,206558,2467341.0,89933.0,68.69
2021,188,1780,107199,247107,11967789.0,194029.0,43.38
2021,190,918,82373,144474,491254.0,0.0,57.02
2021,191,165,16592,25740,8262.0,40.0,64.46
2021,192,4088,470913,719827,5570648.0,75074.0,65.42
2021,193,2,0,578,14250.0,0.0,0.0
2021,194,3280,352195,532784,4780043.0,183206.0,66.1
2021,196,84,715,21614,1089543.0,0.0,3.31
2021,198,2,300,324,2697.0,0.0,92.59
2021,199,697,64495,109786,124994.0,0.0,58.75
2021,200,142,5735,41654,1748563.0,0.0,13.77
2021,203,1583,63053,297697,27374119.0,648741.0,21.18
2021,204,5946,687385,1024224,7818900.0,115310.0,67.11
2021,205,44,0,11640,522254.0,0.0,0.0
2021,206,151,0,0,4500207.0,0.0,0.0
2021,207,3864,423592,664365,6596304.0,53780.0,63.76
2021,208,6229,728890,1062523,9975452.0,177603.0,68.6
2021,209,2083,208413,344691,4346008.0,90948.0,60.46
2021,210,5885,679869,1001555,3842744.0,61698.0,67.88
2021,211,1211,125430,187095,2466893.0,3557.0,67.04
2021,213,7133,808827,1145174,16076616.0,103077.0,70.63
2021,214,748,0,145595,19826615.0,6417.0,0.0
2021,216,6190,199358,960938,77876539.0,118699.0,20.75
2021,217,111,8290,13320,145405.0,0.0,62.24
2021,218,2363,262979,416740,1549484.0,10528.0,63.1
2021,219,737,59873,120210,1481911.0,13795.0,49.81
2021,220,4511,478362,700631,4671410.0,19781.0,68.28
2021,222,11535,1323419,2037845,13894309.0,174146.0,64.94
2021,223,197,5282,64852,3216453.0,0.0,8.14
2021,224,420,0,0,9306299.0,0.0,0.0
2021,225,144,14379,25188,2036462.0,0.0,57.09
2021,228,534,53333,84932,828887.0,39389.0,62.79
2021,229,1951,197320,314998,3053541.0,597.0,62.64
2021,230,3418,390744,570450,969298.0,7335.0,68.5
2021,231,1459,123188,238933,3145099.0,71792.0,51.56
2021,232,991,22193,198068,22747265.0,168338.0,11.2
2021,233,84,4453,7931,485284.0,0.0,56.15
2021,234,891,75294,142614,1669595.0,870.0,52.8
2021,235,15789,1750282,2679920,28754522.0,789774.0,65.31
2021,237,12,3398,4814,61453.0,5525.0,70.59
2021,239,5945,698829,1032513,2856941.0,12867.0,67.68
2021,247,740,39270,49984,193301.0,28095.0,78.57
2021,252,21,814,1512,229.0,0.0,53.84
2021,254,2,9,144,21.0,23.0,6.25
2021,255,1,8,72,0.0,0.0,11.11
2021,258,934,111392,181186,1053963.0,622.0,61.48
2021,259,263,29511,49431,264371.0,0.0,59.7
2021,260,1106,53666,78800,333452.0,27710.0,68.1
2021,261,602,6200,9392,1619744.0,315.0,66.01
2021,262,708,96706,143921,146523.0,454.0,67.19
2021,263,558,56776,89624,296176.0,0.0,63.35
2021,264,2088,230872,365308,1955363.0,19311.0,63.2
2021,265,465,15428,22396,47680.0,0.0,68.89
2021,266,2375,276767,419007,1515213.0,67067.0,66.05
2021,267,12856,108505,154560,78590178.0,5029.0,70.2
2021,268,310,9752,14932,2689.0,0.0,65.31
2021,269,243,11999,17496,124691.0,16949.0,68.58
2021,277,50,0,16846,1090382.0,0.0,0.0
2021,282,172,8465,12384,357.0,0.0,68.35
2021,286,709,80346,141525,772730.0,805.0,56.77
2021,287,4,319,720,0.0,0.0,44.31
2021,288,1908,143608,228586,413638.0,23431.0,62.82
2021,289,2222,143433,221779,50590.0,2693.0,64.67
2021,292,93,162,36031,1366782.0,0.0,0.45
2021,293,429,17577,31176,109038.0,21089.0,56.38
2021,299,2,40,192,33.0,0.0,20.83
2021,305,635,90351,121552,41990.0,307.0,74.33
2021,307,474,20946,36468,43800.0,2831.0,57.44
2021,308,4245,496382,739363,939602.0,28005.0,67.14
2021,313,74,3032,12012,58557.0,0.0,25.24
2021,315,806,46504,62328,164481.0,30006.0,74.61
2021,316,84,0,25890,1262286.0,0.0,0.0
2021,317,1683,225336,318608,1075721.0,7293.0,70.73
2021,318,510,25035,37008,28448.0,1788.0,67.65
2021,321,275,24767,45866,16623.0,0.0,54.0
2021,322,24,821,1728,1687.0,1137.0,47.51
2021,326,1604,82833,112278,216112.0,38462.0,73.77
2021,327,668,37837,48096,29829.0,3515.0,78.67
2021,328,313,9541,22536,15998.0,6353.0,42.34
2021,329,10,359,720,379.0,0.0,49.86
2021,330,92,5476,6624,5870.0,0.0,82.67
2021,331,230,9366,16560,28619.0,4244.0,56.56
2021,332,42,3408,9030,0.0,300.0,37.74
2021,333,3292,171725,243284,556520.0,63717.0,70.59
2021,334,96,3863,6912,367.0,0.0,55.89
2021,335,273,10337,19656,2584.0,104.0,52.59
2021,336,35,851,2520,6.0,0.0,33.77
2021,337,1600,176285,281554,1629854.0,19365.0,62.61
2021,338,254,6300,66932,4099764.0,0.0,9.41
2021,340,1790,82729,117368,24987.0,0.0,70.49
2021,341,2158,245854,344306,2746149.0,30989.0,71.41
2021,343,8,827,1248,537.0,0.0,66.27
2021,344,858,89568,133866,45806.0,282.0,66.91
2021,345,1076,122797,168026,748654.0,30046.0,73.08
2021,346,523,58642,82566,111292.0,2738.0,71.02
2021,347,1344,148544,211940,247340.0,4936.0,70.09
2021,348,35,910,2240,0.0,0.0,40.62
2021,349,218,0,0,3149492.0,0.0,0.0
2021,350,473,41813,74806,101719.0,77.0,55.9
2021,351,126,13008,19944,0.0,0.0,65.22
2021,352,1614,211164,258308,235419.0,2272.0,81.75
2021,353,4,271,642,0.0,0.0,42.21
2021,354,278,17533,30532,4334.0,0.0,57.42
2021,355,349,32781,57170,322269.0,0.0,57.34
2021,356,333,33047,53506,78142.0,728.0,61.76
2021,357,171,16478,26748,251.0,0.0,61.6
2021,363,778,37382,56016,11158.0,1095.0,66.73
2021,364,458,20812,32976,38972.0,4461.0,63.11
2021,366,1,100,215,0.0,0.0,46.51
2021,367,3603,474162,645425,2849801.0,51450.0,73.47
2021,368,452,19564,32544,64883.0,12203.0,60.12
2021,369,584,4794,7008,28581.0,18.0,68.41
2021,376,1,70,72,0.0,0.0,97.22
2021,377,346,21197,24912,150876.0,14566.0,85.09
2021,378,217,15574,39058,26997.0,250.0,39.87
2021,381,237,12924,17064,37186.0,4535.0,75.74
2021,384,18,746,1296,324.0,0.0,57.56
2021,385,586,45251,77517,26675.0,521.0,58.38
2021,386,63,4098,11340,11959.0,0.0,36.14
2021,387,655,62241,98054,73119.0,453.0,63.48
2021,388,74,2834,10246,3365.0,0.0,27.66
2021,389,124,3964,20194,162708.0,0.0,19.63
2021,390,82,371,984,963.0,0.0,37.7
2021,394,49,1317,3528,0.0,0.0,37.33
2021,395,234,30029,42632,307090.0,0.0,70.44
2021,396,362,15649,29466,55822.0,268.0,53.11
2021,397,601,32735,43272,139760.0,22546.0,75.65
2021,398,214,9210,15408,5370.0,1839.0,59.77
2021,399,849,50068,63720,278708.0,53155.0,78.58
2021,400,422,20766,30384,51753.0,6695.0,68.35
2021,401,521,23131,37512,20171.0,2119.0,61.66
2021,403,2158,274773,403403,3231540.0,12541.0,68.11
2021,404,928,52369,70752,330647.0,41868.0,74.02
2021,405,55,2258,7814,6969.0,0.0,28.9
2021,406,1618,77126,115190,315640.0,36899.0,66.96
2021,407,248,9152,16544,963.0,69.0,55.32
2021,409,2010,104087,144768,152095.0,13098.0,71.9
2021,410,231,8950,16632,38960.0,0.0,53.81
2021,412,66,7299,11880,315.0,0.0,61.44
2021,419,362,31654,65070,58332.0,0.0,48.65
2021,423,990,43593,68128,35984.0,5184.0,63.99
2021,424,186,7667,13392,3347.0,1205.0,57.25
2021,425,4,113,288,364.0,27.0,39.24
2021,426,285,7335,20520,7907.0,62.0,35.75
2021,428,482,53809,78225,308568.0,4605.0,68.79
2021,432,46,1359,3312,165.0,42.0,41.03
2021,434,449,2998,5988,5156.0,5.0,50.07
2021,437,2253,314104,428583,1803259.0,10093.0,73.29
2021,438,670,33223,48240,29254.0,4359.0,68.87
2021,439,2,115,430,66.0,0.0,26.74
2021,441,3,39,216,0.0,0.0,18.06
2021,442,332,13130,23904,10237.0,442.0,54.93
2021,443,333,15780,23976,9397.0,295.0,65.82
2021,444,789,89557,127857,925716.0,74254.0,70.04
2021,445,82,3048,5904,3184.0,427.0,51.63
2021,446,56,2316,4032,122.0,0.0,57.44
2021,449,110,1338,19800,87119.0,0.0,6.76
2021,450,609,71268,128735,78033.0,321.0,55.36
2021,451,300,42132,61510,354757.0,349.0,68.5
2021,452,17,1097,3629,271.0,250.0,30.23
2021,453,1099,57576,81702,74197.0,12064.0,70.47
2021,454,2181,281791,417045,1927648.0,6863.0,67.57
2021,457,911,42077,65748,80498.0,11994.0,64.0
2021,458,14,105,672,514.0,0.0,15.62
2021,459,522,62139,86112,353651.0,32293.0,72.16
2021,460,476,25887,34272,58186.0,10338.0,75.53
2021,461,2029,212518,287193,2155882.0,38930.0,74.0
2021,462,1051,134986,196395,854141.0,2138.0,68.73
2021,464,25,1116,1800,5.0,0.0,62.0
2021,465,641,29299,46152,45449.0,3310.0,63.48
2021,466,216,7948,15552,934.0,1.0,51.11
2021,467,607,36052,43704,39996.0,3123.0,82.49
2021,468,109,3789,7848,2881.0,0.0,48.28
2021,469,587,29844,41712,46450.0,385.0,71.55
2021,470,188,633,2256,759.0,0.0,28.06
2021,471,24,57,288,318.0,0.0,19.79
2021,473,60,1267,3840,0.0,0.0,32.99
2021,474,208,9862,14976,542.0,22.0,65.85
2021,480,14,159,980,7.0,0.0,16.22
2021,485,1097,75606,121320,347487.0,40547.0,62.32
2021,487,1404,102432,147855,575542.0,9351.0,69.28
2021,489,2,105,144,0.0,0.0,72.92
2021,490,246,7195,17712,2317.0,0.0,40.62
2021,496,2,29,144,85.0,0.0,20.14
2021,497,648,61998,108312,559976.0,247.0,57.24
2021,498,1,0,0,4496.0,0.0,0.0
2021,501,1260,153699,239751,1525059.0,6509.0,64.11
2021,502,248,22131,38880,29498.0,158.0,56.92
2021,505,106,11764,20502,43888.0,0.0,57.38
2021,506,4,63,288,57.0,0.0,21.88
2021,507,30,535,4200,12652.0,0.0,12.74
2021,509,78,2597,5616,673.0,0.0,46.24
2021,510,26,791,1872,0.0,0.0,42.25
2021,511,1763,213444,314130,2158437.0,45159.0,67.95
2021,512,256,9620,18432,1638.0,0.0,52.19
2021,513,208,11356,17424,82827.0,0.0,65.17
2021,514,52,1181,3744,206.0,0.0,31.54
2021,516,503,71166,93651,654654.0,531.0,75.99
2021,518,93,8018,17577,3685.0,366.0,45.62
2021,519,2,194,378,273.0,0.0,51.32
2021,520,15,389,1080,0.0,0.0,36.02
2021,521,31,410,1984,0.0,0.0,20.67
2021,522,332,12296,23024,14735.0,2456.0,53.41
2021,523,14,0,0,214291.0,0.0,0.0
2021,524,1108,35618,138450,7504558.0,1251.0,25.73
2021,529,1019,51960,73376,292088.0,33687.0,70.81
2021,530,149,17303,24574,112597.0,755.0,70.41
2021,531,26,2396,4914,10038.0,0.0,48.76
2021,532,1910,233427,332755,3050146.0,105810.0,70.15
2021,534,356,15639,26022,20904.0,16506.0,60.1
2021,535,229,26253,45421,240139.0,0.0,57.8
2021,539,226,36103,46302,385497.0,395.0,77.97
2021,540,53,4775,10017,19877.0,0.0,47.67
2021,541,7056,868785,1279720,9733952.0,151602.0,67.89
2021,543,1956,217150,342904,1717573.0,55514.0,63.33
2021,544,233,1575,3672,1460003.0,0.0,42.89
2021,545,214,267,2568,567.0,0.0,10.4
2021,546,2,136,378,0.0,0.0,35.98
2021,548,302,42014,63110,170463.0,0.0,66.57
2021,549,4,234,756,0.0,0.0,30.95
2021,550,423,14576,29208,4540.0,0.0,49.9
2021,551,1763,213288,288870,1893708.0,149812.0,73.84
2021,553,1474,189313,289482,1031927.0,632.0,65.4
2022,2,706,45921,50832,64.36,0.0,90.34
2022,3,2,0,24,0.0,0.0,0.0
2022,4,2171,292.02,358082,2240929.0,15.18,0.08
2022,6,2422,341094,441805,989.03,1.92,77.2
2022,9,102,10074,18.36,15.18,0.0,54869.28
2022,12,387,16447,27864,7.45,0.0,59.03
2022,13,192,10167,59070,1522421.0,536977.0,17.21
2022,14,480,72442,87615,7059.0,0.0,82.68
2022,16,1137,50.18,81864,51.53,0.0,0.06
2022,17,1035,140573,169186,1758047.0,17.94,83.09
2022,18,281,10.87,20232,71.29,0.0,0.05
2022,20,1175,91858,147078,458.57,0.0,62.46
2022,21,14,538,1008,32.0,0.0,53.37
2022,22,636,28781,45792,8.26,0.0,62.85
2022,24,268,8286,12864,908.0,0.0,64.41
2022,25,626,27646,45072,15.88,0.0,61.34
2022,26,54,589,2592,0.0,0.0,22.72
2022,27,1,20,189,200.0,0.0,10.58
2022,28,705,34599,50.76,244.38,0.0,68161.94
2022,29,577,34574,57807,82.19,0.0,59.81
2022,30,2618,353997,510826,2553488.0,7.32,69.3
2022,31,103,23658,32342,1023597.0,0.0,73.15
2022,32,781,43912,56232,253.28,0.0,78.09
2022,34,1828,97202,131512,80.09,0.0,73.91
2022,35,359,21633,25848,495.0,0.0,83.69
2022,36,6617,959298,1185706,8754401.0,22.66,80.91
2022,39,308,19541,22176,479.0,0.0,88.12
2022,40,656,34864,47232,45.24,0.0,73.81
2022,43,67,126,804,3.0,0.0,15.67
2022,44,60,1946,4.32,4.66,0.0,45046.3
2022,45,1554,230.52,305768,850.43,42.0,0.08
2022,46,5.28,840247,1034770,4639106.0,8.69,81.2
2022,47,22,4324,4519,0.0,0.0,95.68
2022,48,760,117313,161788,232.15,15.0,72.51
2022,49,479,64746,85.05,493.08,0.0,76126.98
2022,52,2446,364915,446984,1147026.0,3.12,81.64
2022,53,697,30833,50136,82.79,0.0,61.5
2022,54,1516,204582,278268,1051232.0,2.96,73.52
2022,58,269,11377,19304,19.34,0.0,58.94
2022,61,11,239,792,0.0,0.0,30.18
2022,62,387,16121,27.8,64.51,0.0,57989.21
2022,64,298,34448,56322,270.67,3.31,61.16
2022,65,3633,218537,261412,984.77,0.0,83.6
2022,71,1332,199.52,261549,1359360.0,78.0,0.08
2022,73,1255,167294,247196,1322684.0,130.0,67.68
2022,75,830,40206,59572,118.75,0.0,67.49
2022,76,354,12.57,25488,14.13,0.0,0.05
2022,80,941,135799,219694,7962878.0,161935.0,61.81
2022,81,447,109335,137962,1264664.0,1252.0,79.25
2022,83,3574,515111,684395,1221787.0,2.64,75.27
2022,87,749,40529,53928,40.26,0.0,75.15
2022,89,1442,90756,103824,36.68,0.0,87.41
2022,90,254,10085,18288,4.35,0.0,55.15
2022,91,1061,216734,249241,138449.0,0.0,86.96
2022,94,8785,1229009,1486184,14264966.0,33.24,82.7
2022,96,600,75687,99628,198.38,0.0,75.97
2022,102,335,17945,24.12,939.0,0.0,74398.84
2022,104,6,451,718,342.0,0.0,62.81
2022,105,48,1694,3408,2.0,0.0,49.71
2022,107,368,15287,26496,7.72,0.0,57.7
2022,108,212,8788,15731,10.94,0.0,55.86
2022,110,514,0,0,4842618.0,0.0,0.0
2022,112,764,104582,163818,213.27,427.0,63.84
2022,113,5473,834752,1065063,4472266.0,30.77,78.38
2022,114,699,36197,50328,10.19,0.0,71.92
2022,115,2.1,155996,195682,946.44,0.0,79.72
2022,116,33,660,2376,0.0,0.0,27.78
2022,117,2862,448402,559908,1430070.0,4.48,80.08
2022,118,2195,348.56,433882,1927680.0,953.0,0.08
2022,120,8897,1293830,1562974,13403756.0,78.55,82.78
2022,121,446,24456,33399,12.71,0.0,73.22
2022,122,12,1436,2.16,30.0,0.0,66481.48
2022,126,3575,613762,735403,2645957.0,4.04,83.46
2022,128,353,14262,25416,97.0,0.0,56.11
2022,130,783,48495,65.64,311.39,0.0,73880.26
2022,131,1745,276.87,357741,398.14,1.44,0.08
2022,132,166,7649,11952,4.68,0.0,64.0
2022,133,2461,388626,464967,564.67,82.0,83.58
2022,134,1.71,255299,336844,703.25,250.0,75.79
2022,135,621,41986,65511,39.19,0.0,64.09
2022,137,122,13096,21.96,20.81,0.0,59635.7
2022,138,2161,375836,439433,3508433.0,7.68,85.53
2022,139,380,14835,27360,0.0,0.0,54.22
2022,140,149,6113,10728,2.66,0.0,56.98
2022,142,130,17.07,23.4,15.45,0.0,72.95
2022,143,1764,228739,270963,4863961.0,19.25,84.42
2022,144,2552,145757,197.58,311.27,0.0,73771.13
2022,145,52,6561,9360,0.0,0.0,70.1
2022,146,40,4117,7344,27825.0,0.0,56.06
2022,147,351,14.51,25272,734.0,0.0,0.06
2022,148,250,23896,30,2.24,0.0,79653.33
2022,151,876,103797,143948,135.76,411.0,72.11
2022,152,19,503,1216,0.0,0.0,41.37
2022,153,41,1056,2.8,0.0,0.0,37714.29
2022,154,547,21.19,39384,3.86,0.0,0.05
2022,156,202,26688,41605,2620606.0,273.0,64.15
2022,160,522,122101,140557,2370993.0,0.0,86.87
2022,161,42,4066,9954,100004.0,0.0,40.85
2022,163,5.56,804131,997464,3609848.0,20.65,80.62
2022,164,979,109386,156.6,1544018.0,5.35,69850.57
2022,165,1879,449145,504167,12303506.0,52208.0,89.09
2022,166,29803,4342921,5586084,17811490.0,73.24,77.75
2022,167,2034,277.86,337884,2828625.0,14.83,0.08
2022,168,96,0,0,6894546.0,104984.0,0.0
2022,169,1364,431018,525969,16060628.0,199971.0,81.95
2022,170,167,28596,44262,423317.0,0.0,64.61
2022,171,542,64613,86322,699.1,250.0,74.85
2022,174,38,4918,7182,10792.0,0.0,68.48
2022,175,526,53038,94519,11299276.0,36493.0,56.11
2022,176,647,90574,163830,7586083.0,17939.0,55.29
2022,177,1582,244226,347161,19617331.0,511685.0,70.35
2022,178,768,228529,260780,9923595.0,31119.0,87.63
2022,179,1840,637181,747818,4321665.0,61494.0,85.21
2022,180,212,29422,38160,698.0,0.0,77.1
2022,182,1878,260571,312779,2044558.0,23.87,83.31
2022,186,21891,3246059,3915603,28268432.0,272.78,82.9
2022,187,1444,180122,228225,3672936.0,27.61,78.92
2022,188,5985,816674,1087521,8355936.0,143402.0,75.1
2022,190,1828,208438,294.93,1061420.0,3.49,70673.72
2022,191,340,42329,53.04,3.13,40.0,79805.81
2022,192,6.29,882803,1135635,5648137.0,13.56,77.74
2022,193,344,82578,96324,2744610.0,0.0,85.73
2022,194,3505,470562,574223,4572957.0,48.62,81.95
2022,195,495,157181,200785,571606.0,477.0,78.28
2022,196,22,4834,5522,199866.0,0.0,87.54
2022,198,33,2.08,5346,86.16,48.0,0.04
2022,199,1791,249532,300.44,163.81,679.0,83055.52
2022,200,659,94093,154330,3157158.0,0.0,60.97
2022,201,13,1388,2457,0.0,0.0,56.49
2022,203,1951,264779,410137,21733493.0,623793.0,64.56
2022,204,9951,1449852,1792955,7655163.0,28.96,80.86
2022,205,31,3783,8951,34316.0,0.0,42.26
2022,206,565,71445,81304,2652274.0,0.0,87.87
2022,207,5696,849.28,1032553,7731840.0,17.46,0.08
2022,208,10067,1454896,1773066,10833908.0,33.17,82.06
2022,209,2672,366682,469795,3175126.0,5.3,78.05
2022,210,9.38,1430134,1654908,3381621.0,34.08,86.42
2022,211,1943,248.79,317244,2778223.0,24.38,0.08
2022,213,11443,1607535,1965262,14248160.0,22.58,81.8
2022,214,314,9,588,6302985.0,2542.0,1.53
2022,216,12360,1705435,2117819,69230922.0,70957.0,80.53
2022,217,367,35737,44.04,295.19,0.0,81146.68
2022,218,4024,563882,726107,1483239.0,16.71,77.66
2022,219,1164,144836,186872,2208553.0,40.29,77.51
2022,220,6341,877224,1066413,2887934.0,18.81,82.26
2022,222,17822,2594148,3084386,13826104.0,205.03,84.11
2022,223,527,119639,151629,4030492.0,28190.0,78.9
2022,224,456,0,0,7988202.0,0.0,0.0
2022,225,100,16714,26884,1085836.0,0.0,62.17
2022,228,144,13501,22609,210.44,155.0,59.72
2022,229,3231,426849,567839,3676820.0,7.1,75.17
2022,230,4472,651865,778094,1175059.0,7.26,83.78
2022,231,1592,197939,264366,3673946.0,15.22,74.87
2022,232,1586,161324,383537,27809587.0,134461.0,42.06
2022,233,814,90359,106144,2049569.0,10.39,85.13
2022,234,1172,151581,186408,1818848.0,8.28,81.32
2022,235,17.45,2531093,3085030,25876230.0,405.74,82.04
2022,236,6,802,1134,0.0,0.0,70.72
2022,237,21,5991,9192,137742.0,17810.0,65.18
2022,238,38,4381,7572,73915.0,0.0,57.86
2022,239,9784,1333009,1723413,2404630.0,6.49,77.35
2022,240,227,1072,2724,638.0,3.0,39.35
2022,241,90,12279,16856,298.0,0.0,72.85
2022,242,2,88,144,0.0,0.0,61.11
2022,243,4,36,256,0.0,0.0,14.06
2022,247,1237,51.75,75064,205.73,0.0,0.07
2022,248,30,954,1.44,80.0,0.0,66250.0
2022,251,227,26585,40698,24719.0,1300.0,65.32
2022,252,64,3625,5557,829.0,0.0,65.23
2022,255,1,15,72,0.0,0.0,20.83
2022,258,991,157868,198939,1340354.0,3.0,79.35
2022,259,602,73426,121448,172.69,1.0,60.46
2022,260,981,54762,70576,387.41,0.0,77.59
2022,261,1823,35086,48976,3092823.0,0.0,71.64
2022,262,734,103496,153742,240.63,8.0,67.32
2022,263,322,38342,54544,148.34,100.0,70.3
2022,264,2.29,289824,400718,2222216.0,12.94,72.33
2022,265,670,19851,28.48,31.72,0.0,69701.54
2022,266,1967,270282,362985,1855655.0,14.98,74.46
2022,267,15566,218263,303696,94738372.0,0.0,71.87
2022,268,299,10433,14352,21.9,0.0,72.69
2022,269,282,12078,20304,229.84,0.0,59.49
2022,270,555,172043,196011,638827.0,142629.0,87.77
2022,272,359,50882,65167,4951.0,0.0,78.08
2022,273,575,225916,242796,1272418.0,268348.0,93.05
2022,275,439,70923,101264,44829.0,0.0,70.04
2022,277,24,2855,5208,14581.0,0.0,54.82
2022,280,403,97591,111219,45040.0,201124.0,87.75
2022,281,294,84129,88984,1419509.0,16780.0,94.54
2022,282,162,7116,11664,845.0,0.0,61.01
2022,285,39,3847,7.02,21.12,0.0,54800.57
2022,286,727,122.27,156175,965.6,953.0,0.08
2022,287,3594,541398,719326,108562.0,0.0,75.26
2022,288,2329,247853,333.76,351.6,1.24,74260.85
2022,289,3281,191573,241837,134.95,0.0,79.22
2022,291,2373,475412,551324,779739.0,106.0,86.23
2022,292,563,66681,106923,2094884.0,0.0,62.36
2022,293,82,2.45,5904,19.84,0.0,0.04
2022,295,61,6331,15383,103663.0,0.0,41.16
2022,297,42,4420,7560,0.0,0.0,58.47
2022,304,5665,1205738,1437191,5464984.0,8418.0,83.9
2022,305,1304,198295,261598,121.23,372.0,75.8
2022,307,377,13445,27144,12.15,0.0,49.53
2022,308,6879,1090217,1344171,866.79,37.47,81.11
2022,311,1409,285046,320466,1517677.0,0.0,88.95
2022,315,1791,118.43,150256,416.1,0.0,0.08
2022,316,117,14071,28807,338414.0,11740.0,48.85
2022,317,3313,495503,647441,1878567.0,3.3,76.53
2022,318,725,37724,52.2,42.17,0.0,72268.2
2022,321,1657,238588,320147,73.71,5.0,74.52
2022,326,1521,79.29,109132,352.83,0.0,0.07
2022,327,721,43229,51912,19.39,0.0,83.27
2022,329,66,2047,4752,960.0,0.0,43.08
2022,330,286,16.1,20592,15.66,0.0,0.08
2022,331,830,42225,59512,33.92,0.0,70.95
2022,332,1,162,215,0.0,0.0,75.35
2022,333,3889,210148,278164,679.39,0.0,75.55
2022,335,169,7702,12438,469.0,0.0,61.92
2022,336,37,1216,2664,0.0,0.0,45.65
2022,337,1485,212785,290235,1433376.0,2.46,73.31
2022,338,94,4800,26314,1523500.0,0.0,18.24
2022,340,682,38477,47224,9.49,0.0,81.48
2022,341,877,95344,141542,684.89,0.0,67.36
2022,344,752,97575,123032,18.02,51.0,79.31
2022,345,326,38051,52116,49.83,0.0,73.01
2022,346,228,27712,35838,33.78,100.0,77.33
2022,347,697,87856,110538,39.2,1.0,79.48
2022,348,30,1303,2.1,0.0,0.0,62047.62
2022,350,364,38069,56806,2.43,0.0,67.02
2022,351,486,55598,77272,6.9,0.0,71.95
2022,352,1.69,221703,275782,166.27,1.03,80.39
2022,354,186,14828,29256,433.0,0.0,50.68
2022,355,6,553,1.02,1.13,0.0,54215.69
2022,356,202,18756,31794,25.12,85.0,58.99
2022,357,704,73991,109836,12.87,0.0,67.36
2022,362,172,23861,30960,102.0,0.0,77.07
2022,363,960,42947,69.12,85.2,0.0,62133.97
2022,364,642,28928,46224,77.11,0.0,62.58
2022,367,3966,644.59,784692,3265947.0,4.39,0.08
2022,368,312,12594,22464,36.46,0.0,56.06
2022,369,643,6174,8566,17.92,9.0,72.08
2022,376,103,4.36,7416,1.36,0.0,0.06
2022,377,603,26084,43416,75.84,0.0,60.08
2022,378,2411,311442,423428,155025.0,140.0,73.55
2022,381,511,28.33,36792,18.44,0.0,0.08
2022,384,254,13513,18288,328.0,0.0,73.89
2022,385,960,50466,71438,68.15,0.0,70.64
2022,386,1922,256669,366610,14369.0,0.0,70.01
2022,387,1779,110588,138.99,84.14,0.0,79565.44
2022,388,18,2958,3653,0.0,0.0,80.97
2022,389,724,73750,104591,1122803.0,0.0,70.51
2022,390,258,8898,18216,77.74,0.0,48.85
2022,394,144,5451,10368,340.0,0.0,52.58
2022,395,904,127956,179.82,1196467.0,234.0,71157.82
2022,396,856,37344,55112,424.51,0.0,67.76
2022,397,594,30092,42768,125.74,0.0,70.36
2022,398,447,20363,32184,24.61,0.0,63.27
2022,399,1395,89507,113976,519.33,0.0,78.53
2022,400,213,10595,15336,17.24,0.0,69.09
2022,401,398,18764,28656,19.61,0.0,65.48
2022,403,2934,436414,563456,3618685.0,12.51,77.45
2022,404,864,58943,81648,499.94,0.0,72.19
2022,406,1014,54989,77988,328.68,0.0,70.51
2022,407,106,4434,7632,168.0,0.0,58.1
2022,409,2184,131034,157248,206.65,0.0,83.33
2022,410,301,12752,21672,24.08,0.0,58.84
2022,412,440,60697,79638,4291.0,0.0,76.22
2022,413,164,17677,29556,58.0,0.0,59.81
2022,414,196,24154,34318,573.0,0.0,70.38
2022,419,1671,236216,298165,554119.0,0.0,79.22
2022,421,174,24546,31032,130762.0,0.0,79.1
2022,422,216,31510,38880,26483.0,0.0,81.04
2022,423,1.17,62819,84.24,51.71,0.0,74571.46
2022,424,387,18.85,27864,15.0,0.0,0.07
2022,428,712,89816,133604,159.21,145.0,67.23
2022,430,4,91,288,0.0,0.0,31.6
2022,434,500,2.49,6.12,270.0,0.0,40.69
2022,435,44,5911,7920,4372.0,0.0,74.63
2022,437,3755,585733,747807,2990938.0,8.69,78.33
2022,438,1099,58391,79128,29.61,0.0,73.79
2022,439,180,7016,12.96,5.91,0.0,54135.8
2022,440,129,15281,23.22,3.28,0.0,65809.65
2022,442,317,11723,22824,4.69,0.0,51.36
2022,443,312,14572,22464,8.42,0.0,64.87
2022,444,1134,138439,186089,864.78,4.46,74.39
2022,445,2,43,144,0.0,0.0,29.86
2022,446,253,10786,18216,170.0,0.0,59.21
2022,449,240,26334,43200,120552.0,0.0,60.96
2022,450,647,81036,138559,74.92,161.0,58.48
2022,451,606,94.21,128.6,495.14,14.0,73.26
2022,453,1.47,75296,105.84,71.66,0.0,71141.35
2022,454,2557,390709,505829,2088318.0,5.66,77.24
2022,457,985,48194,70.92,64.13,0.0,67955.44
2022,458,216,4314,8448,7.23,0.0,51.07
2022,459,400,49085,77004,239.49,353.0,63.74
2022,460,560,23354,40.32,24.44,0.0,57921.63
2022,461,3088,402572,545711,2860752.0,10.12,73.77
2022,462,407,50466,81343,374.35,500.0,62.04
2022,463,220,9881,15840,0.0,0.0,62.38
2022,464,245,8204,17.64,1.19,0.0,46507.94
2022,465,599,24988,43128,40.51,0.0,57.94
2022,466,482,18275,34704,262.0,0.0,52.66
2022,467,1395,78009,100.44,70.67,0.0,77667.26
2022,468,62,2265,4464,1.41,0.0,50.74
2022,469,607,36156,43672,9.59,0.0,82.79
2022,470,2,4,24,0.0,0.0,16.67
2022,471,162,630,1944,219.0,2.0,32.41
2022,474,335,12718,24.12,439.0,0.0,52728.03
2022,475,4,133,288,0.0,0.0,46.18
2022,479,13,0,156,0.0,0.0,0.0
2022,480,62,418,894,153.0,0.0,46.76
2022,484,156,23176,28080,420.0,0.0,82.54
2022,485,1.58,158.58,202668,539.17,0.0,0.08
2022,487,1641,163108,206388,602.02,0.0,79.03
2022,489,6,188,432,0.0,0.0,43.52
2022,490,108,4.05,7776,45.0,0.0,0.05
2022,491,40,6054,7200,0.0,0.0,84.08
2022,492,2,0,24,0.0,0.0,0.0
2022,497,1345,180784,261493,572.04,1.0,69.14
2022,498,32,1.03,2304,28.0,0.0,0.04
2022,499,24,770,1728,57.0,0.0,44.56
2022,501,1158,170346,222.84,1225045.0,575.0,76443.19
2022,502,1,214,215,0.0,0.0,99.53
2022,505,478,62835,91278,183.75,719.0,68.84
2022,509,170,5994,12.24,66.0,0.0,48970.59
2022,510,24,550,1728,0.0,0.0,31.83
2022,511,2405,352184,471629,1934331.0,4.93,74.67
2022,512,399,18178,28728,423.0,0.0,63.28
2022,513,194,17918,22776,86.7,0.0,78.67
2022,514,305,13598,21.96,661.0,0.0,61921.68
2022,515,183,9131,13176,30.21,0.0,69.3
2022,516,1598,240171,297.09,1483056.0,120.0,80841.16
2022,519,473,67762,88461,141.13,0.0,76.6
2022,522,280,11477,20.16,19.3,0.0,56929.56
2022,523,290,0,0,3860717.0,0.0,0.0
2022,524,2058,289939,339225,5386732.0,1300.0,85.47
2022,525,58,6827,10104,29724.0,0.0,67.57
2022,526,94,12557,16920,15.0,0.0,74.21
2022,529,1342,74727,94582,401.51,0.0,79.01
2022,530,238,24475,39644,117.33,856.0,61.74
2022,532,2677,404346,502329,3021823.0,3.17,80.49
2022,533,54,1.98,2592,0.0,0.0,0.08
2022,534,5,90,144,10.74,0.0,62.5
2022,535,876,122036,171026,744.66,0.0,71.36
2022,537,64,1345,4504,0.0,0.0,29.86
2022,538,16,1714,2496,14.45,0.0,68.67
2022,539,710,111026,152.52,1669260.0,2.17,72794.39
2022,541,7975,1247643,1560310,11383030.0,13.68,79.96
2022,543,2156,307458,380359,2061634.0,9.29,80.83
2022,544,656,1827,4608,4466269.0,0.0,39.65
2022,545,163,88,1956,55.0,2.0,4.5
2022,548,605,81093,129997,695.18,468.0,62.38
2022,550,442,18033,31824,21.0,0.0,56.66
2022,551,2098,311854,396.6,2205215.0,1.49,78631.87
2022,552,9,389,648,64.0,0.0,60.03
2022,553,2271,326894,454715,1283946.0,458.0,71.89
2023,2,1038,56460,74736,77310.0,947.0,75.55
2023,4,2271,311665,376976,2107858.0,0.0,82.68
2023,6,2020,286858,364958,1328926.0,3090.0,78.6
2023,9,544,70895,97920,30131.0,0.0,72.4
2023,12,360,15966,25920,12420.0,3.0,61.6
2023,14,1535,241444,300510,8588.0,0.0,80.34
2023,15,208,55603,62816,772845.0,11428.0,88.52
2023,17,1854,234014,309966,3222963.0,0.0,75.5
2023,18,245,10335,17640,61335.0,373.0,58.59
2023,19,8,289,384,0.0,0.0,75.26
2023,20,877,81631,116379,385244.0,1378.0,70.14
2023,22,463,19163,33336,4925.0,44.0,57.48
2023,24,292,9792,13916,1263.0,0.0,70.37
2023,25,569,22300,41238,13714.0,152.0,54.08
2023,26,189,3400,9012,150.0,0.0,37.73
2023,28,678,31997,48816,192338.0,1576.0,65.55
2023,29,554,25834,40356,10504.0,58.0,64.02
2023,30,1916,272971,370286,2170660.0,3669.0,73.72
2023,31,175,45504,55582,1296347.0,0.0,81.87
2023,32,700,37932,50400,167336.0,0.0,75.26
2023,33,71,6692,12780,11169.0,0.0,52.36
2023,34,2413,128648,178798,105469.0,838.0,71.95
2023,35,418,23952,29970,859.0,0.0,79.92
2023,36,8131,1179487,1460390,11024534.0,25949.0,80.77
2023,38,158,24591,30890,18232.0,0.0,79.61
2023,39,686,38297,49392,844.0,0.0,77.54
2023,40,660,33163,47520,76620.0,1476.0,69.79
2023,43,1,148,162,0.0,0.0,91.36
2023,45,1616,246008,321642,1635332.0,3489.0,76.49
2023,46,6400,962226,1210064,5936865.0,13168.0,79.52
2023,48,936,140928,199862,183585.0,334.0,70.51
2023,49,721,98579,129780,749921.0,70.0,75.96
2023,50,342,41209,61560,94433.0,0.0,66.94
2023,52,2625,384932,472500,1801303.0,1803.0,81.47
2023,53,504,19360,36288,81696.0,727.0,53.35
2023,54,951,139494,171180,994907.0,874.0,81.49
2023,58,73,6982,13140,163.0,0.0,53.14
2023,64,434,62350,78120,327968.0,0.0,79.81
2023,65,4427,234692,326840,816030.0,7217.0,71.81
2023,66,170,18633,26520,50569.0,0.0,70.26
2023,69,174,23601,27116,13839.0,0.0,87.04
2023,71,1144,183450,223683,547677.0,200.0,82.01
2023,73,1063,148502,210641,583544.0,0.0,70.5
2023,75,757,41621,56416,91278.0,1459.0,73.78
2023,76,679,31454,48888,39446.0,1108.0,64.34
2023,80,2342,349140,605516,9967025.0,233121.0,57.66
2023,81,729,169925,214682,1432208.0,711.0,79.15
2023,83,3620,557593,708804,1571217.0,4709.0,78.67
2023,87,714,42070,51408,51321.0,405.0,81.84
2023,89,1552,88659,111412,48990.0,421.0,79.58
2023,90,245,8232,17640,3511.0,105.0,46.67
2023,91,1998,416194,474284,1092977.0,0.0,87.75
2023,92,294,39727,52334,18676.0,0.0,75.91
2023,94,11064,1628679,1975598,14139843.0,8984.0,82.44
2023,96,1235,183091,239827,551519.0,628.0,76.34
2023,97,102,5191,7344,0.0,0.0,70.68
2023,99,138,18484,24840,124103.0,0.0,74.41
2023,101,161,20817,29148,47054.0,0.0,71.42
2023,102,353,16333,25416,6566.0,73.0,64.26
2023,104,444,49022,79920,247733.0,0.0,61.34
2023,105,169,5905,14690,9.0,0.0,40.2
2023,107,362,13589,26064,5203.0,105.0,52.14
2023,108,397,18565,28764,11811.0,186.0,64.54
2023,110,725,37611,51840,3499457.0,0.0,72.55
2023,112,759,117261,161495,611762.0,2989.0,72.61
2023,113,7043,1043796,1313260,4256200.0,22078.0,79.48
2023,114,482,19204,34704,11823.0,118.0,55.34
2023,115,2350,362843,423000,2794748.0,838.0,85.78
2023,116,85,3835,5972,0.0,0.0,64.22
2023,117,2948,483135,571525,1684316.0,4427.0,84.53
2023,118,2587,400541,473777,2135947.0,856.0,84.54
2023,120,9169,1360876,1649797,15688188.0,30241.0,82.49
2023,121,179,7321,12888,6278.0,60.0,56.8
2023,122,208,25545,37440,10024.0,0.0,68.23
2023,125,25,2712,4500,1545.0,0.0,60.27
2023,126,3539,612911,712082,3084180.0,11813.0,86.07
2023,128,379,16759,27288,1454.0,0.0,61.42
2023,130,818,48581,67344,141255.0,1689.0,72.14
2023,131,1980,328751,401340,314226.0,1420.0,81.91
2023,133,2469,341050,388015,437047.0,5821.0,87.9
2023,134,2049,314315,414900,584633.0,479.0,75.76
2023,135,738,107613,139428,212369.0,383.0,77.18
2023,137,558,75465,100440,536117.0,774.0,75.13
2023,138,2172,370822,438448,3293842.0,24354.0,84.58
2023,139,714,33105,51408,0.0,0.0,64.4
2023,142,682,93751,122760,721614.0,0.0,76.37
2023,143,2478,300484,398204,3663771.0,0.0,75.46
2023,144,1936,270076,368991,1242358.0,18622.0,73.19
2023,145,796,102954,143398,15182.0,0.0,71.8
2023,146,492,45754,88422,254479.0,0.0,51.75
2023,147,398,13969,28593,1781.0,0.0,48.85
2023,148,256,24431,30720,2142.0,0.0,79.53
2023,151,1098,145449,188214,124726.0,0.0,77.28
2023,153,104,4367,7488,89.0,0.0,58.32
2023,154,176,5886,12672,341.0,0.0,46.45
2023,155,32,6940,9888,95249.0,0.0,70.19
2023,156,1010,167575,239418,6225465.0,64.0,69.99
2023,157,423,75511,86048,546476.0,0.0,87.75
2023,158,282,55864,59430,6008.0,34730.0,94.0
2023,160,508,91812,125106,1479922.0,0.0,73.39
2023,161,34,3434,6320,29937.0,0.0,54.34
2023,163,6407,958417,1157506,3397501.0,3781.0,82.8
2023,164,1433,170318,232828,1970126.0,500.0,73.15
2023,165,2188,628058,708094,15910582.0,25374.0,88.7
2023,166,33262,4961724,6154776,17882030.0,16693.0,80.62
2023,167,2403,343129,398330,2994803.0,0.0,86.14
2023,168,86,0,0,4195822.0,59361.0,0.0
2023,169,1446,486322,556348,12581638.0,448285.0,87.41
2023,170,544,76734,99239,370179.0,4690.0,77.32
2023,171,1098,124733,176512,1383243.0,0.0,70.67
2023,173,60,3664,4680,303253.0,0.0,78.29
2023,175,2489,500744,671422,26424254.0,65284.0,74.58
2023,176,1510,275805,372173,7504702.0,7667.0,74.11
2023,177,1850,417923,513088,12536683.0,505371.0,81.45
2023,178,924,284303,306498,8325391.0,113086.0,92.76
2023,179,2754,887805,1153409,7308107.0,83574.0,76.97
2023,180,762,88608,119820,33199.0,0.0,73.95
2023,181,172,25722,30960,14730.0,0.0,83.08
2023,182,2363,322092,395178,2916979.0,0.0,81.51
2023,185,164,23536,25584,1488.0,0.0,91.99
2023,186,22046,3414822,4022289,32054921.0,93233.0,84.9
2023,187,1472,193187,248144,2181808.0,0.0,77.85
2023,188,14304,1822318,2442478,9211350.0,105569.0,74.61
2023,189,6,753,972,0.0,0.0,77.47
2023,190,2106,249981,345742,821832.0,0.0,72.3
2023,191,641,83892,99896,8070.0,0.0,83.98
2023,192,6212,895052,1103673,7315881.0,1825.0,81.1
2023,193,719,157754,198396,5182591.0,0.0,79.51
2023,194,4258,552702,699226,5679542.0,0.0,79.04
2023,195,970,300414,401016,1062617.0,2591.0,74.91
2023,196,537,97678,138641,2448892.0,4550.0,70.45
2023,197,30,3177,4531,9292.0,0.0,70.12
2023,199,1280,176563,220158,218146.0,0.0,80.2
2023,200,1493,199306,296709,3254583.0,0.0,67.17
2023,203,2129,333474,454386,15626356.0,678263.0,73.39
2023,204,10002,1495858,1810026,7618347.0,17088.0,82.64
2023,205,280,51170,67880,2271258.0,0.0,75.38
2023,206,2123,280090,345102,1624639.0,0.0,81.16
2023,207,5960,898456,1073928,7459791.0,14708.0,83.66
2023,208,9671,1401445,1702993,12225189.0,5908.0,82.29
2023,209,3050,444489,549974,4657397.0,3103.0,80.82
2023,210,10323,1534343,1816503,3233851.0,15274.0,84.47
2023,211,2332,302975,383202,4585414.0,0.0,79.06
2023,212,196,23517,35280,32.0,0.0,66.66
2023,213,10619,1615481,1904340,13624116.0,16685.0,84.83
2023,214,671,118794,155559,8482403.0,14520.0,76.37
2023,215,192,53769,82896,366689.0,28.0,64.86
2023,216,20962,3005022,3863119,53653573.0,63822.0,77.79
2023,217,358,38418,42960,281161.0,0.0,89.43
2023,218,4461,623254,786121,2455000.0,9096.0,79.28
2023,219,1513,201560,241900,2398223.0,0.0,83.32
2023,220,7434,1031751,1233226,2713923.0,797.0,83.66
2023,222,21360,3065045,3749614,13541673.0,89647.0,81.74
2023,223,1048,216457,281077,3443323.0,46347.0,77.01
2023,224,426,0,0,4692637.0,0.0,0.0
2023,225,451,71764,92246,1070652.0,0.0,77.8
2023,226,72,11466,18339,36005.0,0.0,62.52
2023,227,268,26372,42344,11009.0,0.0,62.28
2023,229,3125,442786,538194,4148478.0,458.0,82.27
2023,230,5367,858646,997278,1059406.0,6377.0,86.1
2023,231,1800,217700,300348,4767673.0,0.0,72.48
2023,232,1736,367102,493799,23408416.0,107687.0,74.34
2023,233,745,98494,115604,1037173.0,0.0,85.2
2023,234,1281,173103,207120,2177076.0,0.0,83.58
2023,235,17999,2636673,3222639,29036098.0,103666.0,81.82
2023,238,824,126595,148020,716641.0,3012.0,85.53
2023,239,10635,1476684,1840772,2954273.0,4840.0,80.22
2023,241,306,49552,56916,597.0,0.0,87.06
2023,245,62,10158,11648,390.0,0.0,87.21
2023,247,872,54645,74212,163097.0,153.0,73.63
2023,251,1040,93533,175220,126790.0,0.0,53.38
2023,258,1044,134673,206761,1194673.0,1125.0,65.13
2023,259,531,68726,105195,404579.0,1.0,65.33
2023,260,962,54668,69264,354206.0,3688.0,78.93
2023,261,1844,28685,39992,3677211.0,0.0,71.73
2023,262,642,102319,137040,355719.0,900.0,74.66
2023,264,2018,273518,369908,1955637.0,559.0,73.94
2023,265,721,19240,28676,43758.0,0.0,67.09
2023,266,1872,264837,346044,1960760.0,6571.0,76.53
2023,267,13559,260277,330439,81780596.0,332.0,78.77
2023,268,342,12573,16246,18646.0,0.0,77.39
2023,269,245,11266,17640,217856.0,957.0,63.87
2023,270,1822,596502,661947,6067664.0,19.0,90.11
2023,272,517,79446,96061,3877.0,0.0,82.7
2023,273,1321,571406,639454,3180985.0,793008.0,89.36
2023,274,12,1942,2208,0.0,0.0,87.95
2023,275,927,148873,212240,260776.0,0.0,70.14
2023,277,1113,265087,308516,4387314.0,0.0,85.92
2023,280,1156,285789,320851,862317.0,236656.0,89.07
2023,281,524,153722,159008,2508472.0,79137.0,96.68
2023,284,449,60170,80820,226831.0,0.0,74.45
2023,285,160,17712,25550,16155.0,0.0,69.32
2023,286,787,140909,168902,706367.0,2078.0,83.43
2023,287,9451,1430090,1913290,782245.0,2853.0,74.75
2023,288,3267,443917,544232,313171.0,0.0,81.57
2023,289,4375,259344,337100,163121.0,1344.0,76.93
2023,291,5334,926575,1126641,2602352.0,725.0,82.24
2023,292,1694,280336,356265,1017482.0,1191.0,78.69
2023,295,344,63246,86416,594162.0,0.0,73.19
2023,296,426,58630,74976,0.0,0.0,78.2
2023,297,9,1139,1602,0.0,0.0,71.1
2023,301,68,1742,12240,8566.0,0.0,14.23
2023,303,450,88735,104563,3135905.0,0.0,84.86
2023,304,12621,2512167,3107027,4424374.0,37700.0,80.85
2023,305,1790,300895,371924,304250.0,208.0,80.9
2023,307,262,19913,39885,10927.0,0.0,49.93
2023,308,8155,1350740,1541131,994050.0,51100.0,87.65
2023,311,4289,721809,900755,2449434.0,36041.0,80.13
2023,312,4,612,860,296.0,250.0,71.16
2023,315,2116,125832,170612,310570.0,2281.0,73.75
2023,316,1463,350183,444943,7640631.0,59781.0,78.7
2023,317,3539,506414,683479,2677904.0,2634.0,74.09
2023,318,711,31920,51192,67726.0,849.0,62.35
2023,320,607,101376,117447,155513.0,0.0,86.32
2023,321,2816,437967,551704,213998.0,6.0,79.38
2023,326,1641,90892,124366,349845.0,3366.0,73.08
2023,327,711,43603,51192,31484.0,452.0,85.18
2023,329,29,186,348,288.0,0.0,53.45
2023,330,278,14674,20016,14466.0,0.0,73.31
2023,331,949,50404,69600,44361.0,252.0,72.42
2023,332,177,36033,38055,0.0,27061.0,94.69
2023,333,3736,213828,277724,589180.0,7168.0,76.99
2023,337,1481,209864,295603,941191.0,7940.0,71.0
2023,338,523,124785,145081,4120118.0,0.0,86.01
2023,340,2061,114050,164070,22112.0,0.0,69.51
2023,341,2163,276260,350128,1908274.0,0.0,78.9
2023,344,2124,286699,348504,61376.0,0.0,82.27
2023,345,1327,175427,220764,203930.0,0.0,79.46
2023,346,2233,283254,357660,868689.0,0.0,79.2
2023,347,3162,440543,519114,543220.0,0.0,84.86
2023,349,241,0,0,2440812.0,0.0,0.0
2023,350,1379,168465,225946,27439.0,0.0,74.56
2023,351,1879,239427,305420,98173.0,0.0,78.39
2023,352,6271,852695,1034334,942711.0,0.0,82.44
2023,354,148,11869,23100,3656.0,0.0,51.38
2023,356,548,57667,85488,550475.0,0.0,67.46
2023,357,2413,284937,376464,44824.0,0.0,75.69
2023,362,508,66935,91440,592.0,0.0,73.2
2023,363,505,17008,36360,83723.0,797.0,46.78
2023,364,322,9646,23184,26411.0,164.0,41.61
2023,367,4707,741887,917856,3714671.0,3489.0,80.83
2023,368,150,8825,10800,72.0,0.0,81.71
2023,369,967,6529,11674,8784.0,0.0,55.93
2023,370,84,12275,15120,41784.0,0.0,81.18
2023,371,140,16426,25152,1073.0,0.0,65.31
2023,375,25,3119,4500,5180.0,0.0,69.31
2023,376,161,7259,11592,1505.0,281.0,62.62
2023,377,651,25653,46872,121541.0,1332.0,54.73
2023,378,6132,752891,1068636,1507615.0,0.0,70.45
2023,380,299,9420,15768,53252.0,360.0,59.74
2023,381,688,36427,49536,9295.0,92.0,73.54
2023,382,8,225,1296,0.0,0.0,17.36
2023,383,2,471,574,0.0,0.0,82.06
2023,384,338,15329,24336,1115.0,0.0,62.99
2023,385,793,33882,57096,20428.0,54.0,59.34
2023,386,4584,576030,857952,510189.0,117.0,67.14
2023,387,2314,124076,176320,66638.0,787.0,70.37
2023,388,296,37454,53280,53566.0,2.0,70.3
2023,389,1971,218778,310598,854446.0,0.0,70.44
2023,394,8,304,576,0.0,0.0,52.78
2023,395,727,104187,148841,540927.0,14.0,70.0
2023,396,338,15183,28356,30512.0,0.0,53.54
2023,397,605,31070,43560,133766.0,2611.0,71.33
2023,398,314,15872,22608,21573.0,24.0,70.21
2023,399,1305,85763,107016,393572.0,2380.0,80.14
2023,400,221,10223,15912,2066.0,18.0,64.25
2023,401,239,1330,2868,1700.0,0.0,46.37
2023,402,431,2252,5172,3366.0,0.0,43.54
2023,403,3184,468670,604011,3189535.0,20354.0,77.59
2023,404,842,51463,75360,293254.0,2524.0,68.29
2023,406,965,44438,77056,314736.0,2138.0,57.67
2023,407,27,737,1877,93.0,0.0,39.26
2023,409,2200,128211,158400,227110.0,2663.0,80.94
2023,410,242,8574,17424,19633.0,651.0,49.21
2023,412,984,130348,177120,61034.0,0.0,73.59
2023,413,2014,237849,362538,9078.0,0.0,65.61
2023,414,2014,254147,359148,1249.0,0.0,70.76
2023,419,4443,609214,795745,1078178.0,343.0,76.56
2023,421,750,92334,129316,750067.0,0.0,71.4
2023,422,1544,198995,271004,136884.0,0.0,73.43
2023,423,1300,67114,93600,59345.0,607.0,71.7
2023,424,712,36471,51264,1554.0,0.0,71.14
2023,426,339,14677,24408,1345.0,2.0,60.13
2023,428,663,92087,122103,182572.0,1146.0,75.42
2023,429,4,93,288,2.0,0.0,32.29
2023,434,462,1786,5604,2626.0,0.0,31.87
2023,435,350,55249,64632,14836.0,0.0,85.48
2023,437,3927,695979,782365,4308675.0,15070.0,88.96
2023,438,1015,57933,73080,48157.0,270.0,79.27
2023,440,685,91072,123300,630907.0,9.0,73.86
2023,442,149,5148,10728,592.0,0.0,47.99
2023,443,148,5796,10656,3612.0,0.0,54.39
2023,444,1393,161879,216818,741676.0,0.0,74.66
2023,445,1,5,72,0.0,0.0,6.94
2023,446,214,8814,15408,3461.0,14.0,57.2
2023,447,85,15538,21335,185271.0,0.0,72.83
2023,449,392,61782,72390,0.0,0.0,85.35
2023,450,632,84206,135828,61060.0,248.0,61.99
2023,451,751,124132,159437,514510.0,1252.0,77.86
2023,453,1614,85899,116298,62570.0,715.0,73.86
2023,454,2222,363682,445330,1913491.0,12334.0,81.67
2023,457,917,47111,69592,42254.0,515.0,67.7
2023,458,534,11690,20444,13231.0,0.0,57.18
2023,459,713,99231,139805,512177.0,626.0,70.98
2023,460,542,21160,39024,51769.0,229.0,54.22
2023,461,2222,308214,400920,2137640.0,2301.0,76.88
2023,462,580,90491,114742,282854.0,1919.0,78.86
2023,463,334,13084,24048,0.0,0.0,54.41
2023,464,212,5899,15264,3931.0,14.0,38.65
2023,465,476,17066,34272,26354.0,297.0,49.8
2023,466,631,32191,45432,1294.0,94.0,70.86
2023,467,2669,149488,192168,120688.0,886.0,77.79
2023,469,825,51976,59400,8837.0,100.0,87.5
2023,471,58,267,696,65.0,0.0,38.36
2023,474,264,8244,19008,643.0,0.0,43.37
2023,480,69,181,828,169.0,0.0,21.86
2023,484,464,67372,83520,16267.0,0.0,80.67
2023,485,1363,192860,222314,551460.0,21.0,86.75
2023,487,1448,198556,232617,676275.0,36.0,85.36
2023,489,6,230,432,21.0,0.0,53.24
2023,491,419,55149,77502,0.0,0.0,71.16
2023,496,8,292,576,241.0,0.0,50.69
2023,497,1439,208399,284153,1042236.0,66.0,73.34
2023,501,1386,217223,276930,986568.0,2606.0,78.44
2023,505,640,89391,121272,123266.0,5.0,73.71
2023,507,344,45970,61920,18253.0,0.0,74.24
2023,509,39,1213,2808,0.0,0.0,43.2
2023,511,2612,382631,515838,2330947.0,781.0,74.18
2023,512,322,14109,23184,224.0,0.0,60.86
2023,513,236,23820,34476,39770.0,0.0,69.09
2023,514,328,13213,23616,626.0,77.0,55.95
2023,516,2150,351166,399780,1894710.0,4504.0,87.84
2023,519,728,106141,131436,477663.0,250.0,80.75
2023,522,158,5436,11376,7998.0,0.0,47.78
2023,523,310,0,0,3727968.0,0.0,0.0
2023,524,4720,679021,865883,6597381.0,0.0,78.42
2023,525,697,72542,117642,663213.0,0.0,61.66
2023,526,1554,200337,275136,3044.0,0.0,72.81
2023,529,615,28710,44280,247734.0,2362.0,64.84
2023,532,2780,403380,511253,1966627.0,1998.0,78.9
2023,533,189,7117,9012,35.0,0.0,78.97
2023,535,827,131361,167735,930018.0,3883.0,78.31
2023,539,633,91246,135133,721176.0,3503.0,67.52
2023,541,9042,1407179,1727267,9574765.0,43339.0,81.47
2023,543,1983,306807,365678,1885129.0,913.0,83.9
2023,545,32,49,384,34.0,0.0,12.76
2023,548,276,37537,58144,107688.0,0.0,64.56
2023,550,383,13924,27576,45.0,0.0,50.49
2023,551,2582,385010,482616,2086667.0,736.0,79.78
2023,553,2369,363257,491041,1971023.0,417.0,73.98
2024,2,806,48404,58032,16931.0,0.0,83.41
2024,4,2589,368629,424992,2381211.0,0.0,86.74
2024,5,64,6887,11520,8085.0,34.0,59.78
2024,6,2009,288598,364248,967733.0,7001.0,79.23
2024,8,218,27439,39240,10064.0,135.0,69.93
2024,9,553,76606,99540,466063.0,11949.0,76.96
2024,12,279,11094,20088,1999.0,0.0,55.23
2024,14,1360,247468,293847,19119.0,0.0,84.22
2024,15,424,113107,139268,2370432.0,529.0,81.22
2024,17,2112,285096,354296,4151338.0,0.0,80.47
2024,18,205,9997,14760,53517.0,0.0,67.73
2024,19,230,8224,11012,0.0,0.0,74.68
2024,20,712,89253,110687,309207.0,12.0,80.64
2024,21,36,1428,3420,0.0,0.0,41.75
2024,22,317,13494,22824,33625.0,0.0,59.12
2024,24,319,11764,15268,80.0,0.0,77.05
2024,25,588,49939,85545,141733.0,2.0,58.38
2024,26,213,5035,10192,270.0,0.0,49.4
2024,27,502,73230,97348,559598.0,350.0,75.22
2024,28,622,34201,44784,165080.0,0.0,76.37
2024,29,586,28088,42192,10049.0,0.0,66.57
2024,30,1286,185254,236183,1860962.0,3481.0,78.44
2024,31,210,54544,65901,1420551.0,0.0,82.77
2024,32,686,40337,49392,154698.0,0.0,81.67
2024,34,2056,120688,147292,81310.0,0.0,81.94
2024,35,611,30348,43992,2690.0,0.0,68.99
2024,36,8629,1298016,1540532,12727566.0,45421.0,84.26
2024,38,992,156367,203900,120958.0,192.0,76.69
2024,39,716,40550,51552,427.0,0.0,78.66
2024,40,405,18623,29160,69067.0,0.0,63.86
2024,43,2,262,324,0.0,0.0,80.86
2024,45,1774,273400,355512,2448693.0,64.0,76.9
2024,46,6139,920929,1165262,7529971.0,31691.0,79.03
2024,47,371,53491,76565,32257.0,67.0,69.86
2024,48,942,152489,202400,276914.0,8.0,75.34
2024,51,186,378,2232,4203.0,0.0,16.94
2024,65,2903,153774,206608,511993.0,0.0,74.43
2024,66,580,73045,90492,603570.0,0.0,80.72
2024,69,912,117248,146560,254198.0,176.0,80.0
2024,70,76,7752,11856,5270.0,0.0,65.38
2024,71,1187,159449,214624,721395.0,3.0,74.29
2024,73,629,93052,123605,527331.0,4.0,75.28
2024,74,1,28,48,0.0,0.0,58.33
2024,75,546,32597,39312,72605.0,0.0,82.92
2024,76,544,27466,39168,42180.0,0.0,70.12
2024,77,296,38623,53280,114214.0,0.0,72.49
2024,78,126,15991,22680,2906.0,0.0,70.51
2024,79,92,8377,16560,0.0,0.0,50.59
2024,80,2575,441738,680163,12396114.0,112724.0,64.95
2024,81,867,206910,256388,1413901.0,1852.0,80.7
2024,82,10,854,1800,399.0,8.0,47.44
2024,83,3765,576226,709750,1766427.0,15693.0,81.19
2024,86,553,91750,102927,0.0,0.0,89.14
2024,87,711,41747,51192,45448.0,0.0,81.55
2024,89,1234,71366,88448,39834.0,0.0,80.69
2024,90,165,5839,11880,2148.0,0.0,49.15
2024,91,2365,455794,502787,635910.0,0.0,90.65
2024,92,682,113515,126542,22835.0,0.0,89.71
2024,93,251,36937,52137,138458.0,0.0,70.85
2024,94,11523,1759480,2088549,17291698.0,43442.0,84.24
2024,95,66,7643,11880,11182.0,0.0,64.34
2024,96,1434,228533,280972,981315.0,4.0,81.34
2024,97,324,18462,23328,14.0,0.0,79.14
2024,99,706,92594,127080,855240.0,4432.0,72.86
2024,100,79,11438,17081,7218.0,0.0,66.96
2024,101,274,40753,49542,50851.0,0.0,82.26
2024,102,291,13860,20952,4060.0,0.0,66.15
2024,103,141,21607,30263,5209.0,0.0,71.4
2024,104,407,53347,73260,383244.0,4365.0,72.82
2024,105,128,5985,9216,241.0,0.0,64.94
2024,107,290,12252,20880,5220.0,0.0,58.68
2024,108,342,17053,24714,4419.0,0.0,69.0
2024,109,612,86624,105119,189507.0,1143.0,82.41
2024,110,596,41879,53116,2223113.0,0.0,78.84
2024,111,310,37943,55800,140275.0,708.0,68.0
2024,112,911,146832,190773,703567.0,16.0,76.97
2024,113,6672,997189,1240705,5384764.0,77765.0,80.37
2024,114,132,4180,9504,4185.0,0.0,43.98
2024,115,2618,411464,471240,2883014.0,24272.0,87.32
2024,116,202,9833,14140,0.0,0.0,69.54
2024,117,3305,529316,611658,2750578.0,19278.0,86.54
2024,118,3078,455346,570902,3376907.0,38795.0,79.76
2024,119,10,1106,1800,183.0,63.0,61.44
2024,120,9502,1376419,1661071,17733673.0,80713.0,82.86
2024,121,245,34831,44100,32370.0,108.0,78.98
2024,122,256,33035,46080,18629.0,0.0,71.69
2024,124,78,5581,13632,71115.0,0.0,40.94
2024,126,3349,570392,669348,3157450.0,6973.0,85.22
2024,127,389,43666,65106,66845.0,0.0,67.07
2024,128,323,14591,23256,671.0,0.0,62.74
2024,129,6,557,1080,6494.0,0.0,51.57
2024,130,827,50336,69132,153203.0,0.0,72.81
2024,131,1902,303141,376763,567096.0,29.0,80.46
2024,132,132,15532,23760,21984.0,629.0,65.37
2024,133,2283,377303,454323,503544.0,869.0,83.05
2024,134,1742,264431,343419,1184897.0,0.0,77.0
2024,135,586,96094,110936,255867.0,34.0,86.62
2024,137,512,72439,92160,623320.0,9637.0,78.6
2024,138,2103,363824,426392,3630983.0,7204.0,85.33
2024,139,98,5046,7056,0.0,0.0,71.51
2024,140,120,17264,21600,17461.0,44.0,79.93
2024,142,668,103789,120240,641891.0,10844.0,86.32
2024,143,3214,445540,537644,5090397.0,21003.0,82.87
2024,144,1351,184407,260782,1245612.0,3484.0,70.71
2024,145,1218,162975,219916,12110.0,0.0,74.11
2024,146,390,38434,50778,357462.0,0.0,75.69
2024,147,105,3654,7560,755.0,0.0,48.33
2024,148,299,28220,36030,3811.0,0.0,78.32
2024,151,1081,149759,188884,158074.0,2417.0,79.29
2024,153,35,1235,2520,126.0,0.0,49.01
2024,155,214,43920,66126,1275494.0,0.0,66.42
2024,156,2572,375284,500552,8417121.0,521.0,74.97
2024,157,989,178089,198124,1244454.0,0.0,89.89
2024,158,536,89292,99037,4177.0,27726.0,90.16
2024,159,76,5793,12324,0.0,0.0,47.01
2024,160,500,72388,93410,1146552.0,0.0,77.49
2024,162,148,18546,26640,4513.0,0.0,69.62
2024,163,6382,935036,1110896,3575242.0,19987.0,84.17
2024,164,2140,283413,346734,3300315.0,0.0,81.74
2024,165,2693,789507,909437,20578810.0,28889.0,86.81
2024,166,29328,4723010,5458787,24579674.0,123177.0,86.52
2024,167,2499,398290,438048,2777552.0,13193.0,90.92
2024,168,99,0,0,5878171.0,0.0,0.0
2024,169,1407,454264,531607,15490645.0,371406.0,85.45
2024,170,613,89054,108340,317613.0,2.0,82.2
2024,171,1019,131996,161002,2013448.0,0.0,81.98
2024,173,645,87289,107854,1120687.0,0.0,80.93
2024,175,3069,644053,826084,32611830.0,87205.0,77.96
2024,176,1968,387459,507952,13065637.0,3527.0,76.28
2024,177,2004,464955,569478,16342109.0,337740.0,81.65
2024,178,900,270277,293771,9189042.0,80244.0,92.0
2024,179,3241,1143776,1385222,12424047.0,105803.0,82.57
2024,180,1276,151007,209060,227876.0,0.0,72.23
2024,181,584,79468,105120,124406.0,0.0,75.6
2024,182,2328,334862,397102,4090330.0,223.0,84.33
2024,185,144,19536,22464,4112.0,0.0,86.97
2024,186,18194,2962631,3389697,38913954.0,287014.0,87.4
2024,187,1590,211363,267548,2774489.0,0.0,79.0
2024,188,19278,2703041,3417042,13189913.0,61924.0,79.1
2024,189,28,3937,4536,0.0,0.0,86.79
2024,190,2256,293297,375488,1213365.0,0.0,78.11
2024,191,752,99677,117280,15011.0,0.0,84.99
2024,192,5834,896619,1011266,8720340.0,37391.0,88.66
2024,193,730,161906,205857,5129910.0,0.0,78.65
2024,194,4278,586525,697408,6828169.0,0.0,84.1
2024,195,832,276400,368969,1060882.0,145.0,74.91
2024,196,696,134328,189106,4711562.0,5961.0,71.03
2024,197,309,34781,46761,285904.0,0.0,74.38
2024,199,1907,247050,318638,263704.0,0.0,77.53
2024,200,1529,206979,300949,3389986.0,0.0,68.78
2024,202,156,16553,29464,0.0,0.0,56.18
2024,203,1914,300156,409325,15301887.0,669622.0,73.33
2024,204,10047,1478190,1780412,9696148.0,93041.0,83.03
2024,205,366,84287,149125,2777103.0,0.0,56.52
2024,206,2689,375643,438995,1928340.0,0.0,85.57
2024,207,5618,839912,1019058,6015379.0,12089.0,82.42
2024,208,10074,1488254,1764340,15375853.0,49536.0,84.35
2024,209,2997,447487,534517,5963681.0,1383.0,83.72
2024,210,10018,1558892,1780482,3840763.0,56503.0,87.55
2024,211,2273,318363,378186,4942819.0,0.0,84.18
2024,212,324,42563,58320,55385.0,0.0,72.98
2024,213,10753,1563850,1904892,16147953.0,45711.0,82.1
2024,214,1094,227843,270138,14115755.0,15300.0,84.34
2024,216,21614,3331178,4065871,67955961.0,70459.0,81.93
2024,217,523,49813,63060,455731.0,0.0,78.99
2024,218,4848,644866,798468,3828242.0,8695.0,80.76
2024,219,2079,265465,343302,2711757.0,326.0,77.33
2024,220,7673,1069260,1238900,7243028.0,0.0,86.31
2024,222,21099,2982660,3598013,17525594.0,38593.0,82.9
2024,223,1155,234202,313201,6613885.0,53681.0,74.78
2024,224,395,26358,49990,1118034.0,0.0,52.73
2024,225,729,120357,145800,1333236.0,0.0,82.55
2024,226,158,20940,39487,545138.0,19510.0,53.03
2024,227,406,42192,64148,36241.0,0.0,65.77
2024,229,2656,385134,460866,3562025.0,1298.0,83.57
2024,230,6304,1037874,1185255,1597436.0,7941.0,87.57
2024,231,2107,254786,349985,4752092.0,0.0,72.8
2024,232,1991,381809,561638,28295212.0,59269.0,67.98
2024,233,720,104836,114344,1185634.0,0.0,91.68
2024,234,1519,215638,247979,2743121.0,109.0,86.96
2024,235,17900,2658549,3199512,35228086.0,82205.0,83.09
2024,238,1717,265118,292543,1072291.0,0.0,90.63
2024,239,9742,1356579,1607632,4939779.0,0.0,84.38
2024,241,500,77990,92476,21.0,0.0,84.34
2024,245,721,160639,191607,224923.0,482.0,83.84
2024,247,686,58102,73278,201488.0,0.0,79.29
2024,251,1458,139187,246336,295211.0,0.0,56.5
2024,252,58,7023,10440,15779.0,0.0,67.27
2024,255,2,291,324,0.0,0.0,89.81
2024,257,72,10123,12960,1078.0,115.0,78.11
2024,258,1425,201721,269330,1977992.0,550.0,74.9
2024,259,437,63393,89853,354834.0,1769.0,70.55
2024,260,904,55596,67640,215624.0,0.0,82.19
2024,261,2165,31325,44932,4147981.0,0.0,69.72
2024,262,550,89071,117728,314227.0,609.0,75.66
2024,264,1931,292829,360092,3133716.0,2248.0,81.32
2024,265,678,15234,24676,44617.0,0.0,61.74
2024,266,1766,267159,330845,2086882.0,7333.0,80.75
2024,267,14084,301199,376822,85295330.0,0.0,79.93
2024,268,363,12922,16348,20893.0,0.0,79.04
2024,269,206,10190,14832,149047.0,0.0,68.7
2024,270,2184,702211,772458,15180001.0,60.0,90.91
2024,271,110,11407,27940,33489.0,7.0,40.83
2024,272,460,81330,93288,143.0,0.0,87.18
2024,273,1384,678298,737125,4419637.0,1103014.0,92.02
2024,274,106,16723,19480,0.0,0.0,85.85
2024,275,1092,179044,251200,316452.0,0.0,71.28
2024,277,1532,397546,473472,9578866.0,0.0,83.96
2024,278,130,19164,23400,5469.0,0.0,81.9
2024,280,1902,436733,521334,2549027.0,8216.0,83.77
2024,281,558,172243,179864,3277073.0,77577.0,95.76
2024,284,1316,189836,236880,1376764.0,20385.0,80.14
2024,285,31,4834,6559,28767.0,0.0,73.7
2024,286,1089,175980,231240,873985.0,240.0,76.1
2024,287,10814,1796779,2231667,1414281.0,289.0,80.51
2024,288,3619,504090,603886,456686.0,0.0,83.47
2024,289,3883,292884,351201,97883.0,0.0,83.39
2024,290,370,43567,69033,115643.0,0.0,63.11
2024,291,5285,1016402,1159153,5483443.0,13588.0,87.68
2024,292,1731,302409,373060,935093.0,0.0,81.06
2024,295,648,127137,163092,2109744.0,0.0,77.95
2024,296,486,71994,85584,0.0,0.0,84.12
2024,299,20,2026,3832,545.0,0.0,52.87
2024,300,34,4491,6120,30019.0,0.0,73.38
2024,301,28,503,5040,845.0,0.0,9.98
2024,302,72,11309,15840,0.0,0.0,71.4
2024,303,1410,283097,336886,5873687.0,0.0,84.03
2024,304,13125,2742281,3308297,5983780.0,13358.0,82.89
2024,305,1295,198365,275835,280058.0,191.0,71.91
2024,306,232,26614,37584,83279.0,0.0,70.81
2024,307,834,126681,179189,237860.0,460.0,70.7
2024,308,8432,1404534,1585660,1782733.0,79344.0,88.58
2024,309,87,25027,27492,48844.0,0.0,91.03
2024,310,382,20753,27504,3727.0,0.0,75.45
2024,311,4229,891488,996606,7397315.0,273531.0,89.45
2024,312,267,34851,44812,241418.0,600.0,77.77
2024,314,242,28817,43560,96631.0,0.0,66.15
2024,315,1950,139945,172734,294819.0,0.0,81.02
2024,316,1465,392616,454692,11959739.0,71054.0,86.35
2024,317,3605,510574,696281,4074817.0,4734.0,73.33
2024,318,710,33104,51120,162814.0,0.0,64.76
2024,320,728,121389,131908,86686.0,0.0,92.03
2024,321,2838,447069,568212,717813.0,717.0,78.68
2024,326,1063,63164,76536,238730.0,0.0,82.53
2024,327,630,40547,45360,31146.0,0.0,89.39
2024,329,335,8168,12308,17906.0,0.0,66.36
2024,330,412,20840,29664,18732.0,0.0,70.25
2024,331,804,41079,57584,49184.0,0.0,71.34
2024,332,132,26932,28380,600.0,26980.0,94.9
2024,333,2845,174859,203924,450923.0,0.0,85.75
2024,335,4,556,648,0.0,0.0,85.8
2024,337,1293,200263,258153,1494058.0,4965.0,77.58
2024,338,725,181393,208841,5470534.0,0.0,86.86
2024,340,2187,118236,153090,21028.0,0.0,77.23
2024,341,1587,230643,262628,2068858.0,0.0,87.82
2024,344,1920,262420,315856,51254.0,0.0,83.08
2024,345,653,97218,114750,281602.0,0.0,84.72
2024,346,1566,203801,255544,843888.0,0.0,79.75
2024,347,3365,482724,549836,1061705.0,0.0,87.79
2024,349,246,0,0,2872246.0,0.0,0.0
2024,350,1375,172916,223716,98009.0,0.0,77.29
2024,351,1540,203118,249006,713501.0,0.0,81.57
2024,352,6674,936445,1101814,1900398.0,0.0,84.99
2024,357,1894,245426,302952,122081.0,0.0,81.01
2024,359,59,16240,23922,12428.0,12298.0,67.89
2024,360,1,390,436,0.0,400.0,89.45
2024,361,48,20231,20932,1746.0,33620.0,96.65
2024,362,532,75938,95760,59064.0,0.0,79.3
2024,366,360,52207,68664,339251.0,100.0,76.03
2024,367,4541,732868,863006,4040126.0,5146.0,84.92
2024,368,16,577,1152,84.0,0.0,50.09
2024,369,1422,17720,33732,87771.0,6.0,52.53
2024,370,403,56068,72540,285805.0,6243.0,77.29
2024,371,309,39649,55020,138.0,0.0,72.06
2024,374,56,4334,6272,0.0,0.0,69.1
2024,376,138,6748,9936,7911.0,0.0,67.91
2024,377,579,24991,41688,122901.0,0.0,59.95
2024,378,7231,964287,1261838,1880662.0,0.0,76.42
2024,380,379,9965,17208,49791.0,0.0,57.91
2024,381,440,22664,31680,6600.0,0.0,71.54
2024,383,37,9734,15052,0.0,0.0,64.67
2024,384,115,4328,8280,229.0,0.0,52.27
2024,385,749,94244,130049,212038.0,1337.0,72.47
2024,386,4298,637150,813709,307299.0,257.0,78.3
2024,387,1403,127309,158164,187249.0,4183.0,80.49
2024,388,718,100846,129240,368191.0,4572.0,78.03
2024,389,2327,270029,365153,1209373.0,0.0,73.95
2024,391,42,5208,7560,25301.0,0.0,68.89
2024,392,126,18788,22680,151700.0,215.0,82.84
2024,393,46,5504,8280,17186.0,0.0,66.47
2024,395,648,97760,138904,554003.0,72.0,70.38
2024,397,651,37812,46872,82111.0,0.0,80.67
2024,398,269,12819,19368,13888.0,0.0,66.19
2024,399,558,40611,47718,208522.0,0.0,85.11
2024,400,238,12175,17136,4262.0,0.0,71.05
2024,401,331,1299,5652,5776.0,2.0,22.98
2024,402,585,1257,7020,10418.0,13.0,17.91
2024,403,2462,395929,496822,3447824.0,26275.0,79.69
2024,404,498,44507,54724,237060.0,0.0,81.33
2024,405,270,34403,55189,46249.0,650.0,62.34
2024,406,500,25521,36000,164869.0,0.0,70.89
2024,409,2037,126397,146664,149834.0,0.0,86.18
2024,410,65,2365,4680,3731.0,0.0,50.53
2024,411,16,2011,2880,0.0,0.0,69.83
2024,412,1434,204571,254694,98570.0,119.0,80.32
2024,413,2581,371856,465864,156558.0,406.0,79.82
2024,414,2816,409654,504656,140048.0,211.0,81.17
2024,419,5596,814211,986652,1667659.0,14264.0,82.52
2024,421,658,97986,117096,175893.0,0.0,83.68
2024,422,1586,232864,283046,75742.0,0.0,82.27
2024,423,1073,63523,77256,59362.0,0.0,82.22
2024,424,727,40349,52344,528.0,0.0,77.08
2024,426,127,4976,9144,1518.0,0.0,54.42
2024,428,581,81919,104484,265346.0,5150.0,78.4
2024,434,548,1172,6576,11828.0,0.0,17.82
2024,435,416,65293,74892,12210.0,0.0,87.18
2024,436,38,3393,6840,4826.0,0.0,49.61
2024,437,3444,597772,681188,2429932.0,21013.0,87.75
2024,438,716,39504,51552,49065.0,0.0,76.63
2024,439,218,28986,44374,20869.0,0.0,65.32
2024,440,628,95356,113040,492240.0,5204.0,84.36
2024,442,20,528,1440,5.0,0.0,36.67
2024,443,28,1025,2016,6.0,0.0,50.84
2024,444,1332,173334,209378,646935.0,0.0,82.79
2024,446,38,1625,2736,63.0,0.0,59.39
2024,447,81,13166,20331,220942.0,0.0,64.76
2024,449,392,62538,70968,0.0,0.0,88.12
2024,450,804,96718,140890,93952.0,154.0,68.65
2024,451,739,118979,150071,682454.0,126.0,79.28
2024,453,1597,91316,115281,88075.0,0.0,79.21
2024,454,2217,324366,427956,1565083.0,10735.0,75.79
2024,457,344,41789,54800,134895.0,0.0,76.26
2024,458,640,12733,22820,44685.0,0.0,55.8
2024,459,463,73189,95749,348562.0,154.0,76.44
2024,460,456,18917,32832,58870.0,0.0,57.62
2024,461,1473,224838,273692,1647305.0,614.0,82.15
2024,462,829,120582,153617,489036.0,683.0,78.5
2024,464,38,1150,2736,197.0,0.0,42.03
2024,465,22,538,1584,860.0,0.0,33.96
2024,466,718,41618,51696,1671.0,0.0,80.51
2024,467,2849,158114,205128,128331.0,50.0,77.08
2024,468,42,3586,5460,3072.0,0.0,65.68
2024,469,1392,90590,100224,52039.0,0.0,90.39
2024,471,17,0,204,0.0,0.0,0.0
2024,474,96,3910,6912,29.0,0.0,56.57
2024,480,85,94,1020,1108.0,0.0,9.22
2024,481,2,102,360,110.0,0.0,28.33
2024,482,23,1936,4425,1567.0,2.0,43.75
2024,483,52,6670,9360,1659.0,0.0,71.26
2024,484,446,67001,80280,8572.0,0.0,83.46
2024,485,918,150591,166101,546309.0,1045.0,90.66
2024,486,2,170,360,0.0,0.0,47.22
2024,487,1028,149682,178385,655350.0,159.0,83.91
2024,488,68,8330,12240,1715.0,88.0,68.06
2024,491,514,55500,88672,0.0,0.0,62.59
2024,493,6,473,1080,2885.0,0.0,43.8
2024,494,355,50279,71827,189387.0,0.0,70.0
2024,497,1345,192583,265865,892986.0,7.0,72.44
2024,500,382,55241,79530,326256.0,0.0,69.46
2024,501,1168,195592,242618,1409632.0,3361.0,80.62
2024,502,46,6655,8280,35064.0,0.0,80.37
2024,504,20,1726,3600,389.0,0.0,47.94
2024,505,443,72288,87211,245718.0,0.0,82.89
2024,507,712,102015,128160,76983.0,1124.0,79.6
2024,508,213,27747,38340,270724.0,2425.0,72.37
2024,509,71,2569,5112,236.0,0.0,50.25
2024,510,14,395,1008,1.0,0.0,39.19
2024,511,2351,374162,462213,2620318.0,1749.0,80.95
2024,512,185,8648,13320,205.0,0.0,64.92
2024,513,72,7615,8660,1072.0,0.0,87.93
2024,514,234,9705,16848,1124.0,0.0,57.6
2024,515,26,3624,4680,13354.0,0.0,77.44
2024,516,1921,300174,357050,2104027.0,8697.0,84.07
2024,518,6,765,1080,1447.0,0.0,70.83
2024,519,745,117919,134100,956257.0,14026.0,87.93
2024,523,308,0,0,3846520.0,0.0,0.0
2024,524,4258,708759,812502,8704594.0,0.0,87.23
2024,525,344,49603,56684,6046.0,0.0,87.51
2024,526,1018,157417,183740,1397.0,0.0,85.67
2024,528,36,3001,4470,1119.0,0.0,67.14
2024,529,299,19486,26596,110114.0,0.0,73.27
2024,531,465,30844,57316,18379.0,0.0,53.81
2024,532,1731,255714,330161,1367301.0,2499.0,77.45
2024,533,211,8257,10096,0.0,0.0,81.78
2024,534,301,0,0,1607114.0,0.0,0.0
2024,535,663,108625,141295,959568.0,2805.0,76.88
2024,539,736,117233,157772,1042722.0,3803.0,74.31
2024,540,390,57481,73814,274079.0,0.0,77.87
2024,541,7493,1132719,1438567,11213184.0,42255.0,78.74
2024,543,1775,275463,332653,2153631.0,4022.0,82.81
2024,544,817,170,576,6147385.0,0.0,29.51
2024,545,16,0,192,0.0,0.0,0.0
2024,546,96,13846,20640,451.0,0.0,67.08
2024,550,218,8276,15696,35.0,0.0,52.73
2024,551,2144,330964,395415,2647880.0,10473.0,83.7
2024,552,18,1223,3240,559.0,0.0,37.75
2024,553,1852,317345,391264,1928656.0,202.0,81.11
