waktu_id,bandara_id,kategori,pesawat_dtg,pesawat_brk,pesawat_total,penumpang_dtg,penumpang_brk,penumpang_total,penumpang_tra,bagasi_dtg,bagasi_brk,bagasi_total,barang_dtg,barang_brk,barang_total,pos_dtg,pos_brk,pos_total
2020,26,DOMESTIK,1809,1813,3622,157995,165534,323529,532,904353,832514,1736867,4553460,778885,5332345,0,134,134
2021,26,DOMESTIK,1951,1955,3906,154921,163993,318914,986,1152615,1149999,2302614,6444538,968474,7413012,0,0,0
2022,26,DOMESTIK,3.14,3147,6287,205223,209629,414852,17,1832037,1676924,3508961,5821631,1191904,7013535,0,0,0
2023,26,DOMESTIK,2472,2466,4938,265205,279654,544859,56,2200202,1957936,4158138,3539344,1122310,4661654,0,213,213
2024,26,DOMESTIK,3446,3504,6.95,291961,327289,619.25,54,2624464,2394260,5018724,6526733,1551219,8077952,239,4932,5171
2020,26,INTERNASIONAL,293,289,582,27505,26096,53601,3727,290995,195384,486379,1.57,9243,10813,0,0,0
2021,26,INTERNASIONAL,35,34,69,0,6,6,1379,0,0,0,0,24537,24537,0,0,0
2022,26,INTERNASIONAL,107,91,198,8295,8926,17221,0,128516,103887,232403,68,0,68,0,0,0
2023,26,INTERNASIONAL,645,647,1292,66208,76846,143054,0,698721,549654,1248375,2.6,11868,14468,0,0,0
2024,26,INTERNASIONAL,889,880,1769,99542,109063,208605,0,1256834,840309,2097143,8.51,27788,36298,0,0,0
2020,128,DOMESTIK,123,123,246,5557,5055,10612,0,20548,12117,32665,3.3,574,3874,0,0,0
2021,128,DOMESTIK,18,18,36,847,855,1702,0,4638,3868,8506,0,0,0,0,0,0
2022,128,DOMESTIK,126,126,252,6537,7079,13616,0,40987,38073,79.06,0,0,0,0,0,0
2023,128,DOMESTIK,163,166,329,7316,7872,15188,0,42123,44857,86.98,0,0,0,0,0,0
2024,128,DOMESTIK,58,59,117,2257,2046,4303,105,10967,10287,21254,0,0,0,0,0,0
2020,189,DOMESTIK,266,266,532,6747,6901,13648,0,25071,20362,45433,3623,6.08,9703,5,8,13
2021,189,DOMESTIK,314,315,629,4383,4654,9037,0,20835,13538,34373,56257,26674,82931,0,0,0
2022,189,DOMESTIK,437,437,874,6.72,7227,13947,0,39875,17292,57167,49642,40.59,90232,0,0,0
2023,189,DOMESTIK,257,240,497,7089,6959,14048,0,60454,45.77,106224,27949,39889,67838,0,0,0
2024,189,DOMESTIK,301,301,602,6107,6449,12556,0,43681,41953,85634,22202,26.48,48682,0,0,0
2020,224,DOMESTIK,92,92,184,2565,2782,5347,349,4791,8.21,13001,0,0,0,0,0,0
2021,224,DOMESTIK,70,70,140,478,972,1.45,0,1884,2886,4.77,369,8763,9132,0,0,0
2022,224,DOMESTIK,139,139,278,3169,3042,6211,1423,16645,19684,36329,0,0,0,0,0,0
2023,224,DOMESTIK,6,6,12,98,122,220,0,0,0,0,0,1.38,1.38,0,0,0
2024,224,DOMESTIK,83,83,166,201,394,595,0,212,647,859,0,0,0,0,0,0
2020,65,DOMESTIK,669,669,1338,26318,26.29,52608,118,149383,147911,297294,4369,61144,65513,0,0,0
2021,65,DOMESTIK,395,395,790,12551,13156,25707,26,97026,98037,195063,9394,26569,35963,0,0,0
2022,65,DOMESTIK,579,579,1158,25251,24178,49429,0,248695,0,248695,46523,0,46523,0,0,0
2023,65,DOMESTIK,589,589,1178,27307,26302,53609,0,139058,128301,267359,33901,9767,43668,0,0,0
2024,65,DOMESTIK,528,524,1052,22187,20.87,43057,0,101341,87244,188585,35468,15003,50471,0,0,0
2020,69,DOMESTIK,1879,1879,3758,79342,80398,159.74,1.08,377322,265835,643157,950676,53645,1004321,0,0,0
2021,69,DOMESTIK,2031,2031,4062,83737,98697,182434,370,393837,262653,656.49,604626,111886,716512,0,0,0
2022,69,DOMESTIK,2215,2176,4391,99384,115978,215362,0,521538,507593,1029131,348912,112461,461373,0,0,0
2023,69,DOMESTIK,2045,2044,4089,102192,115707,217899,0,562924,520314,1083238,352795,57746,410541,0,0,0
2024,69,DOMESTIK,1.68,1681,3361,88007,92468,180475,0,440933,409239,850172,332902,94688,427.59,0,0,0
2020,5,DOMESTIK,95,95,190,3144,3118,6262,0,6668,4858,11526,3.77,2698,6468,0,0,0
2021,5,DOMESTIK,1,1,2,0,0,0,0,0,0,0,0,0,0,0,0,0
2022,5,DOMESTIK,2,2,4,8,10,18,0,0,0,0,0,0,0,0,0,0
2023,5,DOMESTIK,3,3,6,76,79,155,0,0,0,0,0,0,0,0,0,0
2024,5,DOMESTIK,4,4,8,25,31,56,0,0,0,0,0,0,0,0,0,0
2020,57,DOMESTIK,930,930,1.86,89622,87116,176738,0,722357,748489,1470846,409476,198915,608391,0,0,0
2021,57,DOMESTIK,1095,1095,2.19,99828,105618,205446,0,903491,1107799,2011290,1768024,675451,2443475,0,0,0
2022,57,DOMESTIK,1191,1191,2382,152887,147.64,300527,2,1413074,1493181,2906255,1912251,1039217,2951468,0,0,0
2023,57,DOMESTIK,1655,1655,3.31,224836,223305,448141,1,2102959,2214195,4317154,2419381,1102205,3521586,1,0,1
2024,57,DOMESTIK,1669,1668,3337,246764,249771,496535,34,2381777,2546856,4928633,1799278,1330154,3129432,0,0,0
2020,57,INTERNASIONAL,34,34,68,2975,2873,5848,0,14.85,13.54,28.39,0,0,0,0,0,0
2021,57,INTERNASIONAL,0,0,0,0,0,0,0,0,0,0,0,0,0,0,0,0
2022,57,INTERNASIONAL,0,0,0,0,0,0,0,0,0,0,0,0,0,0,0,0
2023,57,INTERNASIONAL,2,2,4,15,0,15,0,0,0,0,0,0,0,0,0,0
2024,57,INTERNASIONAL,0,0,0,0,0,0,0,0,0,0,0,0,0,0,0,0
2020,156,DOMESTIK,5896,5885,11781,622362,581037,1203399,5602,3440205,3248823,6689028,7391411,3651347,11042758,0,0,0
2021,156,DOMESTIK,5.17,5137,10307,532492,541822,1074314,0,0,0,0,6417305,3633812,10051117,0,0,0
2022,156,DOMESTIK,7115,7112,14227,918164,945056,1863220,477,7977220,8437649,16414869,5352086,3079918,8432004,0,0,0
2023,156,DOMESTIK,7.85,7836,15686,1044639,1058021,2102660,102,8807532,9290337,18097869,5475279,2886442,8361721,0,0,0
2024,156,DOMESTIK,7566,7556,15122,1001317,1014114,2015431,1146,8643107,10318130,18961237,7334783,3130847,10465630,0,0,0
2020,156,INTERNASIONAL,252,253,505,32625,30.09,62715,0,357753,239898,597651,0,144403,144403,0,0,0
2021,156,INTERNASIONAL,0,0,0,0,0,0,0,0,0,0,0,0,0,0,0,0
2022,156,INTERNASIONAL,109,110,219,11.74,12052,23792,0,180387,144105,324492,0,0,0,0,0,0
2023,156,INTERNASIONAL,1125,1133,2258,146976,150695,297671,2,1784829,1519617,3304446,3.16,11333,14493,0,0,0
2024,156,INTERNASIONAL,1.48,1489,2969,221779,223388,445167,0,2627116,1939735,4566851,11368,48311,59679,0,0,0
2020,163,DOMESTIK,7208,7226,14434,687676,655501,1343177,7982,3658434,3159377,6817811,12432224,4663833,17096057,5013,50141,55154
2021,163,DOMESTIK,6341,6336,12677,598295,604874,1203169,2737,4059228,5415660,9474888,9133978,5315992,14449970,0,61744,61744
2022,163,DOMESTIK,8761,8756,17517,1089765,1109731,2199496,3034,8732161,8017415,16749576,9511740,4636142,14147882,0,64568,64568
2023,163,DOMESTIK,9.97,9979,19949,1202105,1207666,2409771,1,9388888,8418953,17807841,11778326,5223788,17002114,326,94131,94457
2024,163,DOMESTIK,9519,9521,19.04,1228762,1245780,2474542,1117,9697583,9105397,18802980,14033116,6246012,20279128,657,78939,79596
2020,163,INTERNASIONAL,487,483,970,36.05,33241,69291,3,386225,199.31,585535,8162,84953,93115,0,0,0
2021,163,INTERNASIONAL,19,22,41,13,93,106,0,0,0,0,0,0,0,0,0,0
2022,163,INTERNASIONAL,322,324,646,20503,21.89,42393,1,291.27,183517,474787,129,0,129,0,0,0
2023,163,INTERNASIONAL,1613,1603,3216,168285,173499,341784,6,1958880,1283224,3242104,15464,597,16061,0,0,0
2024,163,INTERNASIONAL,1845,1.85,3695,232559,237197,469756,2,2462249,1693072,4155321,21133,8.31,29443,0,0,0
2020,25,DOMESTIK,11602,11621,23223,1340861,1147704,2488565,184566,4929340,8298654,13227994,14173018,15368914,29541932,0,0,0
2021,25,DOMESTIK,10036,10045,20081,1020966,1043543,2064509,168185,6687826,8861701,15549527,16824672,13426197,30250869,0,0,0
2022,25,DOMESTIK,13268,13266,26534,1780400,1680588,3460988,162965,13683220,15667182,29513367,18696427,11324378,30020805,9366,595,9961
2023,25,DOMESTIK,14155,14091,28246,1966007,1902089,3868096,52123,15399396,16872874,32272270,21396105,8596248,29992353,27.51,1427,28937
2024,25,DOMESTIK,14541,14.45,28991,1914692,1919245,3833937,253769,13798581,15156347,28954928,27502375,8069921,35572296,6723,243,6966
2020,25,INTERNASIONAL,411,384,795,5548,5597,11145,115,41519,39064,80583,10.04,121471,131511,0,0,0
2021,25,INTERNASIONAL,178,177,355,36,341,377,0,0,3846,3846,43.57,66593,110163,0,0,0
2022,25,INTERNASIONAL,465,453,918,13979,14126,28105,408,228505,147296,375801,57493,38417,95.91,0,0,0
2023,25,INTERNASIONAL,631,666,1297,23.82,20513,44333,555,332726,189328,522054,7742,3735,11477,1177,2072,3249
2024,25,INTERNASIONAL,609,691,1.3,40791,44265,85056,353,628163,457038,1085201,164352,106667,271019,244,301,545
2020,216,DOMESTIK,1205,1213,2418,58989,60527,119516,66,267105,236831,503936,2138833,849353,2988186,0,0,0
2021,216,DOMESTIK,1453,1448,2901,63673,64669,128342,691,451411,465.96,917371,3331407,1724985,5056392,0,0,0
2022,216,DOMESTIK,1958,1.96,3918,104747,102075,206822,0,808628,778896,1587524,2908571,1811864,4720435,0,0,0
2023,216,DOMESTIK,1691,1695,3386,117103,113569,230672,0,936244,805311,1741555,3838511,2323819,6162330,0,792,792
2024,216,DOMESTIK,1.98,1986,3966,132509,128061,260.57,1,984267,941433,1925700,4607400,3553107,8160507,0,0,0
2020,216,INTERNASIONAL,8,6,14,439,0,439,0,4764,0,4764,0,0,0,0,0,0
2021,216,INTERNASIONAL,0,0,0,0,0,0,0,0,0,0,0,0,0,0,0,0
2022,216,INTERNASIONAL,4,6,10,10,18,28,0,0,10,10,0,0,0,0,0,0
2023,216,INTERNASIONAL,4,0,0,0,0,0,0,0,0,0,0,0,0,0,0,0
2024,216,INTERNASIONAL,3,2,5,0,0,0,0,0,0,0,0,0,0,0,0,0
2020,187,DOMESTIK,566,566,1132,5501,5405,10906,0,25819,25192,51011,0,0,0,0,0,0
2021,187,DOMESTIK,548,548,1096,3492,4093,7585,0,26108,31461,57569,0,0,0,0,0,0
2022,187,DOMESTIK,456,456,912,3812,4207,8019,0,31186,34115,65301,0,0,0,0,0,0
2023,187,DOMESTIK,422,421,843,4317,4666,8983,0,35546,37044,72.59,0,0,0,0,0,0
2024,187,DOMESTIK,635,641,1276,6081,6666,12747,0,32741,32.21,64951,0,0,0,0,0,0
2020,58,DOMESTIK,564,565,1129,15038,14121,29159,0,66212,63384,129596,0,0,0,0,0,0
2021,58,DOMESTIK,202,202,404,479,462,941,0,6904,9489,16393,0,0,0,0,0,0
2022,58,DOMESTIK,87,87,174,222,223,445,0,1592,2093,3685,0,0,0,0,0,0
2023,58,DOMESTIK,9,37,46,53,56,109,0,0,0,0,0,0,0,0,0,0
2024,58,DOMESTIK,26,26,52,177,221,398,0,707,0,707,0,0,0,1,0,1
2020,150,DOMESTIK,331,331,662,19051,19861,38912,0,176688,94633,271321,0,0,0,0,0,0
2021,150,DOMESTIK,330,330,660,18.16,18387,36547,0,95814,67751,163565,0,0,0,0,0,0
2022,150,DOMESTIK,392,392,784,24659,24412,49071,0,213789,156848,370637,219984,83.92,303904,0,0,0
2023,150,DOMESTIK,419,419,838,25118,25031,50149,0,226306,158.35,384656,225726,82991,308717,1,0,1
2024,150,DOMESTIK,466,464,930,26508,26613,53121,0,254588,174474,429062,253082,87455,340537,0,0,0
2020,115,DOMESTIK,160,160,320,7.82,6964,14784,0,28261,15703,43964,0,0,0,0,0,0
2021,115,DOMESTIK,156,156,312,7001,6681,13682,0,21938,14494,36432,0,0,0,0,0,0
2022,115,DOMESTIK,233,233,466,7962,7886,15848,0,32781,23642,56423,0,0,0,0,0,0
2023,115,DOMESTIK,257,257,514,9655,9327,18982,205,37965,29687,67652,0,0,0,0,0,0
2024,115,DOMESTIK,275,301,576,8129,8647,16776,0,30.39,26753,57143,0,0,0,0,0,0
2024,206,DOMESTIK,116,116,232,1128,1137,2265,0,4024,3616,7.64,0,0,0,0,0,0
2020,50,DOMESTIK,3937,3904,7841,283448,269137,552585,5241,1321268,1223041,2544309,3229939,2046425,5276364,0,191,191
2021,50,DOMESTIK,2818,2819,5637,215217,215.07,430287,0,0,0,0,1772119,1946803,3718922,0,0,0
2022,50,DOMESTIK,3665,3667,7332,406541,427969,834.51,32,2974463,2989188,5963651,2128541,1829583,3958124,0,0,0
2023,50,DOMESTIK,4109,4111,8.22,487463,499984,987447,226,3665294,3353420,7018714,1766964,1691389,3458353,0,0,0
2024,50,DOMESTIK,4134,4119,8253,480786,503165,983951,135,3731688,3435338,7167026,1686858,1846179,3533037,0,0,0
2024,50,INTERNASIONAL,17,15,32,0,0,0,0,0,0,0,0,0,0,0,0,0
2020,100,DOMESTIK,86,86,172,2353,2542,4895,0,2739,3026,5765,0,0,0,0,0,0
2021,100,DOMESTIK,5,5,10,62,59,121,0,3,3,6,0,0,0,0,0,0
2022,100,DOMESTIK,25,24,49,226,231,457,0,1414,1764,3178,931,960,1891,0,0,0
2023,100,DOMESTIK,7,7,14,53,52,105,0,0,0,0,0,0,0,0,0,0
2024,100,DOMESTIK,109,109,218,1.11,1201,2311,0,4606,5.37,9976,0,0,0,0,0,0
2020,19,DOMESTIK,2081,2079,4.16,158017,181107,339124,107,2524,0,2524,1244634,455458,1700092,0,0,0
2021,19,DOMESTIK,1654,1656,3.31,163351,159363,322714,0,0,0,0,904353,330371,1234724,0,0,0
2022,19,DOMESTIK,2.22,2.22,4.44,255.93,277379,533309,0,1458855,1310857,2769712,1146172,354913,1501085,0,100,100
2023,19,DOMESTIK,2325,2326,4651,299676,307667,607343,18,2345669,2083107,4428776,1270083,391669,1661752,305,0,305
2024,19,DOMESTIK,2.39,2391,4781,291933,300196,592129,0,2331136,2095766,4426902,1184831,558989,1743820,2492,4957,7449
2020,165,DOMESTIK,8574,8693,17267,712.47,676702,1389172,12.01,3399343,3397542,6796885,4098145,2165479,6263624,4607,6124,10731
2021,165,DOMESTIK,5557,5603,11.16,513698,519497,1033195,0,0,0,0,3306897,2380472,5687369,0,0,0
2022,165,DOMESTIK,8631,8629,17.26,1021382,1026743,2048125,5369,11600559,7929398,19529957,2880038,2416778,5296816,0,0,0
2023,165,DOMESTIK,9649,9645,19294,1356967,1364074,2721041,15786,9822752,10345892,20168644,2679609,2413213,5092822,0,789,789
2024,165,DOMESTIK,9409,9.41,18819,1374281,1380250,2754531,15.64,9955910,10485104,20441014,2902179,2916277,5818456,133,841,974
2020,165,INTERNASIONAL,201,202,403,23052,21085,44137,9,318206,155946,474152,11391,11866,23257,0,0,0
2021,165,INTERNASIONAL,0,0,0,0,0,0,0,0,0,0,0,0,0,0,0,0
2022,165,INTERNASIONAL,57,56,113,4782,4984,9766,0,120835,44636,165471,0,0,0,0,0,0
2023,165,INTERNASIONAL,94,75,169,16022,12161,28183,0,359277,153381,512658,413,0,413,0,0,0
2024,165,INTERNASIONAL,111,105,216,30258,31311,61569,1,811276,452323,1263599,218,0,218,0,0,0
2024,176,DOMESTIK,209,208,417,942,1157,2099,0,2495,1308,3803,0,0,0,0,0,0
2020,210,DOMESTIK,2182,2.18,4362,152684,153768,306452,315,842015,836643,1678658,1966522,980578,2947100,0,0,0
2021,210,DOMESTIK,2105,2106,4211,155205,155119,310324,0,0,0,0,3765431,1618787,5384218,0,0,0
2022,210,DOMESTIK,2793,2793,5586,293719,291223,584942,15798,2122153,2088072,4210225,4160861,1091805,5252666,0,0,0
2023,210,DOMESTIK,2566,2566,5132,323361,319527,642888,7775,2289005,2276882,4565887,3900540,1262157,5162697,0,0,0
2024,210,DOMESTIK,2105,2104,4209,277226,280608,557834,2238,2007568,2019159,4026727,3381899,1101760,4483659,0,0,0
2020,210,INTERNASIONAL,46,48,94,3332,4025,7357,0,23157,19709,42866,0,0,0,0,0,0
2021,210,INTERNASIONAL,0,0,0,0,0,0,0,0,0,0,0,0,0,0,0,0
2022,210,INTERNASIONAL,0,0,0,0,0,0,0,0,0,0,0,0,0,0,0,0
2023,210,INTERNASIONAL,0,0,0,0,0,0,0,0,0,0,0,0,0,0,0,0
2024,210,INTERNASIONAL,0,0,0,0,0,0,0,0,0,0,0,0,0,0,0,0
2020,159,DOMESTIK,4797,4795,9592,337873,317036,654909,18157,1594024,1691682,3285706,3779016,2243659,6022675,0,2039,2039
2021,159,DOMESTIK,3468,3468,6936,320653,316999,637652,0,0,0,0,6838603,2571174,9409777,0,0,0
2022,159,DOMESTIK,5126,5124,10.25,594046,574058,1168104,29103,4415871,4555475,8971346,8335140,2191754,10526894,0,1099,1099
2023,159,DOMESTIK,5106,5106,10212,654301,621569,1275870,39382,4860006,4818807,9678813,7050338,2140865,9191203,1,3153,3154
2024,159,DOMESTIK,4772,4767,9539,599204,603463,1202667,28211,4529202,4756670,9285872,7807640,2542514,10350154,0,1002,1002
2020,159,INTERNASIONAL,0,0,0,0,0,0,0,0,0,0,0,0,0,0,0,0
2021,159,INTERNASIONAL,0,0,0,0,0,0,0,0,0,0,0,0,0,0,0,0
2022,159,INTERNASIONAL,1,0,1,0,0,0,0,0,0,0,0,0,0,0,0,0
2023,159,INTERNASIONAL,0,1,1,0,0,0,0,0,0,0,0,0,0,0,0,0
2024,159,INTERNASIONAL,0,1,1,0,0,0,0,0,0,0,0,0,0,0,0,0
2020,113,DOMESTIK,316,316,632,23916,23319,47235,0,150679,154724,305403,32959,18952,51911,0,0,0
2021,113,DOMESTIK,104,103,207,8393,9.51,17903,0,61918,76.68,138598,3.05,4894,7944,0,0,0
2022,113,DOMESTIK,171,169,340,21.5,21366,42866,0,172081,178683,350764,1.08,0,1.08,0,0,0
2023,113,DOMESTIK,321,321,642,42464,41603,84067,0,351654,322823,674477,5967,26,5993,0,0,0
2024,113,DOMESTIK,376,376,752,50788,48973,99761,0,410888,372857,783745,8239,0,8239,0,0,0
2020,212,DOMESTIK,3917,3914,7831,246652,321593,568245,2184,1000773,788.41,1789183,894.77,663528,1558298,0,0,0
2021,212,DOMESTIK,2299,2295,4594,210.86,214512,425372,3,1195055,1202806,2397861,474045,515697,989742,0,0,0
2022,212,DOMESTIK,2821,2826,5647,336061,351563,687624,1,2471747,2384919,4856666,436922,664125,1101047,0,0,0
2023,212,DOMESTIK,3407,3402,6809,450007,468637,918644,310,0,0,0,457454,659287,1116741,3526114,3238976,6765090
2024,212,DOMESTIK,4106,4123,8229,487279,531454,1018733,14,3645705,3565949,7211654,455239,1051588,1506827,78,0,78
2024,208,DOMESTIK,205,205,410,1,1,3,0,4,4,8,0,0,0,0,0,0
2020,76,DOMESTIK,17145,16474,33619,990002,947457,1937459,73996,6524980,7383303,13908283,7556541,36407628,43964169,0,0,0
2021,76,DOMESTIK,16377,16593,32.97,753801,639039,1392840,37642,6054817,5581521,11636338,8801346,67980973,76782319,0,0,0
2022,76,DOMESTIK,7753,7754,15507,499677,477011,976688,24337,3182348,2721033,5903381,2311572,19509830,21821402,0,0,0
2023,76,DOMESTIK,20776,20969,41745,1851212,1801618,3652830,130361,11579667,10463887,22043554,5603127,39627175,45230302,0,0,0
2024,76,DOMESTIK,19131,19331,38462,1660711,1674894,3423314,68.66,10100148,9233378,19333526,7080159,45701903,52782062,0,0,0
2020,76,INTERNASIONAL,931,702,1633,845,1789,2634,0,0,0,0,2780359,1452,2781811,0,0,0
2021,76,INTERNASIONAL,945,733,1678,615,1269,1884,0,0,0,0,3329677,37222,3366899,0,0,0
2022,76,INTERNASIONAL,360,344,704,835,640,1475,0,0,0,0,164457,0,164457,0,0,0
2023,76,INTERNASIONAL,1407,1175,2582,3167,4.75,7917,0,0,0,0,1974404,880,1975284,0,0,0
2024,76,INTERNASIONAL,1349,1118,2467,2632,4147,6779,0,14102,0,14102,2352211,0,2352211,0,0,0
2020,13,DOMESTIK,4084,4093,8177,188525,181935,370.46,7551,810582,809.4,1619982,334511,2569693,2904204,0,0,0
2021,13,DOMESTIK,2973,2971,5944,207606,190984,398.59,12681,1550658,1520143,3070801,318.44,3431829,3750269,0,0,0
2022,13,DOMESTIK,3271,3258,6529,369238,330834,700072,38975,3351123,3258424,6609547,349939,2964845,3314784,0,0,0
2023,13,DOMESTIK,3078,3067,6145,386147,347899,734046,41647,3364163,3399634,6763797,198604,3955404,4154008,0,0,0
2024,13,DOMESTIK,826,832,1658,1403,1397,2.8,793,7234,7142,14376,6652,7102,13754,0,0,0
2020,13,INTERNASIONAL,477,476,953,53.11,51286,104396,0,484979,510314,995293,56175,9664,65839,0,0,0
2021,13,INTERNASIONAL,11,9,20,3,18,21,0,0,0,0,0,0,0,0,0,0
2022,13,INTERNASIONAL,9,17,26,4,50,54,0,0,3,3,0,0,0,0,0,0
2023,13,INTERNASIONAL,20,20,40,52,69,121,0,0,13,13,0,0,0,0,0,0
2024,13,INTERNASIONAL,31,20,51,104,111,215,0,0,57,57,0,0,0,0,0,0
2020,38,DOMESTIK,0,0,0,0,0,0,0,0,0,0,0,0,0,0,0,0
2021,38,DOMESTIK,116,111,227,587,604,1191,0,6286,5979,12265,10618,7101,17719,95,77,172
2022,38,DOMESTIK,200,199,399,1287,1287,2574,8,11944,11424,23368,14849,10695,25544,181,142,323
2023,38,DOMESTIK,1448,1463,2911,2252,2.39,4642,0,19987,18625,38612,18417,15362,33779,239,318,557
2024,38,DOMESTIK,1477,1473,2.95,2935,2819,5754,0,25996,23155,49151,18618,21914,40532,237,287,524
2020,220,DOMESTIK,79,79,158,2507,2806,5313,0,4192,2806,6998,4192,4873,9065,0,0,0
2021,220,DOMESTIK,0,0,0,0,0,0,0,0,0,0,0,0,0,0,0,0
2022,220,DOMESTIK,14,14,28,38,25,63,0,32,23,55,0,0,0,0,0,0
2023,220,DOMESTIK,13,13,26,186,237,423,0,80,0,80,0,0,0,0,0,0
2024,220,DOMESTIK,13,12,25,94,95,189,0,0,0,0,0,0,0,0,0,0
2020,95,DOMESTIK,795,797,1592,60851,59558,120409,0,177644,249.78,427424,158201,323578,481779,0,0,0
2021,95,DOMESTIK,110,112,222,25,25,50,0,100,100,200,25154,126804,151958,0,14797,14797
2022,95,DOMESTIK,593,593,1186,417,109,526,0,3441,262,3703,552337,5707023,6259360,1783,15.33,17113
2023,95,DOMESTIK,531,525,1056,47666,45789,93455,5265,400.41,415857,816267,28373,432994,461367,0,0,0
2024,95,DOMESTIK,1.45,1.45,2.9,169377,168168,337545,25226,1459123,1453833,2912956,271933,2348701,2620634,0,25,25
2020,95,INTERNASIONAL,5,4,9,331,340,671,0,8695,4266,12961,0,0,0,0,0,0
2021,95,INTERNASIONAL,5,4,9,2,0,2,0,0,0,0,0,0,0,0,0,0
2022,95,INTERNASIONAL,5,5,10,0,599,599,0,0,9701,9701,0,14.63,14.63,0,0,0
2023,95,INTERNASIONAL,125,129,254,17546,18973,36519,87,270084,242022,512106,63263,35646,98909,0,0,0
2024,95,INTERNASIONAL,249,247,496,34737,34783,69.52,0,577341,456507,1033848,5307,372,5679,0,0,0
2020,36,DOMESTIK,91039,88.46,179499,8623949,7653349,16277298,208894,46435439,50573980,97009419,85404370,154569216,239973586,123222,80869,204091
2021,36,DOMESTIK,84592,81932,166524,8004225,7480440,15484665,1815976,65306561,65238057,130544618,118434044,178875360,297309404,7.77,0,7.77
2022,36,DOMESTIK,129853,127545,257398,16587279,15095976,31683255,819652,131385196,133070510,264455706,113101608,252154013,365255621,395,0,395
2023,36,DOMESTIK,133226,133107,266333,18852431,16548771,35401202,338165,144210338,147581024,291791362,100199541,200936111,301135652,906,1675,2581
2024,36,DOMESTIK,133105,132895,266,19041471,18894746,37936217,878.67,149902520,154716494,304619014,116160707,225669438,341830145,2.12,0,2.12
2020,36,INTERNASIONAL,16691,16773,33464,2016271,1944822,3961093,5885,17805967,11807591,29613558,142966201,126143193,269109394,211661,232041,443702
2021,36,INTERNASIONAL,13086,13277,26363,629.64,612146,1241786,268,4370602,3363904,7734506,200280301,198328671,398608972,24613,6155,30768
2022,36,INTERNASIONAL,24385,24263,48648,3322604,3751991,7074595,1564,26749465,19254192,46003657,180273605,158053314,338326919,46,0,46
2023,36,INTERNASIONAL,40737,41018,81755,6542223,6781591,13323814,17.21,51726983,38370507,90097490,155480699,129587469,285068168,498,97,595
2024,36,INTERNASIONAL,48185,48406,96591,8185804,8305373,16491177,19616,131629736,106085648,237715384,151440161,129965573,281405734,0,0,0
2020,195,DOMESTIK,8345,8346,16691,675905,657072,1332977,9.3,2974002,3077015,6051017,3596664,5426910,9023574,0,0,0
2021,195,DOMESTIK,5.03,5104,10134,440633,434897,875.53,8336,2297118,2602170,4899288,2979118,3784213,6763331,0,0,0
2022,195,DOMESTIK,7.09,7313,14403,817293,800816,1618109,13299,5257681,6014629,11272310,1378827,4843837,6222664,0,0,0
2023,195,DOMESTIK,8577,9.06,17637,1048014,1044386,2092400,5809,7129625,7630753,14760378,1248941,8523863,9772804,302,0,302
2024,195,DOMESTIK,8814,9103,17917,1124266,1124772,2249038,6,7852238,8388581,16240819,1521263,13728106,15249369,2659,0,2659
2020,195,INTERNASIONAL,206,207,413,22.12,20482,42602,0,318892,174626,493518,225787,142.95,368737,0,0,0
2021,195,INTERNASIONAL,79,15,94,3,2,5,0,0,0,0,1199425,12606,1212031,0,0,0
2022,195,INTERNASIONAL,298,70,368,5,72,77,0,0,78,78,3515300,62779,3578079,0,0,0
2023,195,INTERNASIONAL,543,63,606,2262,2605,4867,0,30.38,18707,49087,4336601,4637,4341238,0,0,0
2024,195,INTERNASIONAL,345,38,383,51,94,145,0,0,0,0,3465861,0,3465861,0,0,0
2020,44,DOMESTIK,119,119,238,572,787,1359,0,3347,5213,8.56,1.5,331,1831,0,0,0
2021,44,DOMESTIK,26,26,52,217,224,441,0,42,314,356,0,200,200,0,0,0
2022,44,DOMESTIK,17,17,34,125,152,277,0,18,144,162,0,0,0,0,0,0
2023,44,DOMESTIK,2446,2442,4888,155,158,313,0,0,0,0,0,0,0,0,0,0
2024,44,DOMESTIK,2213,2214,4427,220,162,382,0,0,0,0,0,0,0,0,0,0
2024,41,DOMESTIK,22,19,41,90,79,169,0,0,0,0,0,0,0,0,0,0
2020,86,DOMESTIK,7171,7177,14348,696818,753489,1450307,249,3270870,4130975,7401845,1081918,2644998,3726916,0,0,0
2021,86,DOMESTIK,1.56,1562,3122,66716,69852,136568,2.6,313148,371972,685.12,26378,0,26378,0,0,0
2022,86,DOMESTIK,1418,1419,2837,52794,50911,103705,20226,243879,283591,527.47,24743,720,25463,0,0,0
2023,86,DOMESTIK,13.98,13771,27751,79666,78615,158281,0,388912,391586,780498,108409,2,108411,0,0,0
2024,86,DOMESTIK,1255,1.26,2515,62.64,61341,123981,21,289747,341057,630804,19648,45,19693,0,0,0
2020,86,INTERNASIONAL,305,306,611,36548,35537,72085,0,384941,308322,693263,47945,252332,300277,0,0,0
2021,86,INTERNASIONAL,0,1,1,0,0,0,0,0,0,0,0,0,0,0,0,0
2022,86,INTERNASIONAL,2,2,4,9,8,17,0,0,0,0,0,0,0,0,0,0
2023,86,INTERNASIONAL,3,2,5,13,15,28,0,0,0,0,0,0,0,0,0,0
2024,86,INTERNASIONAL,1,1,2,9,5,14,0,0,7,7,0,0,0,0,0,0
2020,234,DOMESTIK,5883,5884,11767,508564,486994,995558,42,2320745,2662668,4983413,1152503,5311796,6464299,0,0,0
2021,234,DOMESTIK,5789,5799,11588,709751,685859,1167911,42,4153577,5098620,9252197,1229431,5465546,6694977,0,0,0
2022,234,DOMESTIK,10.3,10302,20602,1463394,1427800,2891194,0,10324441,12139909,22464350,1610561,6446184,8056745,0,0,0
2023,234,DOMESTIK,13718,13716,27434,1934817,1915070,3849887,0,13414371,15881785,29296156,2085196,9390785,11475981,6,0,6
2024,234,DOMESTIK,13322,13.31,26632,1921019,1919218,3840237,6504,14002155,16460792,30462947,1795529,13680341,15475870,0,1,1
2020,234,INTERNASIONAL,23,22,45,993,157,1150,0,15572,6784,22356,102350,8805,111155,0,0,0
2021,234,INTERNASIONAL,19,18,37,49,40,89,0,356,496,852,26062,303438,401598,0,0,0
2022,234,INTERNASIONAL,212,213,425,25240,23454,48694,0,324315,233851,558166,56396,48505,104901,0,0,0
2023,234,INTERNASIONAL,1630,1630,3260,207728,203918,411646,0,2314835,1821281,4136116,17720,168396,186116,0,0,0
2024,234,INTERNASIONAL,1348,1356,2704,201600,189638,391238,0,2324472,1735628,4060100,4341,185074,189415,0,0,0
2020,197,DOMESTIK,32585,32597,65182,3182279,2747248,5929527,441216,13373399,15474530,28847929,15959037,36771092,52730129,0,0,0
2021,197,DOMESTIK,27474,26210,53684,2896521,2471287,5367808,463588,15865893,17628813,33494706,14366037,41242221,55608258,0,0,0
2022,197,DOMESTIK,36087,35970,72057,4874665,4316508,9191173,656743,33792830,37449123,71241953,15414801,42452375,57867176,0,0,0
2023,197,DOMESTIK,41674,41596,83270,5895138,5270665,11165803,742977,39856168,44394086,84250254,13881476,40772088,54653564,3,0,3
2024,197,DOMESTIK,40464,40453,80917,5716475,5826741,11543216,534562,39470225,43633055,83103280,16328029,47263184,63591213,2659,1052,3711
2020,197,INTERNASIONAL,1928,1963,3891,231254,199102,430356,0,4446968,2175040,6622008,5477784,7102970,12580754,0,0,0
2021,197,INTERNASIONAL,998,1122,2120,69756,8438,78194,0,1516095,147315,1663410,5483194,9152955,14636149,0,0,0
2022,197,INTERNASIONAL,2834,2955,5789,467780,478325,946105,0,9237318,5112906,14350224,4410035,6136142,10546177,0,0,0
2023,197,INTERNASIONAL,6439,6546,12985,1040404,1061691,2102095,7,17700602,10916392,28616994,6487306,6351640,12838946,3,0,3
2024,197,INTERNASIONAL,6959,6977,13936,1179298,1116185,2295483,10,20619250,11879032,32498282,10275683,7267153,17542836,0,0,0
2020,134,DOMESTIK,1515,1515,3030,134624,148351,282975,0,1016236,893944,1910180,143991,53710,197701,0,0,0
2021,134,DOMESTIK,782,782,1564,73965,81864,155829,0,446473,614753,1061226,94294,43983,138277,0,0,0
2022,134,DOMESTIK,1274,1275,2549,172980,178015,350995,0,1092699,1403321,2496020,145053,15371,160424,0,0,0
2023,134,DOMESTIK,1763,1753,3516,235459,240668,476127,0,1427853,1771923,3199776,251927,19389,271316,0,0,0
2024,134,DOMESTIK,1928,1926,3854,251641,259786,511427,97,1523032,1844226,3367258,232487,25325,257812,0,0,0
2020,198,DOMESTIK,199,199,398,2517,2607,5124,0,7416,7199,14615,2658,2275,4933,0,0,0
2021,198,DOMESTIK,171,171,342,1286,1288,2574,0,0,0,0,9434,10511,19945,0,0,0
2022,198,DOMESTIK,345,345,690,2694,2753,5447,0,16715,17926,34641,0,0,0,0,0,0
2023,198,DOMESTIK,544,542,1086,2240,2184,4424,24,2751,2865,5616,16775,18527,35302,3,0,3
2024,198,DOMESTIK,310,310,620,2593,2443,5036,0,1949,1980,3929,11023,12452,23475,0,0,0
2020,82,DOMESTIK,88,88,176,2845,3082,5927,0,6483,8735,15218,6.92,12422,19342,0,0,0
2021,82,DOMESTIK,0,0,0,0,0,0,0,0,0,0,0,0,0,0,0,0
2022,82,DOMESTIK,3,2,5,42,77,119,0,0,0,0,0,0,0,0,0,0
2023,82,DOMESTIK,40,51,91,184,236,420,0,183,1859,2042,1.14,1093,2233,0,1,1
2024,82,DOMESTIK,101,99,200,491,554,1045,0,1396,1565,2961,0,0,0,0,1,1
2020,55,DOMESTIK,19625,19631,39256,1735628,1805409,3541037,145929,10502921,12974593,23477514,11609903,12439070,24048973,76224,69809,146033
2021,55,DOMESTIK,17474,17468,34942,1880219,1824388,3704607,67061,13976082,17129144,31105226,10344898,17256680,27601578,295566,265504,561.07
2022,55,DOMESTIK,30608,30618,61226,3978861,3878209,7857070,89965,30823454,37734137,68557591,10609269,12388676,22997945,418818,306242,725.06
2023,55,DOMESTIK,36419,36401,72.82,4954994,4721243,9676237,242336,38299339,44813025,83112364,14111061,9647668,23758729,281544,180844,462388
2024,55,DOMESTIK,35324,35141,70465,4829568,4872133,9701701,198969,38627786,45091877,83719663,18143970,7772466,25916436,223515,172066,395581
2020,55,INTERNASIONAL,8447,8467,16914,1183054,1356003,2539057,42419,13894586,17182084,31076670,11088777,14985175,26073952,396852,538028,934.88
2021,55,INTERNASIONAL,674,682,1356,2594,3021,5615,27,8465,31128,39593,816719,2933214,3749933,13128,0,13128
2022,55,INTERNASIONAL,13016,13012,26028,2333137,2212531,4545668,30523,29928300,31053235,60981535,3678205,9625024,13303229,339447,617629,957076
2023,55,INTERNASIONAL,31725,31769,63494,5706536,5712886,11419422,116017,70731769,78293003,149024772,12303173,16655836,28959009,759.89,972899,1732789
2024,55,INTERNASIONAL,36328,36391,72719,6896925,7009177,13906102,54903,86849589,93549430,180399019,21249273,22374809,43624082,300189,616.15,916339
2020,168,DOMESTIK,8.04,8056,16096,644661,657173,1301834,1106,3818699,3559786,7378485,14385260,6072252,20457512,0,0,0
2021,168,DOMESTIK,6545,6541,13086,522277,529963,1052240,428,3668394,3887639,7556033,23697757,7285142,30982899,0,2.06,2.06
2022,168,DOMESTIK,10.04,10038,20078,1098928,1023108,2122036,231,8766328,8879736,17646064,24503573,7220328,31723901,0,0,0
2023,168,DOMESTIK,9656,9653,19309,1204007,1130210,2334217,816,10246513,9968042,20214555,19029227,7083705,26112932,0,0,0
2024,168,DOMESTIK,9357,9355,18712,1078900,1083075,2161975,687,9248919,9273681,18522600,21735322,6631029,28366351,0,0,0
2020,168,INTERNASIONAL,225,232,457,20328,19031,39359,0,168955,140265,309.22,77,5.47,5547,0,0,0
2021,168,INTERNASIONAL,2,10,12,0,1,1,0,0,0,0,0,0,0,0,0,0
2022,168,INTERNASIONAL,30,27,57,7,8,15,0,0,0,0,0,0,0,0,0,0
2023,168,INTERNASIONAL,26,28,54,14,43,57,0,0,0,0,0,0,0,0,0,0
2024,168,INTERNASIONAL,10,14,24,0,13,13,0,0,0,0,0,0,0,0,0,0
2020,193,DOMESTIK,0,0,0,0,0,0,0,0,0,0,0,0,0,0,0,0
2021,193,DOMESTIK,64,64,128,803,698,1501,0,2269,1686,3955,0,0,0,0,0,0
2022,193,DOMESTIK,161,160,321,6718,7289,14007,0,32425,34642,67067,0,0,0,0,0,0
2023,193,DOMESTIK,186,187,373,6715,7.07,13785,24,30261,34583,64844,77,0,77,0,0,0
2024,193,DOMESTIK,125,125,250,4632,5078,9.71,0,19605,21937,41542,59,0,59,0,0,0
2020,171,DOMESTIK,341,341,682,15181,14121,29302,222,60944,47073,108017,527,3564,4091,0,0,0
2021,171,DOMESTIK,126,126,252,4.81,5286,10096,0,23101,23014,46115,0,626,626,0,0,0
2022,171,DOMESTIK,212,212,424,9467,9331,18798,0,28002,26253,54255,0,0,0,0,0,0
2023,171,DOMESTIK,158,157,315,7082,6642,13724,0,18655,18188,36843,3,0,3,5,9,14
2024,171,DOMESTIK,98,97,195,4486,4131,8617,87,14384,10.86,25244,0,0,0,1,0,1
2020,102,DOMESTIK,1405,1405,2.81,69159,68602,137761,923,245042,194587,439629,2999,9198,12197,0,0,0
2021,102,DOMESTIK,1105,1104,2209,55318,57466,112784,509,202748,201816,404564,47025,33436,80461,0,0,0
2022,102,DOMESTIK,1241,1241,2482,71.89,73778,145668,49,292996,270132,563128,66.84,113084,179924,0,0,0
2023,102,DOMESTIK,1234,1234,2468,69101,69438,138539,0,283781,266.34,550121,79055,150878,229933,0,2,2
2024,102,DOMESTIK,1127,1127,2254,69444,67561,137005,0,333095,258077,591172,64644,90079,154723,0,0,0
2020,164,DOMESTIK,2182,2.18,4362,152684,153768,306452,315,842015,836643,1678658,1966522,980578,2947100,0,0,0
2021,164,DOMESTIK,3159,3.16,6319,186681,207267,397588,3.64,1064871,821586,1886457,9415362,1899731,11315093,0,0,0
2022,164,DOMESTIK,3271,3267,6538,278.56,283.67,562.23,691,2147616,1649191,3796807,10953045,1812137,12765182,0,0,0
2023,164,DOMESTIK,3963,3958,7921,350313,344635,694948,172,2905981,2087817,4993798,8988282,2059028,11047310,0,1131,1131
2024,164,DOMESTIK,3266,3268,6534,357764,357078,714842,62,2937820,2117295,5055115,11186150,2162438,13348588,0,0,0
2024,164,INTERNASIONAL,3,3,6,19,16,35,0,0,0,0,0,0,0,0,0,0
2020,162,DOMESTIK,1695,1694,3389,118096,109956,228052,4126,797519,557908,1355427,430941,411504,842445,0,0,0
2021,162,DOMESTIK,1681,1.68,3361,98347,88008,186355,231,587669,392465,980134,373359,233055,606414,0,0,0
2022,162,DOMESTIK,2343,2344,4687,173686,171563,345249,721,1449352,1002450,2451802,469896,313126,783022,0,0,0
2023,162,DOMESTIK,2161,2146,4307,178055,181196,359251,541,1635245,1205308,2840553,353222,334588,687.81,0,0,0
2024,162,DOMESTIK,2175,2176,4351,233507,238502,472009,628,2255828,1690675,3946503,411055,218389,629444,0,0,0
2020,188,DOMESTIK,912,912,1824,46.72,48181,94901,3864,257023,215119,472142,449514,443513,893027,0,0,0
2021,188,DOMESTIK,617,617,1234,30946,29427,60373,0,156965,115.56,272525,355265,113.04,468305,0,0,0
2022,188,DOMESTIK,971,971,1942,58286,57503,115789,258,394.76,292.51,687.27,779574,219102,998676,0,0,0
2023,188,DOMESTIK,497,494,991,35581,32448,68029,0,292699,198036,490735,323891,215981,539872,0,0,0
2024,188,DOMESTIK,462,462,924,39769,37835,77604,0,374.23,273533,647763,422922,193.81,616732,0,0,0
2020,77,DOMESTIK,167,167,334,1187,1149,2336,0,8706,7127,15833,0,0,0,0,0,0
2021,77,DOMESTIK,280,280,560,1793,2.2,3993,0,13555,11285,24.84,0,0,0,0,0,0
2022,77,DOMESTIK,304,304,608,11044,11212,22256,0,64074,51.88,115954,4,4,8,0,0,0
2023,77,DOMESTIK,502,490,992,21114,20329,41443,7,121.54,98257,219797,0,1,1,0,1,1
2024,77,DOMESTIK,515,491,1006,22542,20.39,42932,2,117385,93779,211164,352,2,354,0,2,2
2024,210,DOMESTIK,42,42,84,108,188,296,0,320,573,893,0,0,0,0,0,0
2020,12,DOMESTIK,8716,8715,17431,751663,716282,1467945,21921,3304204,2528139,5832343,17991024,4098301,22089325,0,0,0
2021,12,DOMESTIK,8057,8061,16118,669092,615845,1284937,13666,3874301,3041477,6915778,22326783,4574250,26901033,0,0,0
2022,12,DOMESTIK,10629,10633,21262,1185589,1146371,2331960,34629,9526080,7241220,16767300,22323240,4937604,27260844,0,0,0
2023,12,DOMESTIK,13214,13209,26423,1426733,1367701,2794434,52988,11725741,8726373,20452114,21175107,5099521,26274628,3,0,3
2024,12,DOMESTIK,13216,13196,26412,1542277,1531164,3073441,49004,12805264,9553073,22358337,27836859,5034536,32871395,0,0,0
2020,12,INTERNASIONAL,0,1,1,0,0,0,0,0,0,0,0,0,0,0,0,0
2021,12,INTERNASIONAL,0,0,0,0,0,0,0,0,0,0,0,0,0,0,0,0
2022,12,INTERNASIONAL,13,13,26,2148,2508,4656,0,62434,41933,104367,0,0,0,0,0,0
2023,12,INTERNASIONAL,36,37,73,5684,5568,11252,408676,139429,87786,227215,0,14688,14688,0,0,0
2024,12,INTERNASIONAL,39,37,76,5849,5533,11382,0,149697,98073,247.77,0,0,0,0,0,0
2020,27,DOMESTIK,709,699,1408,14204,15086,29.29,0,19302,20628,39.93,0,0,0,0,0,0
2021,27,DOMESTIK,888,884,1772,19772,21724,41496,0,31799,36002,67801,41,224,265,0,69,0
2022,27,DOMESTIK,962,958,1.92,25036,24863,49899,0,74223,67116,141339,982,0,982,0,69,69
2023,27,DOMESTIK,766,762,1528,24291,23329,47.62,0,97531,72053,169584,1586,2,1588,0,0,0
2024,27,DOMESTIK,362,362,724,18301,16.09,34391,9,95593,68643,164236,2928,407,3335,0,0,0
2020,24,DOMESTIK,16109,16116,32225,1355286,974176,2329462,409547,6328516,5600441,11928957,28810884,14918026,43728910,0,0,0
2021,24,DOMESTIK,14.29,14308,28598,1326118,945149,2271267,337723,7852739,7043924,14896663,33151468,14685712,47837180,0,0,0
2022,24,DOMESTIK,18669,18.42,37089,1891410,1614742,3506152,267728,15050604,12434348,27484952,31624515,10258117,41882632,0,0,0
2023,24,DOMESTIK,23037,22847,45884,2535366,2080646,4616012,408676,20225012,16409816,36634828,31633691,13365753,44999444,0,0,0
2024,24,DOMESTIK,24117,24148,48265,2664209,2652158,5316367,348.43,21255626,17777327,39032953,37786047,15317500,53103547,1811,50,1861
2020,24,INTERNASIONAL,243,248,491,5012,4.77,9782,0,114875,58636,173511,1732171,403804,2135975,0,0,0
2021,24,INTERNASIONAL,340,331,671,110,130,240,0,16.24,8032,24272,3895914,463626,4359540,0,0,0
2022,24,INTERNASIONAL,415,692,1107,2688,2853,5541,18,74093,53499,127592,4670390,947869,5618259,0,0,0
2023,24,INTERNASIONAL,712,921,1633,36237,41399,77636,4,538007,357076,895083,3628444,356622,3985066,0,0,0
2024,24,INTERNASIONAL,773,849,1622,45.99,46.57,92.56,0,679.7,488105,1167805,2323067,386149,2709216,0,0,0
2020,1,DOMESTIK,3326,3321,6647,182902,179617,362519,0,644151,711003,1355154,267095,95166,362261,0,0,0
2021,1,DOMESTIK,2723,2722,5445,246659,244078,490737,0,1743546,1460184,3203730,2244613,839649,3084262,0,0,0
2022,1,DOMESTIK,3446,3446,6892,357198,362411,719609,0,3114169,2475296,5589465,2604761,756274,3361035,0,0,0
2023,1,DOMESTIK,3558,3546,7104,380096,361169,741265,0,3157674,2437234,5594908,2966780,590719,3557499,19,6,25
2024,1,DOMESTIK,4548,4555,9103,418005,418584,836589,0,3430461,2870744,6301205,3295860,918596,4214456,0,0,0
2020,14,DOMESTIK,1609,1603,3212,97008,101.76,198768,9,500989,437705,938694,582371,510796,1093167,0,0,0
2021,14,DOMESTIK,1211,1214,2425,108847,110319,219166,0,477631,419339,896.97,839755,423364,1263119,0,0,0
2022,14,DOMESTIK,2256,2256,4512,134405,135086,269491,7,876712,781144,1657856,763619,316626,1080245,9,0,9
2023,14,DOMESTIK,3035,3034,6069,166428,167026,333454,4,1125836,943448,2069284,617352,356872,974224,2,0,2
2024,14,DOMESTIK,2747,2735,5482,203696,202181,405877,55,1517839,1185764,2703603,1164007,263839,1427846,0,0,0
2020,182,DOMESTIK,140,140,280,410,445,855,0,4352,5099,9451,1691,14,1705,0,0,0
2021,182,DOMESTIK,253,253,506,1283,1331,2614,6,10525,10444,20969,127,134,261,1,0,1
2022,182,DOMESTIK,195,195,390,1527,1479,3006,2,10647,11446,22093,10,101,111,0,0,0
2023,182,DOMESTIK,226,223,449,1926,2.22,4146,0,13725,17919,31644,2,0,2,0,1,1
2024,182,DOMESTIK,323,324,647,2874,3103,5977,0,16.46,15846,32306,62,87,149,0,1,1
2020,218,DOMESTIK,2.51,2516,5026,201.92,198.44,400.36,893,572171,483218,1055389,3846786,2244722,6091508,0,0,0
2021,218,DOMESTIK,2152,2156,4308,183517,181878,365395,0,858192,827388,1685580,5323340,3818587,9141927,0,0,0
2022,218,DOMESTIK,2652,2655,5307,225165,224601,449766,0,1755795,1590089,3345884,5906895,3483887,9390782,0,0,0
2023,218,DOMESTIK,3501,3.51,7011,252641,250495,503136,0,2161222,1909173,4070395,4855222,1816966,6672188,0,0,0
2024,218,DOMESTIK,5456,5459,10915,324096,327457,651553,4,2640010,2242273,4882283,6562232,3296630,9858862,0,0,0
2020,218,INTERNASIONAL,34,34,68,1126,993,2119,34,9678,7.92,17598,0,0,0,0,0,0
2021,218,INTERNASIONAL,0,0,0,0,0,0,0,0,0,0,0,0,0,0,0,0
2022,218,INTERNASIONAL,0,0,0,0,0,0,0,0,0,0,0,0,0,0,0,0
2023,218,INTERNASIONAL,0,0,0,0,0,0,0,0,0,0,0,0,0,0,0,0
2024,218,INTERNASIONAL,0,0,0,0,0,0,0,0,0,0,0,0,0,0,0,0
2020,211,DOMESTIK,34,34,68,1126,993,2119,34,9678,7.92,17598,0,0,0,0,0,0
2021,211,DOMESTIK,574,574,1148,3559,3591,7.15,3,31212,32118,63.33,5255,8706,13961,0,0,0
2022,211,DOMESTIK,583,583,1166,18095,18218,36313,0,120076,97849,217925,4923,4302,9225,0,0,0
2023,211,DOMESTIK,405,453,858,10285,9543,19828,37,66046,51184,117.23,6885,6185,13.07,0,0,0
2024,211,DOMESTIK,354,362,716,4376,3888,8264,0,28059,38459,66518,8605,20889,29494,0,0,0
2020,146,DOMESTIK,631,631,1262,5.92,5847,11767,0,39897,76809,116706,16502,61641,78143,223,1,224
2021,146,DOMESTIK,814,816,1.63,3687,3667,7354,0,41649,89931,131.58,16584,20382,36966,112,0,112
2022,146,DOMESTIK,513,513,1026,2729,3.41,6139,0,31589,57.56,89149,10512,33575,44087,0,0,0
2023,146,DOMESTIK,715,712,1427,4473,4697,9.17,13,39847,46136,85983,4618,12.92,17538,1,1,2
2024,146,DOMESTIK,614,611,1225,3778,4754,8532,0,30611,53438,84049,5281,26745,32026,9,3,12
2024,116,DOMESTIK,2553,2589,5142,20864,21072,41936,0,172949,226.56,399509,5675,239951,245626,0,1,1
2020,200,DOMESTIK,475,475,950,24694,26469,51163,0,56295,45756,102051,34605,2427,37032,0,0,0
2021,200,DOMESTIK,336,336,672,15206,18962,34168,0,48655,60903,109558,25154,2096,27.25,0,0,0
2022,200,DOMESTIK,1168,1167,2335,28823,31666,60489,0,149255,156347,305602,39313,2829,42142,0,0,0
2023,200,DOMESTIK,578,573,1151,29359,30.32,59679,2,166174,193171,359345,41036,7556,48592,0,0,0
2024,200,DOMESTIK,619,617,1236,30276,31.71,61986,0,161686,192.5,354186,48325,11272,59597,0,30,30
2020,21,DOMESTIK,1607,1607,3214,88.21,83698,171908,0,237.68,165884,403564,39937,35492,75429,0,0,0
2021,21,DOMESTIK,1228,1228,2456,63451,65938,129389,0,241041,202208,443249,39369,34589,73958,0,0,0
2022,21,DOMESTIK,1.22,1222,2442,69182,74797,143979,0,319698,334.46,654158,45421,33951,79372,0,0,0
2023,21,DOMESTIK,1288,1291,2579,70283,71765,142048,0,454314,419393,873707,55977,40259,96236,0,1,1
2024,21,DOMESTIK,1214,1212,2426,61258,61768,123026,2,374412,357466,731878,46894,44727,91621,0,2,2
2020,99,DOMESTIK,8266,8257,16523,521984,450529,972513,56015,2342731,1843708,4186439,6229847,3089169,9319016,159,45,204
2021,99,DOMESTIK,7753,7768,15521,512592,447888,960.48,59527,2737208,2208287,4945495,8106555,3965012,12071567,0,0,0
2022,99,DOMESTIK,7808,7807,15615,623769,553405,1177174,70797,4550005,4004519,8554524,8209311,4820545,13029856,0,0,0
2023,99,DOMESTIK,8001,7999,16,645987,636475,1282462,15259,4925213,4147832,9073045,7487302,3867791,11355093,91,13,104
2024,99,DOMESTIK,6837,6833,13.67,590444,594.71,1185154,38622,4659814,3887275,8547089,9123644,2975411,12099055,0,905,905
2020,99,INTERNASIONAL,52,55,107,1858,1899,3757,1,10868,13699,24567,0,1,1,0,0,0
2021,99,INTERNASIONAL,13,12,25,231,47,278,0,2102,750,2852,90,190,280,0,0,0
2022,99,INTERNASIONAL,11,16,27,8,48,56,0,0,0,0,0,0,0,0,0,0
2023,99,INTERNASIONAL,21,24,45,103,26,129,0,0,0,0,0,0,0,0,0,0
2024,99,INTERNASIONAL,0,0,0,0,0,0,0,0,0,0,0,0,0,0,0,0
2020,227,DOMESTIK,1191,1.19,2381,48.06,47513,95573,650,243597,183415,427012,287732,52247,339979,0,0,0
2021,227,DOMESTIK,1369,1371,2.74,52634,55174,107808,59,232787,188271,421058,312566,61631,374197,0,0,0
2022,227,DOMESTIK,1088,1087,2175,45991,50796,96787,0,262108,260625,522733,311065,64656,375721,0,0,0
2023,227,DOMESTIK,945,944,1889,40321,42836,83157,0,250155,219766,469921,345563,79509,425072,0,0,0
2024,227,DOMESTIK,635,636,1271,28566,30253,58819,0,179231,156608,335839,279688,71712,351.4,0,0,0
2020,108,DOMESTIK,2888,2887,5775,167745,163422,331167,108,1061079,739072,1800151,201.87,57035,258905,0,0,0
2021,108,DOMESTIK,2845,2847,5692,178891,184974,363865,0,0,0,0,1530066,451542,1981608,0,0,0
2022,108,DOMESTIK,3607,3606,7213,302879,294024,596903,0,1630772,585,2215772,276253,83556,359809,0,0,0
2023,108,DOMESTIK,4521,4541,9062,444733,465941,910674,31.52,3897222,4076667,7973889,1351503,392594,1744097,0,0,0
2024,108,DOMESTIK,4161,4163,8324,474928,495544,970472,34231,4304596,4426788,8731384,1610208,526419,2136627,0,0,0
2024,108,INTERNASIONAL,77,76,153,6948,6316,13264,0,50906,46574,97.48,15,0,15,0,0,0
2020,9,DOMESTIK,546,546,1092,25.62,28368,53988,0,88853,56176,145029,120504,16651,137155,4979,1497,6476
2021,9,DOMESTIK,421,421,842,22074,22098,44172,0,55.31,35536,90846,169515,35429,204944,3457,0,3457
2022,9,DOMESTIK,391,391,782,22202,22195,44397,0,80669,82076,162745,229542,20322,249864,268,0,268
2023,9,DOMESTIK,361,361,722,19322,19.44,38762,0,87776,90.13,177906,157.64,15707,173347,601,220,821
2024,9,DOMESTIK,354,354,708,20404,20603,41007,0,99857,99368,199225,153803,22779,176582,2559,707,3266
2020,184,DOMESTIK,690,690,1.38,3953,4398,8351,0,12124,10346,22.47,1346,2248,3594,0,0,0
2021,184,DOMESTIK,602,602,1204,2988,3584,6572,0,12473,15549,28022,14603,1063,15666,0,0,0
2022,184,DOMESTIK,390,390,780,2.76,3074,5834,0,17188,16.37,33558,3954,1058,5012,0,0,0
2023,184,DOMESTIK,513,514,1027,3972,4153,8125,0,24028,24005,48033,255,73,328,0,10,10
2024,184,DOMESTIK,708,716,1424,5371,5516,10887,3,24524,22064,46588,200,0,200,0,0,0
2020,180,DOMESTIK,213,213,426,5641,5082,10723,0,25759,31346,57105,57494,5113,62607,0,0,0
2021,180,DOMESTIK,308,308,616,10.49,11646,22136,0,19559,30501,50.06,45842,6666,52508,0,0,0
2022,180,DOMESTIK,175,175,350,6597,6913,13.51,0,15083,18232,33315,12792,2642,15434,0,0,0
2023,180,DOMESTIK,149,149,298,5216,5029,10245,0,14076,11164,25.24,1586,0,1586,1319,250,1569
2024,180,DOMESTIK,223,225,448,7302,6583,13885,8,19036,12319,31355,4601,0,4601,0,1,1
2020,181,DOMESTIK,298,300,598,13552,14.87,28422,0,20071,17629,37.7,11956,3865,15821,0,0,0
2021,181,DOMESTIK,465,463,928,12218,12357,24575,491,26.49,22777,49267,20544,5.87,26414,0,0,0
2022,181,DOMESTIK,294,295,589,9504,10139,19643,157,37723,34118,71841,23057,3882,26939,0,0,0
2023,181,DOMESTIK,247,248,495,1498,1851,3349,0,12546,13527,26073,1368,230,1598,0,0,0
2024,181,DOMESTIK,308,308,616,1958,2287,4245,0,12192,14566,26758,10,8,18,0,0,0
2020,16,DOMESTIK,884,884,1768,28105,28585,56.69,12.96,85313,87253,172566,37948,341,38289,0,0,0
2021,16,DOMESTIK,842,842,1684,21472,23224,44696,13836,64.71,66026,130736,29883,6109,35992,0,0,0
2022,16,DOMESTIK,468,480,948,17296,17448,34744,4101,53254,61855,115109,67654,9258,76912,0,0,0
2023,16,DOMESTIK,730,725,1455,18851,20086,38937,17058,86599,110543,197142,45608,5957,51565,0,0,0
2024,16,DOMESTIK,480,675,1155,13699,18267,31966,13145,57062,105508,162.57,28.94,7462,36402,0,0,0
2020,62,DOMESTIK,1.53,1531,3061,55743,54973,110716,17.96,177486,156453,333939,150589,40206,190795,0,0,0
2021,62,DOMESTIK,1525,1523,3048,117454,56027,173481,13.53,176867,151403,328.27,140953,22463,163416,0,0,0
2022,62,DOMESTIK,1277,1278,2555,54.52,56021,110541,7699,233889,187.43,421319,228754,61868,290622,0,0,0
2023,62,DOMESTIK,1314,1314,2628,53623,53925,107548,14476,276256,235277,511533,210746,44949,255695,0,0,0
2024,62,DOMESTIK,1104,1104,2208,43328,43246,86574,14.23,232.09,208633,440723,206322,40927,247249,0,0,0
2020,111,DOMESTIK,466,466,932,25404,25584,50988,0,66365,57976,124341,125027,17062,142089,0,0,0
2021,111,DOMESTIK,316,316,632,17753,15.65,33403,0,58449,35032,93481,143077,13855,156932,0,0,0
2022,111,DOMESTIK,309,309,618,16544,14018,30562,0,75969,31304,107273,117825,16885,134.71,0,0,0
2023,111,DOMESTIK,328,328,656,17229,15872,33101,0,76078,48886,124964,122.86,18631,141491,0,0,0
2024,111,DOMESTIK,475,476,951,28873,27759,56632,0,131865,101082,232947,117647,26779,144426,0,0,0
2020,122,DOMESTIK,116,116,232,3858,3903,7761,0,23642,18568,42.21,25.45,3209,28659,0,0,0
2021,122,DOMESTIK,107,107,214,4897,4521,9418,0,16589,8765,25354,6758,189,6947,0,0,0
2022,122,DOMESTIK,232,233,465,10.41,10362,20772,0,35333,30.78,66113,19921,0,19921,0,0,0
2023,122,DOMESTIK,183,179,362,8751,8.58,17331,0,34364,31996,66.36,24151,266,24417,0,2,2
2024,122,DOMESTIK,142,140,282,6569,6396,12965,0,28294,25727,54021,14557,0,14557,0,0,0
2020,125,DOMESTIK,5853,5846,11699,447016,441939,888955,763,2935902,2657839,5593741,11331571,3610574,14942145,1163,15521,16684
2021,125,DOMESTIK,5772,5753,11525,442587,446824,889411,17505,3553121,3618049,7171170,12748446,3319880,16068326,140,8642,8782
2022,125,DOMESTIK,6577,6517,13094,603.37,607863,1211233,27643,5606672,5632704,11239376,12568529,3222723,15791252,41,1896,1937
2023,125,DOMESTIK,7607,7623,15.23,744827,724399,1469226,30.64,7184157,6801586,13985743,10399446,3426320,13825766,1812,44,1856
2024,125,DOMESTIK,7777,7762,15539,756765,767133,1523898,17689,7404216,7079710,14483926,11926402,4192542,16118944,0,0,0
2020,125,INTERNASIONAL,230,237,467,26768,21502,48.27,0,379727,248565,628292,3533,305503,309036,0,0,0
2021,125,INTERNASIONAL,183,210,393,16718,1052,17.77,0,294054,24998,319052,783,510922,511705,0,0,0
2022,125,INTERNASIONAL,251,304,555,23669,15372,39041,0,419.24,223194,642434,3565,293187,296752,0,0,0
2023,125,INTERNASIONAL,687,685,1372,90685,88893,179578,0,1319881,1129789,2449670,17457,291696,309153,0,0,0
2024,125,INTERNASIONAL,839,882,1721,110.74,114456,225196,4329,1620015,1275457,2895472,3589,296027,299616,0,0,0
2020,140,DOMESTIK,108,108,216,3537,3602,7139,0,8015,4345,12.36,2992,1398,4.39,0,0,0
2021,140,DOMESTIK,46,46,92,970,967,1937,626,1814,1736,3.55,74,0,74,0,0,0
2022,140,DOMESTIK,259,257,516,3621,3.11,6731,0,12727,6.63,19357,0,0,0,0,0,0
2023,140,DOMESTIK,223,222,445,2775,2537,5312,5039,16727,6966,23693,0,0,0,15,0,15
2024,140,DOMESTIK,154,147,301,1518,1461,2979,945,8163,6901,15064,0,0,0,4,1,5
2020,70,DOMESTIK,1237,1226,2463,101993,123005,224998,0,616.84,573332,1190172,1698225,666907,2365132,7,0,7
2021,70,DOMESTIK,890,897,1787,87649,91938,179587,0,1630844,596766,2227610,1722231,501.76,2223991,0,0,0
2022,70,DOMESTIK,1586,1528,3114,149084,146837,295921,0,1575121,1269683,2844804,4318474,381101,4699575,0,0,0
2023,70,DOMESTIK,1778,1761,3539,167021,168893,335914,1,1786520,1453604,3240124,3590865,626399,4217264,2,687,689
2024,70,DOMESTIK,1887,1883,3.77,169272,170545,339817,6,1802214,1487959,3290173,5061771,1049573,6111344,2,0,2
2020,166,DOMESTIK,2521,2486,5007,219538,222989,442527,9529,1278796,817044,2095840,4664057,1897333,6561390,110.98,19522,130502
2021,166,DOMESTIK,2762,2756,5518,217814,217998,435812,0,1671605,1255112,2926717,7668911,2271439,9940350,0,0,0
2022,166,DOMESTIK,3644,3647,7291,325691,330073,655764,0,3050221,2380335,5430556,8142925,3912759,12055684,0,0,0
2023,166,DOMESTIK,3865,3871,7736,378209,380655,758864,18708,3585718,2773545,6359263,6923723,4098959,11022682,1,3,4
2024,166,DOMESTIK,3861,3.86,7721,399983,403355,803338,21788,3887088,3060358,6947446,9340578,3303140,12643718,4,444,448
2020,213,DOMESTIK,96,96,192,3774,3748,7522,0,10207,11657,21864,4966,1.44,6406,0,0,0
2021,213,DOMESTIK,47,46,93,1325,1399,2724,0,6068,5252,11.32,40,0,40,0,0,0
2022,213,DOMESTIK,84,84,168,3146,3243,6389,0,17326,17692,35018,55,0,55,0,0,0
2023,213,DOMESTIK,56,56,112,1873,1595,3468,0,14549,12706,27255,0,0,0,3,9,12
2024,213,DOMESTIK,53,51,104,1773,1726,3499,0,11746,10179,21925,137,0,137,0,0,0
2020,120,DOMESTIK,1011,1008,2019,58447,54501,112948,7.28,400024,345112,745136,406566,160227,566793,197,3957,4154
2021,120,DOMESTIK,858,858,1716,60622,61031,121653,5362,519759,432554,952313,798722,164886,963608,0,0,0
2022,120,DOMESTIK,995,995,1.99,80447,89235,169682,3552,727898,610897,1338795,812219,284714,1096933,0,0,0
2023,120,DOMESTIK,911,911,1822,85642,86268,171.91,1222,782658,661827,1444485,630966,231455,862421,0,0,0
2024,120,DOMESTIK,788,788,1576,87587,89661,177248,94,839.28,704086,1543366,514413,173297,687.71,0,0,0
2020,151,DOMESTIK,15,15,30,129,179,308,0,927,746,1673,0,0,0,0,0,0
2021,151,DOMESTIK,114,114,228,754,731,1485,0,13176,4536,17712,0,0,0,0,0,0
2022,151,DOMESTIK,51,51,102,279,313,592,0,1977,1574,3551,0,0,0,0,0,0
2023,151,DOMESTIK,111,110,221,1036,1099,2135,0,6203,3654,9857,0,0,0,0,0,0
2024,151,DOMESTIK,108,108,216,1031,1081,2112,0,5318,4756,10074,0,0,0,0,0,0
2020,170,DOMESTIK,125,125,250,2799,2752,5551,0,11428,8661,20089,6077,635,6712,0,0,0
2021,170,DOMESTIK,7,7,14,113,94,207,0,1058,59,1117,0,0,0,0,0,0
2022,170,DOMESTIK,3,3,6,37,37,74,0,0,0,0,0,0,0,0,0,0
2023,170,DOMESTIK,3,3,6,25,25,50,0,19,14,33,0,0,0,0,0,0
2024,170,DOMESTIK,102,102,204,490,469,959,6,1541,46157,47698,1,0,1,11,0,11
2020,225,DOMESTIK,79,79,158,2913,2472,5385,0,6668,2938,9606,0,0,0,0,0,0
2021,225,DOMESTIK,14,14,28,357,475,832,0,734,546,1.28,0,0,0,0,0,0
2022,225,DOMESTIK,12,12,24,289,267,556,0,1253,743,1996,0,0,0,0,0,0
2023,225,DOMESTIK,0,0,0,0,0,0,0,0,0,0,0,0,0,0,0,0
2024,225,DOMESTIK,89,89,178,426,551,977,0,2034,2653,4687,0,0,0,0,0,0
2024,138,DOMESTIK,2,2,4,110,104,214,51,1028097,692,1720186,127,12,139,0,0,0
2020,130,DOMESTIK,663,663,1326,26641,26976,53617,0,110719,82817,193536,26276,2913,29189,0,0,0
2021,130,DOMESTIK,836,836,1672,21668,21104,42772,0,104777,79872,184649,165347,5187,170534,0,0,0
2022,130,DOMESTIK,652,652,1304,25498,25965,51463,0,117307,108899,226206,47184,4644,51828,0,0,0
2023,130,DOMESTIK,590,591,1181,26919,27554,54473,0,121885,121306,243191,32975,4.47,37445,0,0,0
2024,130,DOMESTIK,308,308,616,24421,23739,48.16,18,151292,129003,280295,56453,80993,137446,0,0,0
2020,226,DOMESTIK,32288,32215,64503,2910327,1797572,4707899,1319468,16725196,12107642,28832838,40346047,25220918,65566965,36332,47726,84058
2021,226,DOMESTIK,33714,33639,67353,3234212,1763972,4998184,1658538,23828593,15815621,39644214,50027626,27534172,77561798,29628,25856,55484
2022,226,DOMESTIK,38.7,38687,77387,4674139,2553138,7227277,2326061,41313879,24157756,65471635,51747058,30433414,82180472,7874,20641,28515
2023,226,DOMESTIK,39949,39985,79934,4991238,2781117,7772355,2375105,43242152,26089525,69331677,47903823,30261219,78165042,2047,9532,11579
2024,226,DOMESTIK,35687,35657,71344,4554212,4675774,9229986,1686405,40153518,26806019,66959537,57786167,37103087,94889254,13201,17.97,31171
2020,226,INTERNASIONAL,182,245,427,36697,33.01,69707,0,877659,375817,1253476,9029,682862,691891,0,5345,5345
2021,226,INTERNASIONAL,17,97,114,12,7,19,134,81,171,252,0,1263606,1263606,0,0,0
2022,226,INTERNASIONAL,345,361,706,80085,83438,163523,32,1455101,1114056,2569157,1435,462037,463472,19.12,4085,23205
2023,226,INTERNASIONAL,896,916,1812,162895,155913,318808,167,3077431,1862078,4939509,313628,1571422,1885050,6004,5339,11343
2024,226,INTERNASIONAL,855,869,1724,160665,166998,327663,8,3497048,2155160,5652208,7409,686063,693472,1,2,3
2020,101,DOMESTIK,262,262,524,12212,12549,24761,0,18134,19241,37375,0,0,0,0,0,0
2021,101,DOMESTIK,145,145,290,4513,5186,9699,0,16514,17999,34513,0,0,0,0,0,0
2022,101,DOMESTIK,54,54,108,2213,2411,4624,0,6824,6983,13807,0,0,0,0,0,0
2023,101,DOMESTIK,107,109,216,1224,1418,2642,17,5553,5695,11248,0,0,0,2,0,2
2024,101,DOMESTIK,1,1,2,12,12,24,0,0,0,0,0,0,0,0,0,0
2020,177,DOMESTIK,179,179,358,9047,8476,17523,0,24105,14813,38918,13964,1157,15121,0,0,0
2021,177,DOMESTIK,166,166,332,6371,6404,12775,0,24399,18787,43186,12355,1408,13763,0,0,0
2022,177,DOMESTIK,142,142,284,5903,6.17,12073,0,30708,23451,54159,17825,1957,19782,0,0,0
2023,177,DOMESTIK,81,79,160,2684,2812,5496,0,15535,11021,26556,7107,1313,8.42,0,0,0
2024,177,DOMESTIK,1,1,2,27,0,27,0,0,0,0,0,400,400,0,0,0
2020,106,DOMESTIK,582,582,1164,29358,29565,58923,1054,122043,89.31,211353,28176,2006,30182,0,0,0
2021,106,DOMESTIK,429,429,858,18638,19514,38152,0,88091,73221,161312,27941,2471,30412,0,0,0
2022,106,DOMESTIK,620,620,1.24,31921,32122,64043,3376,155.45,137596,293046,44116,4766,48882,0,0,0
2023,106,DOMESTIK,856,856,1712,35.31,35888,71198,16036,185697,149385,335082,54919,4.73,59649,0,0,0
2024,106,DOMESTIK,612,612,1224,32177,32014,64191,14.1,201682,133618,335.3,51083,6396,57479,0,0,0
2020,7,DOMESTIK,5222,5218,10.44,310092,271737,581829,32228,1969623,1680103,3649726,3565809,2185142,5750951,0,0,0
2021,7,DOMESTIK,6074,6066,12.14,360385,336947,697332,37772,2732920,2452725,5185645,4541987,2705115,7247102,0,0,0
2022,7,DOMESTIK,6439,6426,12865,468.64,469976,938616,52358,4287273,3850066,8137339,5094981,2555010,7649991,0,0,0
2023,7,DOMESTIK,4655,4669,9324,378293,332491,710784,46419,3258995,2823973,6082968,4414266,2354091,6768357,0,0,0
2024,7,DOMESTIK,4558,4549,9107,406685,405816,812501,58612,3671907,3212511,6884418,5110430,2326233,7436663,0,0,0
2020,7,INTERNASIONAL,0,0,0,0,0,0,0,0,0,0,0,0,0,0,0,0
2021,7,INTERNASIONAL,0,0,0,0,0,0,0,0,0,0,0,0,0,0,0,0
2022,7,INTERNASIONAL,1,4,5,0,0,0,0,0,0,0,0,0,0,0,0,0
2023,7,INTERNASIONAL,7,7,14,43,0,43,0,0,0,0,7526,6058,13584,0,0,0
2024,7,INTERNASIONAL,0,0,0,0,0,0,0,0,0,0,0,0,0,0,0,0
2020,119,DOMESTIK,706,713,1419,22.5,20553,43053,0,79029,45607,124636,96191,55732,151923,37489,38326,75815
2021,119,DOMESTIK,963,963,1926,32026,32.09,64116,8966,139696,103729,243425,174539,51865,226404,38781,38.96,77741
2022,119,DOMESTIK,1004,1005,2009,43135,54323,97458,0,314053,242.46,556513,157773,86.71,244483,16336,16281,32617
2023,119,DOMESTIK,729,721,1.45,37089,46721,83.81,10132,285046,211613,496659,118324,84759,203083,1,0,1
2024,119,DOMESTIK,735,726,1461,41678,50826,92504,9904,350817,249606,600423,135257,51727,186984,1,88,89
2020,201,DOMESTIK,350,348,698,13172,12878,26.05,0,88732,57162,145894,49471,10.81,60281,0,0,0
2021,201,DOMESTIK,438,430,868,17272,17972,35244,0,79925,42.81,122735,85016,66508,151524,0,0,0
2022,201,DOMESTIK,472,472,944,19025,19344,38369,0,120747,77238,197985,111111,134.67,245781,0,0,0
2023,201,DOMESTIK,460,460,920,17549,17719,35268,0,114418,65622,180.04,96696,107864,204.56,0,0,0
2024,201,DOMESTIK,505,505,1.01,19234,18869,38103,0,137629,80432,218061,101924,67188,169112,0,0,0
2020,221,DOMESTIK,2546,2544,5.09,181511,175023,356534,17597,1707060,1263680,2970740,2666556,689068,3355624,0,0,0
2021,221,DOMESTIK,2768,2768,5536,171212,194843,366055,7278,1505148,1249167,2754315,3183614,567943,3751557,0,0,0
2022,221,DOMESTIK,4.35,4358,8708,309497,311943,621.44,0,2422217,1786228,4208445,4058237,827934,4886171,6,0,6
2023,221,DOMESTIK,4735,4727,9462,367162,366797,733959,9843,3469808,2303401,5773209,3964574,961.6,4926174,3422,206,3628
2024,221,DOMESTIK,4558,4562,9.12,393232,387862,781094,14455,3675681,2418912,6094593,6620940,1152018,7772958,0,5,5
2020,68,DOMESTIK,0,0,0,0,0,0,0,0,0,0,0,0,0,0,0,0
2021,68,DOMESTIK,51,51,102,134,250,384,0,4501,8172,12673,0,0,0,0,0,0
2022,68,DOMESTIK,45,49,94,179,230,409,0,2041,2935,4976,9,4,13,285,3,288
2023,68,DOMESTIK,52,52,104,366,398,764,0,2331,2391,4722,0,0,0,0,0,0
2024,68,DOMESTIK,47,47,94,221,365,586,0,699,870,1569,0,0,0,0,0,0
2020,107,DOMESTIK,175,176,351,7877,7202,15079,0,28639,18122,46761,0,0,0,0,0,0
2021,107,DOMESTIK,222,222,444,6123,3908,10031,0,58294,17988,76282,1962,228,2.19,0,0,0
2022,107,DOMESTIK,330,327,657,12487,9848,22335,0,128957,61552,190509,0,0,0,0,0,0
2023,107,DOMESTIK,509,508,1017,21261,20485,41746,0,206269,141928,348197,0,0,0,0,0,0
2024,107,DOMESTIK,517,517,1034,25792,25565,51357,0,247421,192901,440322,0,0,0,0,0,0
2020,194,DOMESTIK,71,71,142,1266,1789,3055,0,4.93,3353,8283,0,0,0,0,0,0
2021,194,DOMESTIK,36,36,72,555,634,1189,0,2.64,288,2928,0,0,0,0,0,0
2022,194,DOMESTIK,226,226,452,4.43,4771,9201,0,9295,6771,16066,0,0,0,0,0,0
2023,194,DOMESTIK,244,243,487,5321,5419,10.74,1025,34747,28.97,63717,0,0,0,0,0,0
2024,194,DOMESTIK,313,313,626,6246,6621,12867,2478,35371,29143,64514,0,0,0,0,0,0
2020,160,DOMESTIK,120,120,240,5007,4948,9955,0,10717,5454,16171,0,0,0,4.26,4526,8786
2021,160,DOMESTIK,2,2,4,48,70,118,0,0,0,0,0,0,0,0,0,0
2022,160,DOMESTIK,5,5,10,47,175,222,0,0,0,0,0,0,0,0,0,0
2023,160,DOMESTIK,5,5,10,146,103,249,0,498,200,698,0,0,0,0,0,0
2024,160,DOMESTIK,2,2,4,9,9,18,0,110,120,230,0,0,0,0,0,0
2020,154,DOMESTIK,127,127,254,5744,5297,11041,0,8214,6604,14818,0,0,0,0,0,0
2021,154,DOMESTIK,103,103,206,5071,4949,10.02,81,12157,22519,34676,0,0,0,0,0,0
2022,154,DOMESTIK,163,192,355,6.7,7.09,13.79,0,25315,19816,45131,0,0,0,0,0,0
2023,154,DOMESTIK,126,128,254,4359,3667,8026,1487,21274,12434,33708,0,0,0,0,0,0
2024,154,DOMESTIK,50,48,98,2342,1609,3951,0,9309,5484,14793,0,0,0,0,0,0
2020,132,DOMESTIK,2275,2.28,4555,166027,164.95,330977,6328,1211490,963675,2175165,1259502,1321189,2580691,0,0,0
2021,132,DOMESTIK,2976,2991,5967,208.69,213671,422361,0,1612954,1251776,2864730,1422901,1829463,3252364,0,0,0
2022,132,DOMESTIK,2756,2771,5527,235661,238.39,474051,1355,2058110,1502437,3560547,982199,1645102,2627301,0,0,0
2023,132,DOMESTIK,3036,3056,6092,246635,240677,487312,21733,2047763,1651961,3699724,1071474,2008166,3079640,8,0,8
2024,132,DOMESTIK,3062,3067,6129,208314,232974,441288,35516,1730445,1520508,3250953,1294102,1692354,2986456,21,0,21
2020,149,DOMESTIK,298,318,616,1384,1063,2447,0,7136,8222,15358,3785,79488,83273,0,0,0
2021,149,DOMESTIK,304,304,608,1441,1328,2769,0,3344,7444,10788,660,43074,43734,0,0,0
2022,149,DOMESTIK,276,276,552,1.34,1181,2521,0,5747,6605,12352,1976,24516,26492,0,0,0
2023,149,DOMESTIK,284,284,568,1375,1157,2532,0,6852,6998,13.85,4124,29993,34117,0,0,0
2024,149,DOMESTIK,224,224,448,1421,1591,3012,0,5447,5744,11191,2346,547,2893,0,0,0
2020,64,DOMESTIK,178,179,357,10521,9272,19793,0,67316,44.52,111836,338863,10041,348904,34,82,116
2021,64,DOMESTIK,429,429,858,14058,13685,27743,0,102.69,85172,187862,35635,21126,56761,0,0,0
2022,64,DOMESTIK,668,666,1334,33282,32962,66244,0,234482,187.67,422152,47686,18027,65713,0,0,0
2023,64,DOMESTIK,677,686,1363,25485,25.11,50595,9,151371,114503,265874,43231,17308,60539,0,13,13
2024,64,DOMESTIK,951,952,1903,26.99,26095,53085,0,166704,126577,293281,49488,8531,58019,0,0,0
2020,97,DOMESTIK,131,130,261,7.62,7203,14823,60,58025,48283,106308,31402,44813,76215,0,0,0
2021,97,DOMESTIK,366,366,732,10963,12117,23228,475,76041,78896,154937,46885,105991,152876,0,0,0
2022,97,DOMESTIK,647,640,1287,16404,15969,32373,532,107524,103614,211138,52.88,19988,72868,3,220,223
2023,97,DOMESTIK,713,713,1426,17954,18288,36242,573,112664,90121,202785,45528,96146,141674,0,0,0
2024,97,DOMESTIK,797,795,1592,19132,19049,38181,584,121172,90671,211843,46022,106869,152891,0,465,465
2020,32,DOMESTIK,2031,2034,4065,62.98,66556,129536,0,60742,60384,121126,17434,11594,29028,0,0,0
2021,32,DOMESTIK,1495,1498,2993,50949,41422,92371,0,181,2508,2689,1092,404,1496,0,0,0
2022,32,DOMESTIK,1896,1896,3792,76.21,76209,152419,0,0,0,0,0,0,0,0,0,0
2023,32,DOMESTIK,1393,1386,2779,39526,44546,84072,0,148691,147255,295946,12557,4637,17194,0,266,266
2024,32,DOMESTIK,1027,1026,2053,22593,24073,46666,0,239128,203711,442839,17252,3082,20334,0,0,0
2020,15,DOMESTIK,1721,1721,3442,61213,59473,120686,29858,588472,519,1107472,431312,131907,563219,0,11,11
2021,15,DOMESTIK,1996,1995,3991,72664,71499,144163,40922,761.53,636032,1397562,535332,243568,778.9,0,0,0
2022,15,DOMESTIK,2019,2.02,4039,103475,105353,208828,99228,974557,826.35,1800907,502397,281935,784332,42149,14709,56858
2023,15,DOMESTIK,1661,1662,3323,108587,110269,218856,78673,967921,840158,1808079,456388,344951,801339,0.0,0.0,0.0
2024,15,DOMESTIK,1383,1386,2769,97277,128854,226131,29072,1004595,868931,1873526,469176,267397,736573,286,0,286
2020,15,INTERNASIONAL,35,34,69,167,121,288,535,2681,1621,4302,0,0,0,0,0,0
2021,15,INTERNASIONAL,63,60,123,19,23,42,1315,80,105,185,0,0,0,0,0,0
2022,15,INTERNASIONAL,47,48,95,0,12,12,0,0,0,0,0,0,0,0,0,0
2023,15,INTERNASIONAL,15,13,28,7,46,53,7,105,593,698,0.0,0.0,0.0,0.0,0.0,0.0
2024,15,INTERNASIONAL,0,0,0,0,0,0,0,0,0,0,0,0,0,0,0,0
2020,51,DOMESTIK,20839,20844,41683,381748,409095,790843,48461,2659934,2839694,5499628,7067799,118220652,125288451,0,0,0
2021,51,DOMESTIK,21742,21746,43488,646943,660254,1307197,0,92209,5727180,5534322,9518202,101325272,110843474,0,0,0
2022,51,DOMESTIK,25645,25696,51341,862.76,689656,1552416,174814,7722851,7432090,15154941,10569568,123664999,134234567,0,0,0
2023,51,DOMESTIK,22811,22.88,45691,852648,728926,1581574,146005,7294057,6936748,14230805,9451645,120835991,130287636,0,131,131
2024,51,DOMESTIK,22642,22662,45304,935645,938271,1873916,65778,8567569,8234761,16802330,12380798,114430573,126811371,348,54597,54945
2020,51,INTERNASIONAL,10,9,19,0,0,0,0,0,0,0,0,0,0,0,0,0
2021,51,INTERNASIONAL,62,64,126,0,0,0,0,0,0,0,0,0,0,0,0,0
2022,51,INTERNASIONAL,142,138,280,26,18,44,0,0,0,0,0,1225,1225,0,0,0
2023,51,INTERNASIONAL,39,24,63,324,59,383,0,732,0,732,0,23215,23215,0,0,0
2024,51,INTERNASIONAL,33,37,70,132,136,268,84,2262,729,2991,0,18838,18838,0,0,0
2020,235,DOMESTIK,354,354,708,11196,11671,22867,0,104566,82183,186749,3026,1086,4112,0,0,0
2021,235,DOMESTIK,321,321,642,9536,9.1,18636,0,93083,93069,186152,0,0,0,0,0,0
2022,235,DOMESTIK,334,216,550,11677,7939,19616,0,90021,59253,149274,23402,400,23802,0,0,0
2023,235,DOMESTIK,390,389,779,14008,14354,28362,0,107608,101248,208856,8769,2.01,10779,0,0,0
2024,235,DOMESTIK,352,353,705,12096,12466,24562,0,97329,90756,188085,15768,1994,17762,0,0,0
2020,228,DOMESTIK,13967,13986,27953,73.42,62837,136257,0,604412,297,901412,120228614,4112600,124341214,0,0,0
2021,228,DOMESTIK,13184,13307,26491,69159,63.45,132609,0,432022,237085,669107,113840846,4618829,118459675,0,0,0
2022,228,DOMESTIK,10329,10337,20666,100472,99331,199803,10,853693,725337,1579030,83647626,3966954,87614580,2,633,635
2023,228,DOMESTIK,14123,14233,28356,148774,145037,293811,18,1288728,854953,2143681,115954903,5636911,121591814,20,1232,1252
2024,228,DOMESTIK,15772,15933,31705,174334,168.57,342904,23,2239257,1140457,3379714,116735287,6358891,123094178,0,0,0
2020,152,DOMESTIK,6837,6837,13674,8831,11605,20436,0,14806,75462,90268,114008,3098713,3212721,0,0,0
2021,152,DOMESTIK,5442,5442,10884,15802,12933,28735,0,421.36,55571,476931,8384536,291702,8676238,0,0,0
2022,152,DOMESTIK,1,5302,5303,0,35195,35195,62,0,249763,249763,1305,6724025,6725330,0,288,288
2023,152,DOMESTIK,2171,4493,6664,8753,26236,34989,3,85584,157962,243546,3995227,3262876,7258103,0,6,6
2024,152,DOMESTIK,4961,5002,9963,20996,18382,39378,0,213876,63.45,277326,8785656,465.32,9250976,0,0,0
2020,46,DOMESTIK,3197,3198,6395,30178,31126,61304,0,168038,153017,321055,1461079,1224305,2685384,0,0,0
2021,46,DOMESTIK,5108,5109,10217,34839,39009,73848,0,161943,249478,411421,1364037,1711138,3075175,0,0,0
2022,46,DOMESTIK,6.76,6759,13519,52205,58854,111059,1,293457,409353,702.81,1792056,2109202,3901258,0,0,0
2023,46,DOMESTIK,5005,5008,10013,44847,48833,93.68,5,327503,374778,702281,2261228,1649348,3910576,0,0,0
2024,46,DOMESTIK,5453,5452,10905,46.64,49.34,95.98,0,401498,413649,815147,2563226,1920912,4484138,0,0,0
2020,131,DOMESTIK,1985,1.97,3955,78351,78347,156698,42,660565,648369,1308934,743141,395466,1138607,27893,8349,36242
2021,131,DOMESTIK,3193,3.19,6383,105869,108643,214512,9,1103961,1047053,2151014,1354704,1220707,2575411,37577,10591,48168
2022,131,DOMESTIK,3447,3454,6901,130973,130889,261862,203,1417789,1358421,2776210,1145498,1618685,2764183,19,171,190
2023,131,DOMESTIK,4072,4101,8173,152657,152269,304926,38,1559856,1454868,3014724,1161678,1649174,2810852,73302,14.63,87932
2024,131,DOMESTIK,4391,4444,8835,176959,174461,351.42,294,1702700,1531181,3233881,1439631,2457281,3896912,52021,13585,65606
2024,131,INTERNASIONAL,22,22,44,13,17,30,0,0,0,0,199.22,0,199.22,0,0,0
2020,215,DOMESTIK,5666,5.67,11336,12861,13564,26425,137,93052,101934,194986,52168,6218622,6270790,0,0,0
2021,215,DOMESTIK,4532,4529,9061,11379,12014,23393,0,60565,87448,148013,74103,4611062,4685165,0,0,0
2022,215,DOMESTIK,4323,4328,8651,17634,19123,36757,11,108022,136405,244427,15323,3650802,3666125,0,0,0
2023,215,DOMESTIK,3818,3823,7641,20.52,22272,42792,4,175863,144532,320395,22727,3058958,3081685,0,0,0
2024,215,DOMESTIK,4478,4482,8.96,21083,21165,42248,0,140714,138.21,278924,104032,3729225,3833257,0,0,0
2020,91,DOMESTIK,328,328,656,3338,3338,6676,0,22051,15344,37395,0,0,0,0,0,0
2021,91,DOMESTIK,1042,1042,2084,7536,7938,15474,0,100048,63344,163392,52115,12213,64328,0,0,0
2022,91,DOMESTIK,1254,1264,2518,12037,12615,24652,50,131023,95823,226846,66.73,12.11,78.84,65,0,65
2023,91,DOMESTIK,1607,1609,3216,15.87,16426,32296,0,183924,138475,322399,99009,10168,109177,0,0,0
2024,91,DOMESTIK,1327,1329,2656,17084,18.52,35604,42,182897,134131,317028,87233,6221,93454,0,0,0
2020,209,DOMESTIK,9049,9166,18215,84451,101.61,186061,9278,56327,46.94,103267,1094900,17296137,18391037,0,0,0
2021,209,DOMESTIK,10684,11209,21893,134038,143854,277892,0,1635054,1793287,3428341,2082139,17938414,20020553,0,0,0
2022,209,DOMESTIK,4232,4486,8718,51223,67564,118787,30507,521932,1149782,1671714,549458,3512694,4062152,0,0,0
2023,209,DOMESTIK,7464,7502,14966,164887,133057,297944,36409,1696011,1785754,3481765,1731932,4960076,6692008,0,2,2
2024,209,DOMESTIK,13.81,13833,27643,355548,369141,724689,36.65,2686720,2894333,5581053,4807008,16878514,21685522,0,0,0
2020,142,DOMESTIK,5487,5695,11182,53.38,56988,110368,0,287879,427073,714952,260009,3501721,3761730,0,0,0
2021,142,DOMESTIK,6021,6049,12.07,77348,84279,161627,0,393941,681044,1074985,191108,1583843,1774951,0,0,0
2022,142,DOMESTIK,6301,6324,12625,84.96,87574,172534,0,472129,463282,935411,409686,3199010,3608696,0,0,0
2023,142,DOMESTIK,6357,6365,12722,94377,93106,187483,0,470213,527428,997641,414997,2790654,3205651,0,0,0
2024,142,DOMESTIK,6512,6604,13116,113113,112147,225.26,4,600597,695673,1296270,481925,2191989,2673914,0,0,0
