Source.Name,Column1,Column2,Column3,Column4,Column5,Column6,Column7
20240115023518pdf_1-31 Januari 2024.pdf,,,,,,DOMESTIC FLIGHT,
20240115023518pdf_1-31 Januari 2024.pdf,,,,,INTERNATIONAL,PRICE INTO PLANE/NOT,"DOMESTIC FLIGHT
PRICE INTO PLANE/NOT"
20240115023518pdf_1-31 Januari 2024.pdf,,,,,,,INTO PLANE
20240115023518pdf_1-31 Januari 2024.pdf,NO,LOCATION,CITY,IATA CODE,FLIGHT PRICE,INTO PLANE,ONE TIME CUSTOMER
20240115023518pdf_1-31 Januari 2024.pdf,,,,,,(incl. VAT+Gov Tax),(incl. VAT+Gov Tax)
20240115023518pdf_1-31 Januari 2024.pdf,,,,,(USCents / Liter),(Rp / Liter),(Rp / Liter)
20240115023518pdf_1-31 Januari 2024.pdf,1,APT PRANOTO,SAMARINDA,AAP,91.40,"15,570.87","15,612.84"
20240115023518pdf_1-31 Januari 2024.pdf,2,PATTIMURA,AMBON,AMQ,93.20,"16,016.07","16,059.24"
20240115023518pdf_1-31 Januari 2024.pdf,3,SYAMSUDDIN NOOR,BANJARMASIN,BDJ,91.40,"15,570.87","15,612.84"
20240115023518pdf_1-31 Januari 2024.pdf,4,HUSEIN SASTRANEGARA,BANDUNG,BDO,91.10,"15,515.22","15,557.04"
20240115023518pdf_1-31 Januari 2024.pdf,5,FRANS KAISIEPO,BIAK,BIK,93.20,"15,882.51","15,925.32"
20240115023518pdf_1-31 Januari 2024.pdf,6,FATMAWATI SOEKARNOPUTRI,BENGKULU,BKS,90.80,"15,515.22","15,557.04"
20240115023518pdf_1-31 Januari 2024.pdf,7,M. SALAHUDDIN,BIMA,BMU,90.90,"15,492.96","15,534.72"
20240115023518pdf_1-31 Januari 2024.pdf,8,SEPINGGAN,BALIKPAPAN,BPN,90.50,"15,403.92","15,445.44"
20240115023518pdf_1-31 Januari 2024.pdf,9,HANG NADIM,BATAM,BTH,90.80,"13,931.67","13,973.34"
20240115023518pdf_1-31 Januari 2024.pdf,10,SULTAN ISKANDAR MUDA,BANDA ACEH,BTJ,90.80,"15,459.57","15,501.24"
20240115023518pdf_1-31 Januari 2024.pdf,11,SOEKARNO HATTA,CENGKARENG,CGK,79.50,"13,511.82","13,548.24"
20240115023518pdf_1-31 Januari 2024.pdf,12,TUNGGUL WULUNG,CILACAP,CXP,91.70,"15,626.52","15,668.64"
20240115023518pdf_1-31 Januari 2024.pdf,13,SULTAN THAHA,JAMBI,DJB,90.80,"15,515.22","15,557.04"
20240115023518pdf_1-31 Januari 2024.pdf,14,SENTANI,JAYAPURA,DJJ,93.50,"15,882.51","15,925.32"
20240115023518pdf_1-31 Januari 2024.pdf,15,NGURAH RAI,DENPASAR,DPS,89.60,"15,236.97","15,278.04"
20240115023518pdf_1-31 Januari 2024.pdf,16,PINANG KAMPAI,DUMAI,DUM,90.80,"15,459.57","15,501.24"
20240115023518pdf_1-31 Januari 2024.pdf,17,H. AROEBOESMAN,ENDE,ENE,90.90,"15,492.96","15,534.72"
20240115023518pdf_1-31 Januari 2024.pdf,18,JALALUDDIN,GORONTALO,GTO,92.90,"15,826.86","15,869.52"
20240115023518pdf_1-31 Januari 2024.pdf,19,HALIM PERDANAKUSUMA,JAKARTA,HLP,86.50,"14,736.12","14,775.84"
20240115023518pdf_1-31 Januari 2024.pdf,20,ADISUCIPTO,YOGYAKARTA,JOG,91.80,"15,626.52","15,668.64"
20240115023518pdf_1-31 Januari 2024.pdf,21,WOLTER MONGINSIDI,KENDARI,KDI,92.90,"15,826.86","15,869.52"
20240115023518pdf_1-31 Januari 2024.pdf,22,UTAROM,KAIMANA,KNG,93.20,"15,882.51","15,925.32"
20240115023518pdf_1-31 Januari 2024.pdf,23,ELTARI,KUPANG,KOE,88.70,"15,058.89","15,099.48"
20240115023518pdf_1-31 Januari 2024.pdf,24,LOMBOK INTERNATIONAL,MATARAM,LOP,90.80,"15,470.70","15,512.40"
20240115023518pdf_1-31 Januari 2024.pdf,25,BUBUNG,LUWUK,LUW,92.90,"15,826.86","15,869.52"
20240115023518pdf_1-31 Januari 2024.pdf,26,SAM RATULANGI,MANADO,MDC,92.90,"15,826.86","15,869.52"
20240115023518pdf_1-31 Januari 2024.pdf,27,POLONIA,MEDAN,MES,90.80,"15,459.57","15,501.24"
20240115023518pdf_1-31 Januari 2024.pdf,28,MOPAH,MERAUKE,MKQ,93.20,"15,882.51","15,925.32"
20240115023518pdf_1-31 Januari 2024.pdf,29,RENDANI,MANOKWARI,MKW,93.20,"15,882.51","15,925.32"
20240115023518pdf_1-31 Januari 2024.pdf,30,KERTAJATI,MAJALENGKA,KJT,85.90,"14,624.82","14,664.24"
20240115023518pdf_1-31 Januari 2024.pdf,31,ABDURACHMAN SALEH,MALANG,MLG,91.00,"15,504.09","15,545.88"
20240115023518pdf_1-31 Januari 2024.pdf,32,WAI OTI,MAUMERE,MOF,90.90,"15,492.96","15,534.72"
20240115023518pdf_1-31 Januari 2024.pdf,33,DOUW ATURURE,NABIRE,NBX,93.20,"16,016.07","16,059.24"
20240115023518pdf_1-31 Januari 2024.pdf,34,RANAI,NATUNA,NTX,90.80,"15,459.57","15,501.24"
20240115023518pdf_1-31 Januari 2024.pdf,35,PONDOK CABE,JAKARTA,PCB,91.40,"15,582.00","15,624.00"
20240115023518pdf_1-31 Januari 2024.pdf,36,MINANGKABAU,PADANG,PDG,90.80,"15,470.70","15,512.40"
20240115023518pdf_1-31 Januari 2024.pdf,37,DEPATI AMIR,PANGKAL PINANG,PGK,90.80,"15,459.57","15,501.24"
20240115023518pdf_1-31 Januari 2024.pdf,38,ISKANDAR,PANGKALAN BUN,PKN,91.40,"15,570.87","15,612.84"
20240115023518pdf_1-31 Januari 2024.pdf,39,SULTAN SYARIF KASIM II,PEKANBARU,PKU,90.80,"15,459.57","15,501.24"
20240115023518pdf_1-31 Januari 2024.pdf,40,TJILIK RIWUT,PALANGKARAYA,PKY,91.40,"15,570.87","15,612.84"
20240115023518pdf_1-31 Januari 2024.pdf,41,SULTAN MAHMUD BADARUDDIN II,PALEMBANG,PLM,"90.80","15,459.57","15,501.24"
20240115023518pdf_1-31 Januari 2024.pdf,42,MUTIARA,PALU,PLW,92.90,"15,826.86","15,869.52"
20240115023518pdf_1-31 Januari 2024.pdf,43,SUPADIO,PONTIANAK,PNK,91.40,"15,570.87","15,612.84"
20240115023518pdf_1-31 Januari 2024.pdf,44,H. ASAN,SAMPIT,SMQ,91.40,"15,570.87","15,612.84"
20240115023518pdf_1-31 Januari 2024.pdf,45,ADISUMARMO,SOLO,SOC,91.70,"15,626.52","15,668.64"
20240115023518pdf_1-31 Januari 2024.pdf,46,SORONG DARATAN,SORONG,SOQ,93.20,"15,882.51","15,925.32"
20240115023518pdf_1-31 Januari 2024.pdf,47,ACHMAD YANI,SEMARANG,SRG,91.50,"15,570.87","15,612.84"
20240115023518pdf_1-31 Januari 2024.pdf,48,JUANDA,SURABAYA,SUB,89.20,"15,170.19","15,211.08"
20240115023518pdf_1-31 Januari 2024.pdf,49,RADEN INTEN II,BANDAR LAMPUNG,TKG,89.40,"15,370.53","15,411.96"
20240115023518pdf_1-31 Januari 2024.pdf,50,KIJANG,TANJUNG PINANG,TNJ,91.20,"15,548.61","15,590.52"
20240115023518pdf_1-31 Januari 2024.pdf,51,JUWATA,TARAKAN,TRK,91.40,"15,570.87","15,612.84"
20240115023518pdf_1-31 Januari 2024.pdf,52,BABULLAH,TERNATE,TTE,93.20,"16,016.07","16,059.24"
20240115023518pdf_1-31 Januari 2024.pdf,53,HASANUDDIN,UJUNG PANDANG,UPG,92.10,"15,659.91","15,702.12"
20240115023518pdf_1-31 Januari 2024.pdf,54,MAU HAU,WAINGAPU,WGP,90.90,"15,492.96","15,534.72"
20240115023518pdf_1-31 Januari 2024.pdf,55,ISWAHYUDI,MADIUN,WIAR (ICAO),90.80,"15,504.09","15,545.88"
20240115023518pdf_1-31 Januari 2024.pdf,56,DUMATUBUN,TUAL,LUV,93.90,"16,016.07","16,059.24"
20240115023518pdf_1-31 Januari 2024.pdf,57,SILANGIT,SIBORONG-BORONG,DTB,90.70,"15,459.57","15,501.24"
20240115023518pdf_1-31 Januari 2024.pdf,58,KALIMARAU,BERAU,BEJ,91.40,"15,570.87","15,612.84"
20240115023518pdf_1-31 Januari 2024.pdf,59,KOMODO,LABUAN BAJO,LBJ,91.90,"15,659.91","15,702.12"
20240115023518pdf_1-31 Januari 2024.pdf,60,KUALANAMU,DELI SERDANG,KNO,89.90,"15,270.36","15,311.52"
20240115023518pdf_1-31 Januari 2024.pdf,61,TAMPA PADANG,MAMUJU,MJU,93.20,"15,871.38","15,914.16"
20240115023518pdf_1-31 Januari 2024.pdf,62,F.L. TOBING,PINANGSORI,FLZ,90.80,"15,459.57","15,501.24"
20240115023518pdf_1-31 Januari 2024.pdf,63,MOZES KILANGIN,TIMIKA,TIM,93.20,"15,882.51","15,925.32"
20240115023518pdf_1-31 Januari 2024.pdf,64,H.A.S. HANANDJOEDDIN,TANJUNG PANDAN,TJQ,91.50,"15,626.52","15,668.64"
20240115023518pdf_1-31 Januari 2024.pdf,65,BLIMBINGSARI,BANYUWANGI,BWX,90.90,"15,492.96","15,534.72"
20240115023518pdf_1-31 Januari 2024.pdf,66,TAMBOLAKA,SUMBA BARAT,TMC,93.70,"16,016.07","16,059.24"
20240115023518pdf_1-31 Januari 2024.pdf,67,BINAKA,GUNUNGSITOLI,GNS,90.80,"15,459.57","15,501.24"
20240115023518pdf_1-31 Januari 2024.pdf,68,KULONPROGO,YOGYAKARTA,YIA,91.70,"15,626.52","15,668.64"
20240115023518pdf_1-31 Januari 2024.pdf,69,KUABANG,HALMAHERA UTARA,KAZ,93.80,"16,016.07","16,059.24"
20240115023518pdf_1-31 Januari 2024.pdf,70,JENDERAL BESAR SOEDIRMAN,PURBALINGGA,PWL,91.70,"15,626.52","15,668.64"
20240115023518pdf_1-31 Januari 2024.pdf,71,MATHILDA BATLAYERI,SAUMLAKI,SXK,93.40,"16,016.07","16,059.24"
20240115023518pdf_1-31 Januari 2024.pdf,72,BUDIARTO,CURUG,BTO,91.10,-,#VALUE!
20240201085703pdf_1-29 Februari 2024.pdf,1,APT PRANOTO,SAMARINDA,AAP,90.10,"15,359.40","15,400.80"
20240201085703pdf_1-29 Februari 2024.pdf,2,PATTIMURA,AMBON,AMQ,91.80,"15,804.60","15,847.20"
20240201085703pdf_1-29 Februari 2024.pdf,3,SYAMSUDDIN NOOR,BANJARMASIN,BDJ,90.10,"15,359.40","15,400.80"
20240201085703pdf_1-29 Februari 2024.pdf,4,HUSEIN SASTRANEGARA,BANDUNG,BDO,89.70,"15,303.75","15,345.00"
20240201085703pdf_1-29 Februari 2024.pdf,5,FRANS KAISIEPO,BIAK,BIK,91.80,"15,671.04","15,713.28"
20240201085703pdf_1-29 Februari 2024.pdf,6,FATMAWATI SOEKARNOPUTRI,BENGKULU,BKS,89.40,"15,292.62","15,333.84"
20240201085703pdf_1-29 Februari 2024.pdf,7,M. SALAHUDDIN,BIMA,BMU,89.50,"15,281.49","15,322.68"
20240201085703pdf_1-29 Februari 2024.pdf,8,SEPINGGAN,BALIKPAPAN,BPN,89.10,"15,192.45","15,233.40"
20240201085703pdf_1-29 Februari 2024.pdf,9,HANG NADIM,BATAM,BTH,89.40,"13,741.10","13,782.20"
20240201085703pdf_1-29 Februari 2024.pdf,10,SULTAN ISKANDAR MUDA,BANDA ACEH,BTJ,89.40,"15,248.10","15,289.20"
20240201085703pdf_1-29 Februari 2024.pdf,11,SOEKARNO HATTA,CENGKARENG,CGK,78.10,"13,300.35","13,336.20"
20240201085703pdf_1-29 Februari 2024.pdf,12,TUNGGUL WULUNG,CILACAP,CXP,90.40,"15,415.05","15,456.60"
20240201085703pdf_1-29 Februari 2024.pdf,13,SULTAN THAHA,JAMBI,DJB,89.40,"15,292.62","15,333.84"
20240201085703pdf_1-29 Februari 2024.pdf,14,SENTANI,JAYAPURA,DJJ,92.10,"15,671.04","15,713.28"
20240201085703pdf_1-29 Februari 2024.pdf,15,NGURAH RAI,DENPASAR,DPS,88.20,"15,014.37","15,054.84"
20240201085703pdf_1-29 Februari 2024.pdf,16,PINANG KAMPAI,DUMAI,DUM,89.40,"15,248.10","15,289.20"
20240201085703pdf_1-29 Februari 2024.pdf,17,H. AROEBOESMAN,ENDE,ENE,89.50,"15,281.49","15,322.68"
20240201085703pdf_1-29 Februari 2024.pdf,18,JALALUDDIN,GORONTALO,GTO,91.50,"15,615.39","15,657.48"
20240201085703pdf_1-29 Februari 2024.pdf,19,HALIM PERDANAKUSUMA,JAKARTA,HLP,85.20,"14,524.65","14,563.80"
20240201085703pdf_1-29 Februari 2024.pdf,20,ADISUCIPTO,YOGYAKARTA,JOG,90.40,"15,415.05","15,456.60"
20240201085703pdf_1-29 Februari 2024.pdf,21,WOLTER MONGINSIDI,KENDARI,KDI,91.50,"15,615.39","15,657.48"
20240201085703pdf_1-29 Februari 2024.pdf,22,UTAROM,KAIMANA,KNG,91.80,"15,671.04","15,713.28"
20240201085703pdf_1-29 Februari 2024.pdf,23,ELTARI,KUPANG,KOE,87.30,"14,847.42","14,887.44"
20240201085703pdf_1-29 Februari 2024.pdf,24,LOMBOK INTERNATIONAL,MATARAM,LOP,89.40,"15,259.23","15,300.36"
20240201085703pdf_1-29 Februari 2024.pdf,25,BUBUNG,LUWUK,LUW,91.50,"15,615.39","15,657.48"
20240201085703pdf_1-29 Februari 2024.pdf,26,SAM RATULANGI,MANADO,MDC,91.50,"15,615.39","15,657.48"
20240201085703pdf_1-29 Februari 2024.pdf,27,POLONIA,MEDAN,MES,89.40,"15,248.10","15,289.20"
20240201085703pdf_1-29 Februari 2024.pdf,28,MOPAH,MERAUKE,MKQ,91.80,"15,671.04","15,713.28"
20240201085703pdf_1-29 Februari 2024.pdf,29,RENDANI,MANOKWARI,MKW,91.80,"15,671.04","15,713.28"
20240201085703pdf_1-29 Februari 2024.pdf,30,KERTAJATI,MAJALENGKA,KJT,84.50,"14,413.35","14,452.20"
20240201085703pdf_1-29 Februari 2024.pdf,31,ABDURACHMAN SALEH,MALANG,MLG,89.60,"15,292.62","15,333.84"
20240201085703pdf_1-29 Februari 2024.pdf,32,WAI OTI,MAUMERE,MOF,89.50,"15,281.49","15,322.68"
20240201085703pdf_1-29 Februari 2024.pdf,33,PANIAI,NABIRE,NBX,91.80,"15,804.60","15,847.20"
20240201085703pdf_1-29 Februari 2024.pdf,34,RANAI,NATUNA,NTX,89.40,"15,248.10","15,289.20"
20240201085703pdf_1-29 Februari 2024.pdf,35,PONDOK CABE,JAKARTA,PCB,90.00,"15,359.40","15,400.80"
20240201085703pdf_1-29 Februari 2024.pdf,36,MINANGKABAU,PADANG,PDG,89.40,"15,248.10","15,289.20"
20240201085703pdf_1-29 Februari 2024.pdf,37,DEPATI AMIR,PANGKAL PINANG,PGK,89.40,"15,248.10","15,289.20"
20240201085703pdf_1-29 Februari 2024.pdf,38,ISKANDAR,PANGKALAN BUN,PKN,90.10,"15,359.40","15,400.80"
20240201085703pdf_1-29 Februari 2024.pdf,39,SULTAN SYARIF KASIM II,PEKANBARU,PKU,89.40,"15,248.10","15,289.20"
20240201085703pdf_1-29 Februari 2024.pdf,40,TJILIK RIWUT,PALANGKARAYA,PKY,90.10,"15,359.40","15,400.80"
20240201085703pdf_1-29 Februari 2024.pdf,41,SULTAN MAHMUD BADARUDDIN II,PALEMBANG,PLM,"89.40","15,248.10","15,289.20"
20240201085703pdf_1-29 Februari 2024.pdf,42,MUTIARA,PALU,PLW,91.50,"15,615.39","15,657.48"
20240201085703pdf_1-29 Februari 2024.pdf,43,SUPADIO,PONTIANAK,PNK,90.10,"15,359.40","15,400.80"
20240201085703pdf_1-29 Februari 2024.pdf,44,H. ASAN,SAMPIT,SMQ,90.10,"15,359.40","15,400.80"
20240201085703pdf_1-29 Februari 2024.pdf,45,ADISUMARMO,SOLO,SOC,90.40,"15,415.05","15,456.60"
20240201085703pdf_1-29 Februari 2024.pdf,46,SORONG DARATAN,SORONG,SOQ,91.80,"15,671.04","15,713.28"
20240201085703pdf_1-29 Februari 2024.pdf,47,ACHMAD YANI,SEMARANG,SRG,90.10,"15,359.40","15,400.80"
20240201085703pdf_1-29 Februari 2024.pdf,48,JUANDA,SURABAYA,SUB,87.80,"14,947.59","14,987.88"
20240201085703pdf_1-29 Februari 2024.pdf,49,RADEN INTEN II,BANDAR LAMPUNG,TKG,88.00,"15,159.06","15,199.92"
20240201085703pdf_1-29 Februari 2024.pdf,50,KIJANG,TANJUNG PINANG,TNJ,89.80,"15,337.14","15,378.48"
20240201085703pdf_1-29 Februari 2024.pdf,51,JUWATA,TARAKAN,TRK,90.10,"15,359.40","15,400.80"
20240201085703pdf_1-29 Februari 2024.pdf,52,BABULLAH,TERNATE,TTE,91.80,"15,671.04","15,713.28"
20240201085703pdf_1-29 Februari 2024.pdf,53,HASANUDDIN,UJUNG PANDANG,UPG,90.70,"15,437.31","15,478.92"
20240201085703pdf_1-29 Februari 2024.pdf,54,MAU HAU,WAINGAPU,WGP,89.50,"15,281.49","15,322.68"
20240201085703pdf_1-29 Februari 2024.pdf,55,ISWAHYUDI,MADIUN,WIAR (ICAO),89.50,"15,292.62","15,333.84"
20240201085703pdf_1-29 Februari 2024.pdf,56,DUMATUBUN,TUAL,LUV,92.50,"15,804.60","15,847.20"
20240201085703pdf_1-29 Februari 2024.pdf,57,SILANGIT,SIBORONG-BORONG,DTB,89.30,"15,236.97","15,278.04"
20240201085703pdf_1-29 Februari 2024.pdf,58,KALIMARAU,BERAU,BEJ,90.10,"15,359.40","15,400.80"
20240201085703pdf_1-29 Februari 2024.pdf,59,KOMODO,LABUAN BAJO,LBJ,90.50,"15,437.31","15,478.92"
20240201085703pdf_1-29 Februari 2024.pdf,60,KUALANAMU,DELI SERDANG,KNO,88.50,"15,047.76","15,088.32"
20240201085703pdf_1-29 Februari 2024.pdf,61,TAMPA PADANG,MAMUJU,MJU,91.80,"15,659.91","15,702.12"
20240201085703pdf_1-29 Februari 2024.pdf,62,F.L. TOBING,PINANGSORI,FLZ,89.40,"15,248.10","15,289.20"
20240201085703pdf_1-29 Februari 2024.pdf,63,MOZES KILANGIN,TIMIKA,TIM,91.80,"15,671.04","15,713.28"
20240201085703pdf_1-29 Februari 2024.pdf,64,H.A.S. HANANDJOEDDIN,TANJUNG PANDAN,TJQ,90.10,"15,415.05","15,456.60"
20240201085703pdf_1-29 Februari 2024.pdf,65,BLIMBINGSARI,BANYUWANGI,BWX,89.50,"15,281.49","15,322.68"
20240201085703pdf_1-29 Februari 2024.pdf,66,TAMBOLAKA,SUMBA BARAT,TMC,92.40,"15,804.60","15,847.20"
20240201085703pdf_1-29 Februari 2024.pdf,67,BINAKA,GUNUNGSITOLI,GNS,89.40,"15,248.10","15,289.20"
20240201085703pdf_1-29 Februari 2024.pdf,68,KULONPROGO,YOGYAKARTA,YIA,90.30,"15,415.05","15,456.60"
20240201085703pdf_1-29 Februari 2024.pdf,69,KUABANG,HALMAHERA UTARA,KAZ,92.40,"15,804.60","15,847.20"
20240201085703pdf_1-29 Februari 2024.pdf,70,JENDERAL BESAR SOEDIRMAN,PURBALINGGA,PWL,90.40,"15,415.05","15,456.60"
20240201085703pdf_1-29 Februari 2024.pdf,71,MATHILDA BATLAYERI,SAUMLAKI,SXK,92.00,"15,804.60","15,847.20"
20240201085703pdf_1-29 Februari 2024.pdf,72,BUDIARTO,CURUG,BTO,89.70,-,#VALUE!
20240229235958pdf_1-31 Maret 2024.pdf,1,APT PRANOTO,SAMARINDA,AAP,91.70,"15,804.60","15,847.20"
20240229235958pdf_1-31 Maret 2024.pdf,2,PATTIMURA,AMBON,AMQ,93.40,"16,249.80","16,293.60"
20240229235958pdf_1-31 Maret 2024.pdf,3,SYAMSUDDIN NOOR,BANJARMASIN,BDJ,91.70,"15,804.60","15,847.20"
20240229235958pdf_1-31 Maret 2024.pdf,4,HUSEIN SASTRANEGARA,BANDUNG,BDO,91.70,"15,804.60","15,847.20"
20240229235958pdf_1-31 Maret 2024.pdf,5,FRANS KAISIEPO,BIAK,BIK,93.40,"16,116.24","16,159.68"
20240229235958pdf_1-31 Maret 2024.pdf,6,FATMAWATI SOEKARNOPUTRI,BENGKULU,BKS,91.10,"15,737.82","15,780.24"
20240229235958pdf_1-31 Maret 2024.pdf,7,M. SALAHUDDIN,BIMA,BMU,91.20,"15,726.69","15,769.08"
20240229235958pdf_1-31 Maret 2024.pdf,8,SEPINGGAN,BALIKPAPAN,BPN,90.70,"15,637.65","15,679.80"
20240229235958pdf_1-31 Maret 2024.pdf,9,HANG NADIM,BATAM,BTH,91.00,"14,142.30","14,184.60"
20240229235958pdf_1-31 Maret 2024.pdf,10,SULTAN ISKANDAR MUDA,BANDA ACEH,BTJ,91.10,"15,693.30","15,735.60"
20240229235958pdf_1-31 Maret 2024.pdf,11,SOEKARNO HATTA,CENGKARENG,CGK,80.20,"13,801.20","13,838.40"
20240229235958pdf_1-31 Maret 2024.pdf,12,TUNGGUL WULUNG,CILACAP,CXP,92.00,"15,860.25","15,903.00"
20240229235958pdf_1-31 Maret 2024.pdf,13,SULTAN THAHA,JAMBI,DJB,91.10,"15,737.82","15,780.24"
20240229235958pdf_1-31 Maret 2024.pdf,14,SENTANI,JAYAPURA,DJJ,93.70,"16,116.24","16,159.68"
20240229235958pdf_1-31 Maret 2024.pdf,15,NGURAH RAI,DENPASAR,DPS,90.20,"15,515.22","15,557.04"
20240229235958pdf_1-31 Maret 2024.pdf,16,PINANG KAMPAI,DUMAI,DUM,91.10,"15,693.30","15,735.60"
20240229235958pdf_1-31 Maret 2024.pdf,17,H. AROEBOESMAN,ENDE,ENE,91.20,"15,726.69","15,769.08"
20240229235958pdf_1-31 Maret 2024.pdf,18,JALALUDDIN,GORONTALO,GTO,93.10,"16,060.59","16,103.88"
20240229235958pdf_1-31 Maret 2024.pdf,19,HALIM PERDANAKUSUMA,JAKARTA,HLP,87.20,"15,025.50","15,066.00"
20240229235958pdf_1-31 Maret 2024.pdf,20,ADISUCIPTO,YOGYAKARTA,JOG,92.00,"15,860.25","15,903.00"
20240229235958pdf_1-31 Maret 2024.pdf,21,WOLTER MONGINSIDI,KENDARI,KDI,93.10,"16,060.59","16,103.88"
20240229235958pdf_1-31 Maret 2024.pdf,22,UTAROM,KAIMANA,KNG,93.40,"16,116.24","16,159.68"
20240229235958pdf_1-31 Maret 2024.pdf,23,ELTARI,KUPANG,KOE,89.00,"15,292.62","15,333.84"
20240229235958pdf_1-31 Maret 2024.pdf,24,LOMBOK INTERNATIONAL,MATARAM,LOP,80.20,"13,801.20","13,838.40"
20240229235958pdf_1-31 Maret 2024.pdf,25,BUBUNG,LUWUK,LUW,93.10,"16,060.59","16,103.88"
20240229235958pdf_1-31 Maret 2024.pdf,26,SAM RATULANGI,MANADO,MDC,93.10,"16,060.59","16,103.88"
20240229235958pdf_1-31 Maret 2024.pdf,27,POLONIA,MEDAN,MES,91.10,"15,693.30","15,735.60"
20240229235958pdf_1-31 Maret 2024.pdf,28,MOPAH,MERAUKE,MKQ,93.40,"16,116.24","16,159.68"
20240229235958pdf_1-31 Maret 2024.pdf,29,RENDANI,MANOKWARI,MKW,93.40,"16,116.24","16,159.68"
20240229235958pdf_1-31 Maret 2024.pdf,30,KERTAJATI,MAJALENGKA,KJT,86.60,"14,914.20","14,954.40"
20240229235958pdf_1-31 Maret 2024.pdf,31,ABDURACHMAN SALEH,MALANG,MLG,91.30,"15,737.82","15,780.24"
20240229235958pdf_1-31 Maret 2024.pdf,32,WAI OTI,MAUMERE,MOF,91.20,"15,726.69","15,769.08"
20240229235958pdf_1-31 Maret 2024.pdf,33,PANIAI,NABIRE,NBX,93.40,"16,249.80","16,293.60"
20240229235958pdf_1-31 Maret 2024.pdf,34,RANAI,NATUNA,NTX,91.10,"15,693.30","15,735.60"
20240229235958pdf_1-31 Maret 2024.pdf,35,PONDOK CABE,JAKARTA,PCB,91.70,"15,804.60","15,847.20"
20240229235958pdf_1-31 Maret 2024.pdf,36,MINANGKABAU,PADANG,PDG,91.10,"15,693.30","15,735.60"
20240229235958pdf_1-31 Maret 2024.pdf,37,DEPATI AMIR,PANGKAL PINANG,PGK,91.00,"15,693.30","15,735.60"
20240229235958pdf_1-31 Maret 2024.pdf,38,ISKANDAR,PANGKALAN BUN,PKN,91.70,"15,804.60","15,847.20"
20240229235958pdf_1-31 Maret 2024.pdf,39,SULTAN SYARIF KASIM II,PEKANBARU,PKU,91.10,"15,693.30","15,735.60"
20240229235958pdf_1-31 Maret 2024.pdf,40,TJILIK RIWUT,PALANGKARAYA,PKY,91.70,"15,804.60","15,847.20"
20240229235958pdf_1-31 Maret 2024.pdf,41,SULTAN MAHMUD BADARUDDIN II,PALEMBANG,PLM,"91.00","15,693.30","15,735.60"
20240229235958pdf_1-31 Maret 2024.pdf,42,MUTIARA,PALU,PLW,93.10,"16,060.59","16,103.88"
20240229235958pdf_1-31 Maret 2024.pdf,43,SUPADIO,PONTIANAK,PNK,91.70,"15,804.60","15,847.20"
20240229235958pdf_1-31 Maret 2024.pdf,44,H. ASAN,SAMPIT,SMQ,91.70,"15,804.60","15,847.20"
20240229235958pdf_1-31 Maret 2024.pdf,45,ADISUMARMO,SOLO,SOC,92.00,"15,860.25","15,903.00"
20240229235958pdf_1-31 Maret 2024.pdf,46,SORONG DARATAN,SORONG,SOQ,93.40,"16,116.24","16,159.68"
20240229235958pdf_1-31 Maret 2024.pdf,47,ACHMAD YANI,SEMARANG,SRG,91.70,"15,804.60","15,847.20"
20240229235958pdf_1-31 Maret 2024.pdf,48,JUANDA,SURABAYA,SUB,89.80,"15,448.44","15,490.08"
20240229235958pdf_1-31 Maret 2024.pdf,49,RADEN INTEN II,BANDAR LAMPUNG,TKG,89.70,"15,604.26","15,646.32"
20240229235958pdf_1-31 Maret 2024.pdf,50,KIJANG,TANJUNG PINANG,TNJ,91.50,"15,782.34","15,824.88"
20240229235958pdf_1-31 Maret 2024.pdf,51,JUWATA,TARAKAN,TRK,91.70,"15,804.60","15,847.20"
20240229235958pdf_1-31 Maret 2024.pdf,52,BABULLAH,TERNATE,TTE,93.40,"16,116.24","16,159.68"
20240229235958pdf_1-31 Maret 2024.pdf,53,HASANUDDIN,UJUNG PANDANG,UPG,92.70,"15,938.16","15,981.12"
20240229235958pdf_1-31 Maret 2024.pdf,54,MAU HAU,WAINGAPU,WGP,91.20,"15,726.69","15,769.08"
20240229235958pdf_1-31 Maret 2024.pdf,55,ISWAHYUDI,MADIUN,WIAR (ICAO),91.10,"15,737.82","15,780.24"
20240229235958pdf_1-31 Maret 2024.pdf,56,DUMATUBUN,TUAL,LUV,94.10,"16,249.80","16,293.60"
20240229235958pdf_1-31 Maret 2024.pdf,57,SILANGIT,SIBORONG-BORONG,DTB,80.20,"13,801.20","13,838.40"
20240229235958pdf_1-31 Maret 2024.pdf,58,KALIMARAU,BERAU,BEJ,91.70,"15,804.60","15,847.20"
20240229235958pdf_1-31 Maret 2024.pdf,59,KOMODO,LABUAN BAJO,LBJ,80.20,"13,801.20","13,838.40"
20240229235958pdf_1-31 Maret 2024.pdf,60,KUALANAMU,DELI SERDANG,KNO,90.10,"15,492.96","15,534.72"
20240229235958pdf_1-31 Maret 2024.pdf,61,TAMPA PADANG,MAMUJU,MJU,93.40,"16,105.11","16,148.52"
20240229235958pdf_1-31 Maret 2024.pdf,62,F.L. TOBING,PINANGSORI,FLZ,91.10,"15,693.30","15,735.60"
20240229235958pdf_1-31 Maret 2024.pdf,63,MOZES KILANGIN,TIMIKA,TIM,93.40,"16,116.24","16,159.68"
20240229235958pdf_1-31 Maret 2024.pdf,64,H.A.S. HANANDJOEDDIN,TANJUNG PANDAN,TJQ,91.80,"15,860.25","15,903.00"
20240229235958pdf_1-31 Maret 2024.pdf,65,BLIMBINGSARI,BANYUWANGI,BWX,91.20,"15,726.69","15,769.08"
20240229235958pdf_1-31 Maret 2024.pdf,66,TAMBOLAKA,SUMBA BARAT,TMC,94.00,"16,249.80","16,293.60"
20240229235958pdf_1-31 Maret 2024.pdf,67,BINAKA,GUNUNGSITOLI,GNS,91.10,"15,693.30","15,735.60"
20240229235958pdf_1-31 Maret 2024.pdf,68,KULONPROGO,YOGYAKARTA,YIA,91.90,"15,860.25","15,903.00"
20240229235958pdf_1-31 Maret 2024.pdf,69,KUABANG,HALMAHERA UTARA,KAZ,94.00,"16,249.80","16,293.60"
20240229235958pdf_1-31 Maret 2024.pdf,70,JENDERAL BESAR SOEDIRMAN,PURBALINGGA,PWL,92.00,"15,860.25","15,903.00"
20240229235958pdf_1-31 Maret 2024.pdf,71,MATHILDA BATLAYERI,SAUMLAKI,SXK,93.60,"16,249.80","16,293.60"
20240229235958pdf_1-31 Maret 2024.pdf,72,BUDIARTO,CURUG,BTO,91.70,-,#VALUE!
20240331030929pdf_1-30 April 2024.pdf,1,APT PRANOTO,SAMARINDA,AAP,93.20,"16,027.20","16,070.40"
20240331030929pdf_1-30 April 2024.pdf,2,PATTIMURA,AMBON,AMQ,94.90,"16,205.28","16,248.96"
20240331030929pdf_1-30 April 2024.pdf,3,SYAMSUDDIN NOOR,BANJARMASIN,BDJ,93.20,"16,027.20","16,070.40"
20240331030929pdf_1-30 April 2024.pdf,4,HUSEIN SASTRANEGARA,BANDUNG,BDO,91.70,"15,771.21","15,813.72"
20240331030929pdf_1-30 April 2024.pdf,5,FRANS KAISIEPO,BIAK,BIK,94.90,"16,338.84","16,382.88"
20240331030929pdf_1-30 April 2024.pdf,6,FATMAWATI SOEKARNOPUTRI,BENGKULU,BKS,93.90,"16,183.02","16,226.64"
20240331030929pdf_1-30 April 2024.pdf,7,M. SALAHUDDIN,BIMA,BMU,91.20,"15,693.30","15,735.60"
20240331030929pdf_1-30 April 2024.pdf,8,SEPINGGAN,BALIKPAPAN,BPN,90.80,"15,604.26","15,646.32"
20240331030929pdf_1-30 April 2024.pdf,9,HANG NADIM,BATAM,BTH,91.10,"14,112.21","14,154.42"
20240331030929pdf_1-30 April 2024.pdf,10,SULTAN ISKANDAR MUDA,BANDA ACEH,BTJ,91.10,"15,659.91","15,702.12"
20240331030929pdf_1-30 April 2024.pdf,11,SOEKARNO HATTA,CENGKARENG,CGK,80.20,"13,767.81","13,804.92"
20240331030929pdf_1-30 April 2024.pdf,12,TUNGGUL WULUNG,CILACAP,CXP,92.00,"15,826.86","15,869.52"
20240331030929pdf_1-30 April 2024.pdf,13,SULTAN THAHA,JAMBI,DJB,91.10,"15,704.43","15,746.76"
20240331030929pdf_1-30 April 2024.pdf,14,SENTANI,JAYAPURA,DJJ,93.80,"16,082.85","16,126.20"
20240331030929pdf_1-30 April 2024.pdf,15,NGURAH RAI,DENPASAR,DPS,90.20,"15,481.83","15,523.56"
20240331030929pdf_1-30 April 2024.pdf,16,PINANG KAMPAI,DUMAI,DUM,91.10,"15,659.91","15,702.12"
20240331030929pdf_1-30 April 2024.pdf,17,H. AROEBOESMAN,ENDE,ENE,91.20,"15,693.30","15,735.60"
20240331030929pdf_1-30 April 2024.pdf,18,JALALUDDIN,GORONTALO,GTO,94.60,"16,283.19","16,327.08"
20240331030929pdf_1-30 April 2024.pdf,19,HALIM PERDANAKUSUMA,JAKARTA,HLP,87.20,"14,992.11","15,032.52"
20240331030929pdf_1-30 April 2024.pdf,20,ADISUCIPTO,YOGYAKARTA,JOG,92.10,"15,826.86","15,869.52"
20240331030929pdf_1-30 April 2024.pdf,21,WOLTER MONGINSIDI,KENDARI,KDI,94.60,"16,283.19","16,327.08"
20240331030929pdf_1-30 April 2024.pdf,22,UTAROM,KAIMANA,KNG,94.90,"16,338.84","16,382.88"
20240331030929pdf_1-30 April 2024.pdf,23,ELTARI,KUPANG,KOE,89.00,"15,259.23","15,300.36"
20240331030929pdf_1-30 April 2024.pdf,24,LOMBOK INTERNATIONAL,MATARAM,LOP,80.20,"13,767.81","13,804.92"
20240331030929pdf_1-30 April 2024.pdf,25,BUBUNG,LUWUK,LUW,94.60,"16,283.19","16,327.08"
20240331030929pdf_1-30 April 2024.pdf,26,SAM RATULANGI,MANADO,MDC,94.60,"16,027.20","16,070.40"
20240331030929pdf_1-30 April 2024.pdf,27,POLONIA,MEDAN,MES,91.10,"15,659.91","15,702.12"
20240331030929pdf_1-30 April 2024.pdf,28,MOPAH,MERAUKE,MKQ,94.90,"16,338.84","16,382.88"
20240331030929pdf_1-30 April 2024.pdf,29,RENDANI,MANOKWARI,MKW,94.90,"16,338.84","16,382.88"
20240331030929pdf_1-30 April 2024.pdf,30,KERTAJATI,MAJALENGKA,KJT,86.60,"14,880.81","14,920.92"
20240331030929pdf_1-30 April 2024.pdf,31,ABDURACHMAN SALEH,MALANG,MLG,91.30,"15,704.43","15,746.76"
20240331030929pdf_1-30 April 2024.pdf,32,WAI OTI,MAUMERE,MOF,91.20,"15,693.30","15,735.60"
20240331030929pdf_1-30 April 2024.pdf,33,PANIAI,NABIRE,NBX,94.90,"16,205.28","16,248.96"
20240331030929pdf_1-30 April 2024.pdf,34,RANAI,NATUNA,NTX,91.10,"15,659.91","15,702.12"
20240331030929pdf_1-30 April 2024.pdf,35,PONDOK CABE,JAKARTA,PCB,91.70,"15,771.21","15,813.72"
20240331030929pdf_1-30 April 2024.pdf,36,MINANGKABAU,PADANG,PDG,91.10,"15,659.91","15,702.12"
20240331030929pdf_1-30 April 2024.pdf,37,DEPATI AMIR,PANGKAL PINANG,PGK,91.00,"15,659.91","15,702.12"
20240331030929pdf_1-30 April 2024.pdf,38,ISKANDAR,PANGKALAN BUN,PKN,93.20,"16,027.20","16,070.40"
20240331030929pdf_1-30 April 2024.pdf,39,SULTAN SYARIF KASIM II,PEKANBARU,PKU,91.10,"15,659.91","15,702.12"
20240331030929pdf_1-30 April 2024.pdf,40,TJILIK RIWUT,PALANGKARAYA,PKY,93.20,"16,027.20","16,070.40"
20240331030929pdf_1-30 April 2024.pdf,41,SULTAN MAHMUD BADARUDDIN II,PALEMBANG,PLM,"91.00","15,659.91","15,702.12"
20240331030929pdf_1-30 April 2024.pdf,42,MUTIARA,PALU,PLW,94.60,"16,283.19","16,327.08"
20240331030929pdf_1-30 April 2024.pdf,43,SUPADIO,PONTIANAK,PNK,93.20,"16,027.20","16,070.40"
20240331030929pdf_1-30 April 2024.pdf,44,H. ASAN,SAMPIT,SMQ,93.20,"16,027.20","16,070.40"
20240331030929pdf_1-30 April 2024.pdf,45,ADISUMARMO,SOLO,SOC,92.00,"15,826.86","15,869.52"
20240331030929pdf_1-30 April 2024.pdf,46,SORONG DARATAN,SORONG,SOQ,94.90,"16,338.84","16,382.88"
20240331030929pdf_1-30 April 2024.pdf,47,ACHMAD YANI,SEMARANG,SRG,91.70,"15,771.21","15,813.72"
20240331030929pdf_1-30 April 2024.pdf,48,JUANDA,SURABAYA,SUB,89.80,"15,415.05","15,456.60"
20240331030929pdf_1-30 April 2024.pdf,49,RADEN INTEN II,BANDAR LAMPUNG,TKG,89.70,"15,570.87","15,612.84"
20240331030929pdf_1-30 April 2024.pdf,50,KIJANG,TANJUNG PINANG,TNJ,91.50,"15,748.95","15,791.40"
20240331030929pdf_1-30 April 2024.pdf,51,JUWATA,TARAKAN,TRK,93.20,"16,027.20","16,070.40"
20240331030929pdf_1-30 April 2024.pdf,52,BABULLAH,TERNATE,TTE,94.90,"16,338.84","16,382.88"
20240331030929pdf_1-30 April 2024.pdf,53,HASANUDDIN,UJUNG PANDANG,UPG,92.70,"15,904.77","15,947.64"
20240331030929pdf_1-30 April 2024.pdf,54,MAU HAU,WAINGAPU,WGP,91.20,"15,693.30","15,735.60"
20240331030929pdf_1-30 April 2024.pdf,55,ISWAHYUDI,MADIUN,WIAR (ICAO),91.10,"15,704.43","15,746.76"
20240331030929pdf_1-30 April 2024.pdf,56,DUMATUBUN,TUAL,LUV,94.10,"16,205.28","16,248.96"
20240331030929pdf_1-30 April 2024.pdf,57,SILANGIT,SIBORONG-BORONG,DTB,80.20,"13,767.81","13,804.92"
20240331030929pdf_1-30 April 2024.pdf,58,KALIMARAU,BERAU,BEJ,93.20,"16,027.20","16,070.40"
20240331030929pdf_1-30 April 2024.pdf,59,KOMODO,LABUAN BAJO,LBJ,80.20,"13,767.81","13,804.92"
20240331030929pdf_1-30 April 2024.pdf,60,KUALANAMU,DELI SERDANG,KNO,90.10,"15,459.57","15,501.24"
20240331030929pdf_1-30 April 2024.pdf,61,TAMPA PADANG,MAMUJU,MJU,93.50,"16,071.72","16,115.04"
20240331030929pdf_1-30 April 2024.pdf,62,F.L. TOBING,PINANGSORI,FLZ,91.10,"15,659.91","15,702.12"
20240331030929pdf_1-30 April 2024.pdf,63,MOZES KILANGIN,TIMIKA,TIM,94.90,"16,338.84","16,382.88"
20240331030929pdf_1-30 April 2024.pdf,64,H.A.S. HANANDJOEDDIN,TANJUNG PANDAN,TJQ,94.50,"16,305.45","16,349.40"
20240331030929pdf_1-30 April 2024.pdf,65,BLIMBINGSARI,BANYUWANGI,BWX,91.20,"15,693.30","15,735.60"
20240331030929pdf_1-30 April 2024.pdf,66,TAMBOLAKA,SUMBA BARAT,TMC,94.00,"16,205.28","16,248.96"
20240331030929pdf_1-30 April 2024.pdf,67,BINAKA,GUNUNGSITOLI,GNS,91.10,"15,659.91","15,702.12"
20240331030929pdf_1-30 April 2024.pdf,68,KULONPROGO,YOGYAKARTA,YIA,92.00,"15,826.86","15,869.52"
20240331030929pdf_1-30 April 2024.pdf,69,KUABANG,HALMAHERA UTARA,KAZ,94.00,"16,205.28","16,248.96"
20240331030929pdf_1-30 April 2024.pdf,70,JENDERAL BESAR SOEDIRMAN,PURBALINGGA,PWL,92.00,"15,826.86","15,869.52"
20240331030929pdf_1-30 April 2024.pdf,71,MATHILDA BATLAYERI,SAUMLAKI,SXK,95.10,"16,472.40","16,516.80"
20240331030929pdf_1-30 April 2024.pdf,72,BUDIARTO,CURUG,BTO,91.70,-,#VALUE!
20240502073505pdf_1-31 Mei 2024.pdf,1,APT PRANOTO,SAMARINDA,AAP,94.40,"16,539.18","16,583.76"
20240502073505pdf_1-31 Mei 2024.pdf,2,PATTIMURA,AMBON,AMQ,96.10,"16,717.26","16,762.32"
20240502073505pdf_1-31 Mei 2024.pdf,3,SYAMSUDDIN NOOR,BANJARMASIN,BDJ,94.40,"16,539.18","16,583.76"
20240502073505pdf_1-31 Mei 2024.pdf,4,HUSEIN SASTRANEGARA,BANDUNG,BDO,92.90,"16,272.06","16,315.92"
20240502073505pdf_1-31 Mei 2024.pdf,5,FRANS KAISIEPO,BIAK,BIK,96.10,"16,850.82","16,896.24"
20240502073505pdf_1-31 Mei 2024.pdf,6,FATMAWATI SOEKARNOPUTRI,BENGKULU,BKS,95.10,"16,706.13","16,751.16"
20240502073505pdf_1-31 Mei 2024.pdf,7,M. SALAHUDDIN,BIMA,BMU,92.40,"16,194.15","16,237.80"
20240502073505pdf_1-31 Mei 2024.pdf,8,SEPINGGAN,BALIKPAPAN,BPN,92.00,"16,116.24","16,159.68"
20240502073505pdf_1-31 Mei 2024.pdf,9,HANG NADIM,BATAM,BTH,92.30,"14,563.56","14,607.12"
20240502073505pdf_1-31 Mei 2024.pdf,10,SULTAN ISKANDAR MUDA,BANDA ACEH,BTJ,93.30,"16,349.97","16,394.04"
20240502073505pdf_1-31 Mei 2024.pdf,11,SOEKARNO HATTA,CENGKARENG,CGK,81.60,"14,268.66","14,307.12"
20240502073505pdf_1-31 Mei 2024.pdf,12,TUNGGUL WULUNG,CILACAP,CXP,93.20,"16,327.71","16,371.72"
20240502073505pdf_1-31 Mei 2024.pdf,13,SULTAN THAHA,JAMBI,DJB,92.30,"16,216.41","16,260.12"
20240502073505pdf_1-31 Mei 2024.pdf,14,SENTANI,JAYAPURA,DJJ,94.90,"16,594.83","16,639.56"
20240502073505pdf_1-31 Mei 2024.pdf,15,NGURAH RAI,DENPASAR,DPS,91.40,"15,982.68","16,025.76"
20240502073505pdf_1-31 Mei 2024.pdf,16,PINANG KAMPAI,DUMAI,DUM,93.30,"16,349.97","16,394.04"
20240502073505pdf_1-31 Mei 2024.pdf,17,H. AROEBOESMAN,ENDE,ENE,92.40,"16,194.15","16,237.80"
20240502073505pdf_1-31 Mei 2024.pdf,18,JALALUDDIN,GORONTALO,GTO,95.80,"16,795.17","16,840.44"
20240502073505pdf_1-31 Mei 2024.pdf,19,HALIM PERDANAKUSUMA,JAKARTA,HLP,88.50,"15,492.96","15,534.72"
20240502073505pdf_1-31 Mei 2024.pdf,20,ADISUCIPTO,YOGYAKARTA,JOG,93.30,"16,327.71","16,371.72"
20240502073505pdf_1-31 Mei 2024.pdf,21,WOLTER MONGINSIDI,KENDARI,KDI,95.80,"16,795.17","16,840.44"
20240502073505pdf_1-31 Mei 2024.pdf,22,UTAROM,KAIMANA,KNG,96.10,"16,850.82","16,896.24"
20240502073505pdf_1-31 Mei 2024.pdf,23,ELTARI,KUPANG,KOE,90.20,"15,760.08","15,802.56"
20240502073505pdf_1-31 Mei 2024.pdf,24,LOMBOK INTERNATIONAL,MATARAM,LOP,81.60,"14,268.66","14,307.12"
20240502073505pdf_1-31 Mei 2024.pdf,25,BUBUNG,LUWUK,LUW,95.80,"16,795.17","16,840.44"
20240502073505pdf_1-31 Mei 2024.pdf,26,SAM RATULANGI,MANADO,MDC,95.80,"16,528.05","16,572.60"
20240502073505pdf_1-31 Mei 2024.pdf,27,POLONIA,MEDAN,MES,93.30,"16,349.97","16,394.04"
20240502073505pdf_1-31 Mei 2024.pdf,28,MOPAH,MERAUKE,MKQ,96.10,"16,850.82","16,896.24"
20240502073505pdf_1-31 Mei 2024.pdf,29,RENDANI,MANOKWARI,MKW,96.10,"16,850.82","16,896.24"
20240502073505pdf_1-31 Mei 2024.pdf,30,KERTAJATI,MAJALENGKA,KJT,87.90,"15,381.66","15,423.12"
20240502073505pdf_1-31 Mei 2024.pdf,31,ABDURACHMAN SALEH,MALANG,MLG,92.50,"16,205.28","16,248.96"
20240502073505pdf_1-31 Mei 2024.pdf,32,WAI OTI,MAUMERE,MOF,92.40,"16,194.15","16,237.80"
20240502073505pdf_1-31 Mei 2024.pdf,33,PANIAI,NABIRE,NBX,96.10,"16,717.26","16,762.32"
20240502073505pdf_1-31 Mei 2024.pdf,34,RANAI,NATUNA,NTX,93.30,"16,349.97","16,394.04"
20240502073505pdf_1-31 Mei 2024.pdf,35,PONDOK CABE,JAKARTA,PCB,92.90,"16,283.19","16,327.08"
20240502073505pdf_1-31 Mei 2024.pdf,36,MINANGKABAU,PADANG,PDG,93.30,"16,160.76","16,204.32"
20240502073505pdf_1-31 Mei 2024.pdf,37,DEPATI AMIR,PANGKAL PINANG,PGK,92.30,"16,171.89","16,215.48"
20240502073505pdf_1-31 Mei 2024.pdf,38,ISKANDAR,PANGKALAN BUN,PKN,94.40,"16,539.18","16,583.76"
20240502073505pdf_1-31 Mei 2024.pdf,39,SULTAN SYARIF KASIM II,PEKANBARU,PKU,93.30,"16,349.97","16,394.04"
20240502073505pdf_1-31 Mei 2024.pdf,40,TJILIK RIWUT,PALANGKARAYA,PKY,94.40,"16,539.18","16,583.76"
20240502073505pdf_1-31 Mei 2024.pdf,41,SULTAN MAHMUD BADARUDDIN II,PALEMBANG,PLM,"92.30","16,171.89","16,215.48"
20240502073505pdf_1-31 Mei 2024.pdf,42,MUTIARA,PALU,PLW,95.80,"16,795.17","16,840.44"
20240502073505pdf_1-31 Mei 2024.pdf,43,SUPADIO,PONTIANAK,PNK,94.40,"16,539.18","16,583.76"
20240502073505pdf_1-31 Mei 2024.pdf,44,H. ASAN,SAMPIT,SMQ,94.40,"16,539.18","16,583.76"
20240502073505pdf_1-31 Mei 2024.pdf,45,ADISUMARMO,SOLO,SOC,93.20,"16,327.71","16,371.72"
20240502073505pdf_1-31 Mei 2024.pdf,46,SORONG DARATAN,SORONG,SOQ,96.10,"16,594.83","16,639.56"
20240502073505pdf_1-31 Mei 2024.pdf,47,ACHMAD YANI,SEMARANG,SRG,93.00,"16,272.06","16,315.92"
20240502073505pdf_1-31 Mei 2024.pdf,48,JUANDA,SURABAYA,SUB,91.10,"15,915.90","15,958.80"
20240502073505pdf_1-31 Mei 2024.pdf,49,RADEN INTEN II,BANDAR LAMPUNG,TKG,90.90,"16,082.85","16,126.20"
20240502073505pdf_1-31 Mei 2024.pdf,50,KIJANG,TANJUNG PINANG,TNJ,92.70,"16,249.80","16,293.60"
20240502073505pdf_1-31 Mei 2024.pdf,51,JUWATA,TARAKAN,TRK,94.40,"16,539.18","16,583.76"
20240502073505pdf_1-31 Mei 2024.pdf,52,BABULLAH,TERNATE,TTE,96.10,"16,850.82","16,896.24"
20240502073505pdf_1-31 Mei 2024.pdf,53,HASANUDDIN,UJUNG PANDANG,UPG,93.90,"16,405.62","16,449.84"
20240502073505pdf_1-31 Mei 2024.pdf,54,MAU HAU,WAINGAPU,WGP,92.40,"16,194.15","16,237.80"
20240502073505pdf_1-31 Mei 2024.pdf,55,ISWAHYUDI,MADIUN,WIAR (ICAO),92.30,"16,205.28","16,248.96"
20240502073505pdf_1-31 Mei 2024.pdf,56,DUMATUBUN,TUAL,LUV,95.30,"16,717.26","16,762.32"
20240502073505pdf_1-31 Mei 2024.pdf,57,SILANGIT,SIBORONG-BORONG,DTB,81.60,"14,268.66","14,307.12"
20240502073505pdf_1-31 Mei 2024.pdf,58,KALIMARAU,BERAU,BEJ,94.40,"16,539.18","16,583.76"
20240502073505pdf_1-31 Mei 2024.pdf,59,KOMODO,LABUAN BAJO,LBJ,81.60,"14,268.66","14,307.12"
20240502073505pdf_1-31 Mei 2024.pdf,60,KUALANAMU,DELI SERDANG,KNO,92.40,"16,149.63","16,193.16"
20240502073505pdf_1-31 Mei 2024.pdf,61,TAMPA PADANG,MAMUJU,MJU,94.70,"16,572.57","16,617.24"
20240502073505pdf_1-31 Mei 2024.pdf,62,F.L. TOBING,PINANGSORI,FLZ,93.30,"16,349.97","16,394.04"
20240502073505pdf_1-31 Mei 2024.pdf,63,MOZES KILANGIN,TIMIKA,TIM,96.10,"16,850.82","16,896.24"
20240502073505pdf_1-31 Mei 2024.pdf,64,H.A.S. HANANDJOEDDIN,TANJUNG PANDAN,TJQ,95.70,"16,817.43","16,862.76"
20240502073505pdf_1-31 Mei 2024.pdf,65,BLIMBINGSARI,BANYUWANGI,BWX,92.40,"16,194.15","16,237.80"
20240502073505pdf_1-31 Mei 2024.pdf,66,TAMBOLAKA,SUMBA BARAT,TMC,95.20,"16,717.26","16,762.32"
20240502073505pdf_1-31 Mei 2024.pdf,67,BINAKA,GUNUNGSITOLI,GNS,93.30,"16,349.97","16,394.04"
20240502073505pdf_1-31 Mei 2024.pdf,68,KULONPROGO,YOGYAKARTA,YIA,93.20,"16,327.71","16,371.72"
20240502073505pdf_1-31 Mei 2024.pdf,69,KUABANG,HALMAHERA UTARA,KAZ,95.20,"16,717.26","16,762.32"
20240502073505pdf_1-31 Mei 2024.pdf,70,JENDERAL BESAR SOEDIRMAN,PURBALINGGA,PWL,93.20,"16,327.71","16,371.72"
20240502073505pdf_1-31 Mei 2024.pdf,71,MATHILDA BATLAYERI,SAUMLAKI,SXK,96.30,"16,984.38","17,030.16"
20240502073505pdf_1-31 Mei 2024.pdf,72,BUDIARTO,CURUG,BTO,92.90,-,#VALUE!
20240610061612pdf_1-30 Juni 2024.pdf,1,APT PRANOTO,SAMARINDA,AAP,90.60,"16,004.94","16,048.08"
20240610061612pdf_1-30 Juni 2024.pdf,2,PATTIMURA,AMBON,AMQ,91.90,"16,116.24","16,159.68"
20240610061612pdf_1-30 Juni 2024.pdf,3,SYAMSUDDIN NOOR,BANJARMASIN,BDJ,90.60,"16,004.94","16,048.08"
20240610061612pdf_1-30 Juni 2024.pdf,4,HUSEIN SASTRANEGARA,BANDUNG,BDO,89.00,"15,737.82","15,780.24"
20240610061612pdf_1-30 Juni 2024.pdf,5,FRANS KAISIEPO,BIAK,BIK,91.90,"16,249.80","16,293.60"
20240610061612pdf_1-30 Juni 2024.pdf,6,FATMAWATI SOEKARNOPUTRI,BENGKULU,BKS,91.20,"16,171.89","16,215.48"
20240610061612pdf_1-30 Juni 2024.pdf,7,M. SALAHUDDIN,BIMA,BMU,88.60,"15,659.91","15,702.12"
20240610061612pdf_1-30 Juni 2024.pdf,8,SEPINGGAN,BALIKPAPAN,BPN,88.20,"15,582.00","15,624.00"
20240610061612pdf_1-30 Juni 2024.pdf,9,HANG NADIM,BATAM,BTH,88.50,"14,082.12","14,124.24"
20240610061612pdf_1-30 Juni 2024.pdf,10,SULTAN ISKANDAR MUDA,BANDA ACEH,BTJ,89.50,"15,815.73","15,858.36"
20240610061612pdf_1-30 Juni 2024.pdf,11,SOEKARNO HATTA,CENGKARENG,CGK,77.90,"13,734.42","13,771.44"
20240610061612pdf_1-30 Juni 2024.pdf,12,TUNGGUL WULUNG,CILACAP,CXP,89.40,"15,793.47","15,836.04"
20240610061612pdf_1-30 Juni 2024.pdf,13,SULTAN THAHA,JAMBI,DJB,88.50,"15,682.17","15,724.44"
20240610061612pdf_1-30 Juni 2024.pdf,14,SENTANI,JAYAPURA,DJJ,90.70,"15,993.81","16,036.92"
20240610061612pdf_1-30 Juni 2024.pdf,15,NGURAH RAI,DENPASAR,DPS,87.60,"15,448.44","15,490.08"
20240610061612pdf_1-30 Juni 2024.pdf,16,PINANG KAMPAI,DUMAI,DUM,89.50,"15,815.73","15,858.36"
20240610061612pdf_1-30 Juni 2024.pdf,17,H. AROEBOESMAN,ENDE,ENE,88.60,"15,659.91","15,702.12"
20240610061612pdf_1-30 Juni 2024.pdf,18,JALALUDDIN,GORONTALO,GTO,91.90,"16,260.93","16,304.76"
20240610061612pdf_1-30 Juni 2024.pdf,19,HALIM PERDANAKUSUMA,JAKARTA,HLP,84.70,"14,958.72","14,999.04"
20240610061612pdf_1-30 Juni 2024.pdf,20,ADISUCIPTO,YOGYAKARTA,JOG,89.40,"15,793.47","15,836.04"
20240610061612pdf_1-30 Juni 2024.pdf,21,WOLTER MONGINSIDI,KENDARI,KDI,91.90,"16,260.93","16,304.76"
20240610061612pdf_1-30 Juni 2024.pdf,22,UTAROM,KAIMANA,KNG,91.90,"16,249.80","16,293.60"
20240610061612pdf_1-30 Juni 2024.pdf,23,ELTARI,KUPANG,KOE,86.40,"15,225.84","15,266.88"
20240610061612pdf_1-30 Juni 2024.pdf,24,LOMBOK INTERNATIONAL,MATARAM,LOP,86.40,"13,734.42","13,771.44"
20240610061612pdf_1-30 Juni 2024.pdf,25,BUBUNG,LUWUK,LUW,91.90,"16,260.93","16,304.76"
20240610061612pdf_1-30 Juni 2024.pdf,26,SAM RATULANGI,MANADO,MDC,91.90,"15,993.81","16,036.92"
20240610061612pdf_1-30 Juni 2024.pdf,27,POLONIA,MEDAN,MES,89.50,"15,815.73","15,858.36"
20240610061612pdf_1-30 Juni 2024.pdf,28,MOPAH,MERAUKE,MKQ,91.90,"16,249.80","16,293.60"
20240610061612pdf_1-30 Juni 2024.pdf,29,RENDANI,MANOKWARI,MKW,91.90,"16,249.80","16,293.60"
20240610061612pdf_1-30 Juni 2024.pdf,30,KERTAJATI,MAJALENGKA,KJT,84.10,"14,847.42","14,887.44"
20240610061612pdf_1-30 Juni 2024.pdf,31,ABDURACHMAN SALEH,MALANG,MLG,88.70,"15,671.04","15,713.28"
20240610061612pdf_1-30 Juni 2024.pdf,32,WAI OTI,MAUMERE,MOF,88.60,"15,659.91","15,702.12"
20240610061612pdf_1-30 Juni 2024.pdf,33,PANIAI,NABIRE,NBX,91.90,"16,116.24","16,159.68"
20240610061612pdf_1-30 Juni 2024.pdf,34,RANAI,NATUNA,NTX,89.50,"15,815.73","15,858.36"
20240610061612pdf_1-30 Juni 2024.pdf,35,PONDOK CABE,JAKARTA,PCB,89.00,"15,737.82","15,780.24"
20240610061612pdf_1-30 Juni 2024.pdf,36,MINANGKABAU,PADANG,PDG,89.50,"15,626.52","15,668.64"
20240610061612pdf_1-30 Juni 2024.pdf,37,DEPATI AMIR,PANGKAL PINANG,PGK,88.40,"15,637.65","15,679.80"
20240610061612pdf_1-30 Juni 2024.pdf,38,ISKANDAR,PANGKALAN BUN,PKN,90.60,"16,004.94","16,048.08"
20240610061612pdf_1-30 Juni 2024.pdf,39,SULTAN SYARIF KASIM II,PEKANBARU,PKU,89.50,"15,815.73","15,858.36"
20240610061612pdf_1-30 Juni 2024.pdf,40,TJILIK RIWUT,PALANGKARAYA,PKY,90.60,"16,004.94","16,048.08"
20240610061612pdf_1-30 Juni 2024.pdf,41,SULTAN MAHMUD BADARUDDIN II,PALEMBANG,PLM,"88.40","15,637.65","15,679.80"
20240610061612pdf_1-30 Juni 2024.pdf,42,MUTIARA,PALU,PLW,91.90,"16,260.93","16,304.76"
20240610061612pdf_1-30 Juni 2024.pdf,43,SUPADIO,PONTIANAK,PNK,90.60,"16,004.94","16,048.08"
20240610061612pdf_1-30 Juni 2024.pdf,44,H. ASAN,SAMPIT,SMQ,90.60,"16,004.94","16,048.08"
20240610061612pdf_1-30 Juni 2024.pdf,45,ADISUMARMO,SOLO,SOC,89.40,"15,793.47","15,836.04"
20240610061612pdf_1-30 Juni 2024.pdf,46,SORONG DARATAN,SORONG,SOQ,91.90,"15,993.81","16,036.92"
20240610061612pdf_1-30 Juni 2024.pdf,47,ACHMAD YANI,SEMARANG,SRG,89.10,"15,737.82","15,780.24"
20240610061612pdf_1-30 Juni 2024.pdf,48,JUANDA,SURABAYA,SUB,87.20,"15,381.66","15,423.12"
20240610061612pdf_1-30 Juni 2024.pdf,49,RADEN INTEN II,BANDAR LAMPUNG,TKG,87.10,"15,548.61","15,590.52"
20240610061612pdf_1-30 Juni 2024.pdf,50,KIJANG,TANJUNG PINANG,TNJ,88.90,"15,715.56","15,757.92"
20240610061612pdf_1-30 Juni 2024.pdf,51,JUWATA,TARAKAN,TRK,90.60,"16,004.94","16,048.08"
20240610061612pdf_1-30 Juni 2024.pdf,52,BABULLAH,TERNATE,TTE,91.90,"16,249.80","16,293.60"
20240610061612pdf_1-30 Juni 2024.pdf,53,HASANUDDIN,UJUNG PANDANG,UPG,90.00,"15,871.38","15,914.16"
20240610061612pdf_1-30 Juni 2024.pdf,54,MAU HAU,WAINGAPU,WGP,88.60,"15,659.91","15,702.12"
20240610061612pdf_1-30 Juni 2024.pdf,55,ISWAHYUDI,MADIUN,WIAR (ICAO),88.50,"15,671.04","15,713.28"
20240610061612pdf_1-30 Juni 2024.pdf,56,DUMATUBUN,TUAL,LUV,91.10,"16,116.24","16,159.68"
20240610061612pdf_1-30 Juni 2024.pdf,57,SILANGIT,SIBORONG-BORONG,DTB,86.40,"13,734.42","13,771.44"
20240610061612pdf_1-30 Juni 2024.pdf,58,KALIMARAU,BERAU,BEJ,90.60,"16,004.94","16,048.08"
20240610061612pdf_1-30 Juni 2024.pdf,59,KOMODO,LABUAN BAJO,LBJ,87.50,"13,734.42","13,771.44"
20240610061612pdf_1-30 Juni 2024.pdf,60,KUALANAMU,DELI SERDANG,KNO,88.60,"15,615.39","15,657.48"
20240610061612pdf_1-30 Juni 2024.pdf,61,TAMPA PADANG,MAMUJU,MJU,90.80,"16,038.33","16,081.56"
20240610061612pdf_1-30 Juni 2024.pdf,62,F.L. TOBING,PINANGSORI,FLZ,89.50,"15,815.73","15,858.36"
20240610061612pdf_1-30 Juni 2024.pdf,63,MOZES KILANGIN,TIMIKA,TIM,91.90,"16,249.80","16,293.60"
20240610061612pdf_1-30 Juni 2024.pdf,64,H.A.S. HANANDJOEDDIN,TANJUNG PANDAN,TJQ,91.90,"16,294.32","16,338.24"
20240610061612pdf_1-30 Juni 2024.pdf,65,BLIMBINGSARI,BANYUWANGI,BWX,88.60,"15,659.91","15,702.12"
20240610061612pdf_1-30 Juni 2024.pdf,66,TAMBOLAKA,SUMBA BARAT,TMC,91.30,"16,183.02","16,226.64"
20240610061612pdf_1-30 Juni 2024.pdf,67,BINAKA,GUNUNGSITOLI,GNS,89.50,"15,815.73","15,858.36"
20240610061612pdf_1-30 Juni 2024.pdf,68,KULONPROGO,YOGYAKARTA,YIA,89.30,"15,793.47","15,836.04"
20240610061612pdf_1-30 Juni 2024.pdf,69,KUABANG,HALMAHERA UTARA,KAZ,91.00,"16,116.24","16,159.68"
20240610061612pdf_1-30 Juni 2024.pdf,70,JENDERAL BESAR SOEDIRMAN,PURBALINGGA,PWL,89.40,"15,793.47","15,836.04"
20240610061612pdf_1-30 Juni 2024.pdf,71,MATHILDA BATLAYERI,SAUMLAKI,SXK,91.70,"16,316.58","16,360.56"
20240610061612pdf_1-30 Juni 2024.pdf,72,BUDIARTO,CURUG,BTO,89.10,-,#VALUE!
20240702080934pdf_1-31 Juli 2024.pdf,1,APT PRANOTO,SAMARINDA,AAP,90.70,"16,183.02","16,226.64"
20240702080934pdf_1-31 Juli 2024.pdf,2,PATTIMURA,AMBON,AMQ,92.10,"16,305.45","16,349.40"
20240702080934pdf_1-31 Juli 2024.pdf,3,SYAMSUDDIN NOOR,BANJARMASIN,BDJ,90.70,"16,183.02","16,226.64"
20240702080934pdf_1-31 Juli 2024.pdf,4,HUSEIN SASTRANEGARA,BANDUNG,BDO,89.20,"15,915.90","15,958.80"
20240702080934pdf_1-31 Juli 2024.pdf,5,FRANS KAISIEPO,BIAK,BIK,92.10,"16,439.01","16,483.32"
20240702080934pdf_1-31 Juli 2024.pdf,6,FATMAWATI SOEKARNOPUTRI,BENGKULU,BKS,91.40,"16,361.10","16,405.20"
20240702080934pdf_1-31 Juli 2024.pdf,7,M. SALAHUDDIN,BIMA,BMU,88.80,"15,837.99","15,880.68"
20240702080934pdf_1-31 Juli 2024.pdf,8,SEPINGGAN,BALIKPAPAN,BPN,88.40,"15,760.08","15,802.56"
20240702080934pdf_1-31 Juli 2024.pdf,9,HANG NADIM,BATAM,BTH,88.70,"14,242.60","14,285.20"
20240702080934pdf_1-31 Juli 2024.pdf,10,SULTAN ISKANDAR MUDA,BANDA ACEH,BTJ,89.70,"15,993.81","16,036.92"
20240702080934pdf_1-31 Juli 2024.pdf,11,SOEKARNO HATTA,CENGKARENG,CGK,78.10,"13,912.50","13,950.00"
20240702080934pdf_1-31 Juli 2024.pdf,12,TUNGGUL WULUNG,CILACAP,CXP,89.60,"15,971.55","16,014.60"
20240702080934pdf_1-31 Juli 2024.pdf,13,SULTAN THAHA,JAMBI,DJB,88.70,"15,860.25","15,903.00"
20240702080934pdf_1-31 Juli 2024.pdf,14,SENTANI,JAYAPURA,DJJ,90.90,"16,171.89","16,215.48"
20240702080934pdf_1-31 Juli 2024.pdf,15,NGURAH RAI,DENPASAR,DPS,88.80,"15,804.60","15,847.20"
20240702080934pdf_1-31 Juli 2024.pdf,16,PINANG KAMPAI,DUMAI,DUM,89.70,"15,993.81","16,036.92"
20240702080934pdf_1-31 Juli 2024.pdf,17,H. AROEBOESMAN,ENDE,ENE,88.80,"15,837.99","15,880.68"
20240702080934pdf_1-31 Juli 2024.pdf,18,JALALUDDIN,GORONTALO,GTO,92.10,"16,439.01","16,483.32"
20240702080934pdf_1-31 Juli 2024.pdf,19,HALIM PERDANAKUSUMA,JAKARTA,HLP,84.90,"15,136.80","15,177.60"
20240702080934pdf_1-31 Juli 2024.pdf,20,ADISUCIPTO,YOGYAKARTA,JOG,89.60,"15,971.55","16,014.60"
20240702080934pdf_1-31 Juli 2024.pdf,21,WOLTER MONGINSIDI,KENDARI,KDI,92.10,"16,439.01","16,483.32"
20240702080934pdf_1-31 Juli 2024.pdf,22,UTAROM,KAIMANA,KNG,92.10,"16,439.01","16,483.32"
20240702080934pdf_1-31 Juli 2024.pdf,23,ELTARI,KUPANG,KOE,86.60,"15,403.92","15,445.44"
20240702080934pdf_1-31 Juli 2024.pdf,24,LOMBOK INTERNATIONAL,MATARAM,LOP,86.70,"13,912.50","13,950.00"
20240702080934pdf_1-31 Juli 2024.pdf,25,BUBUNG,LUWUK,LUW,92.10,"16,439.01","16,483.32"
20240702080934pdf_1-31 Juli 2024.pdf,26,SAM RATULANGI,MANADO,MDC,92.10,"16,183.02","16,226.64"
20240702080934pdf_1-31 Juli 2024.pdf,27,POLONIA,MEDAN,MES,89.70,"15,993.81","16,036.92"
20240702080934pdf_1-31 Juli 2024.pdf,28,MOPAH,MERAUKE,MKQ,92.10,"16,439.01","16,483.32"
20240702080934pdf_1-31 Juli 2024.pdf,29,RENDANI,MANOKWARI,MKW,92.10,"16,439.01","16,483.32"
20240702080934pdf_1-31 Juli 2024.pdf,30,KERTAJATI,MAJALENGKA,KJT,84.30,"15,025.50","15,066.00"
20240702080934pdf_1-31 Juli 2024.pdf,31,ABDURACHMAN SALEH,MALANG,MLG,88.90,"15,849.12","15,891.84"
20240702080934pdf_1-31 Juli 2024.pdf,32,WAI OTI,MAUMERE,MOF,88.80,"15,837.99","15,880.68"
20240702080934pdf_1-31 Juli 2024.pdf,33,PANIAI,NABIRE,NBX,92.10,"16,305.45","16,349.40"
20240702080934pdf_1-31 Juli 2024.pdf,34,RANAI,NATUNA,NTX,89.70,"15,993.81","16,036.92"
20240702080934pdf_1-31 Juli 2024.pdf,35,PONDOK CABE,JAKARTA,PCB,89.20,"15,915.90","15,958.80"
20240702080934pdf_1-31 Juli 2024.pdf,36,MINANGKABAU,PADANG,PDG,89.70,"15,804.60","15,847.20"
20240702080934pdf_1-31 Juli 2024.pdf,37,DEPATI AMIR,PANGKAL PINANG,PGK,88.60,"15,815.73","15,858.36"
20240702080934pdf_1-31 Juli 2024.pdf,38,ISKANDAR,PANGKALAN BUN,PKN,90.70,"16,183.02","16,226.64"
20240702080934pdf_1-31 Juli 2024.pdf,39,SULTAN SYARIF KASIM II,PEKANBARU,PKU,89.70,"15,993.81","16,036.92"
20240702080934pdf_1-31 Juli 2024.pdf,40,TJILIK RIWUT,PALANGKARAYA,PKY,90.70,"16,183.02","16,226.64"
20240702080934pdf_1-31 Juli 2024.pdf,41,SULTAN MAHMUD BADARUDDIN II,PALEMBANG,PLM,"88.60","15,815.73","15,858.36"
20240702080934pdf_1-31 Juli 2024.pdf,42,MUTIARA,PALU,PLW,92.10,"16,439.01","16,483.32"
20240702080934pdf_1-31 Juli 2024.pdf,43,SUPADIO,PONTIANAK,PNK,90.70,"16,183.02","16,226.64"
20240702080934pdf_1-31 Juli 2024.pdf,44,H. ASAN,SAMPIT,SMQ,90.70,"16,183.02","16,226.64"
20240702080934pdf_1-31 Juli 2024.pdf,45,ADISUMARMO,SOLO,SOC,89.60,"15,971.55","16,014.60"
20240702080934pdf_1-31 Juli 2024.pdf,46,SORONG DARATAN,SORONG,SOQ,92.10,"16,171.89","16,215.48"
20240702080934pdf_1-31 Juli 2024.pdf,47,ACHMAD YANI,SEMARANG,SRG,89.30,"15,915.90","15,958.80"
20240702080934pdf_1-31 Juli 2024.pdf,48,JUANDA,SURABAYA,SUB,87.40,"15,559.74","15,601.68"
20240702080934pdf_1-31 Juli 2024.pdf,49,RADEN INTEN II,BANDAR LAMPUNG,TKG,87.30,"15,726.69","15,769.08"
20240702080934pdf_1-31 Juli 2024.pdf,50,KIJANG,TANJUNG PINANG,TNJ,89.10,"15,904.77","15,947.64"
20240702080934pdf_1-31 Juli 2024.pdf,51,JUWATA,TARAKAN,TRK,90.70,"16,183.02","16,226.64"
20240702080934pdf_1-31 Juli 2024.pdf,52,BABULLAH,TERNATE,TTE,92.10,"16,439.01","16,483.32"
20240702080934pdf_1-31 Juli 2024.pdf,53,HASANUDDIN,UJUNG PANDANG,UPG,90.20,"16,049.46","16,092.72"
20240702080934pdf_1-31 Juli 2024.pdf,54,MAU HAU,WAINGAPU,WGP,88.80,"15,837.99","15,880.68"
20240702080934pdf_1-31 Juli 2024.pdf,55,ISWAHYUDI,MADIUN,WIAR (ICAO),88.70,"15,849.12","15,891.84"
20240702080934pdf_1-31 Juli 2024.pdf,56,DUMATUBUN,TUAL,LUV,91.30,"16,305.45","16,349.40"
20240702080934pdf_1-31 Juli 2024.pdf,57,SILANGIT,SIBORONG-BORONG,DTB,86.60,"13,912.50","13,950.00"
20240702080934pdf_1-31 Juli 2024.pdf,58,KALIMARAU,BERAU,BEJ,90.70,"16,183.02","16,226.64"
20240702080934pdf_1-31 Juli 2024.pdf,59,KOMODO,LABUAN BAJO,LBJ,87.80,"13,912.50","13,950.00"
20240702080934pdf_1-31 Juli 2024.pdf,60,KUALANAMU,DELI SERDANG,KNO,88.70,"15,793.47","15,836.04"
20240702080934pdf_1-31 Juli 2024.pdf,61,TAMPA PADANG,MAMUJU,MJU,91.00,"16,216.41","16,260.12"
20240702080934pdf_1-31 Juli 2024.pdf,62,F.L. TOBING,PINANGSORI,FLZ,89.70,"15,993.81","16,036.92"
20240702080934pdf_1-31 Juli 2024.pdf,63,MOZES KILANGIN,TIMIKA,TIM,92.10,"16,439.01","16,483.32"
20240702080934pdf_1-31 Juli 2024.pdf,64,H.A.S. HANANDJOEDDIN,TANJUNG PANDAN,TJQ,92.10,"16,472.40","16,516.80"
20240702080934pdf_1-31 Juli 2024.pdf,65,BLIMBINGSARI,BANYUWANGI,BWX,88.80,"15,837.99","15,880.68"
20240702080934pdf_1-31 Juli 2024.pdf,66,TAMBOLAKA,SUMBA BARAT,TMC,91.50,"16,361.10","16,405.20"
20240702080934pdf_1-31 Juli 2024.pdf,67,BINAKA,GUNUNGSITOLI,GNS,89.70,"15,993.81","16,036.92"
20240702080934pdf_1-31 Juli 2024.pdf,68,KULONPROGO,YOGYAKARTA,YIA,89.50,"15,971.55","16,014.60"
20240702080934pdf_1-31 Juli 2024.pdf,69,KUABANG,HALMAHERA UTARA,KAZ,91.20,"16,305.45","16,349.40"
20240702080934pdf_1-31 Juli 2024.pdf,70,JENDERAL BESAR SOEDIRMAN,PURBALINGGA,PWL,89.60,"15,971.55","16,014.60"
20240702080934pdf_1-31 Juli 2024.pdf,71,MATHILDA BATLAYERI,SAUMLAKI,SXK,91.90,"16,494.66","16,539.12"
20240702080934pdf_1-31 Juli 2024.pdf,72,BUDIARTO,CURUG,BTO,89.30,-,#VALUE!
20240702080934pdf_1-31 Juli 2024.pdf,73,DHOHO,KEDIRI,DHX,87.80,"15,626.52","15,668.64"
20240801031704pdf_1-31 Agustus 2024.pdf,1,APT PRANOTO,SAMARINDA,AAP,91.90,"16,427.88","16,472.16"
20240801031704pdf_1-31 Agustus 2024.pdf,2,PATTIMURA,AMBON,AMQ,92.50,"16,539.18","16,583.76"
20240801031704pdf_1-31 Agustus 2024.pdf,3,SYAMSUDDIN NOOR,BANJARMASIN,BDJ,91.90,"16,427.88","16,472.16"
20240801031704pdf_1-31 Agustus 2024.pdf,4,HUSEIN SASTRANEGARA,BANDUNG,BDO,90.40,"16,160.76","16,204.32"
20240801031704pdf_1-31 Agustus 2024.pdf,5,FRANS KAISIEPO,BIAK,BIK,92.50,"16,539.18","16,583.76"
20240801031704pdf_1-31 Agustus 2024.pdf,6,FATMAWATI SOEKARNOPUTRI,BENGKULU,BKS,92.30,"16,539.18","16,583.76"
20240801031704pdf_1-31 Agustus 2024.pdf,7,M. SALAHUDDIN,BIMA,BMU,89.90,"16,082.85","16,126.20"
20240801031704pdf_1-31 Agustus 2024.pdf,8,SEPINGGAN,BALIKPAPAN,BPN,89.50,"15,993.81","16,036.92"
20240801031704pdf_1-31 Agustus 2024.pdf,9,HANG NADIM,BATAM,BTH,89.80,"14,463.26","14,506.52"
20240801031704pdf_1-31 Agustus 2024.pdf,10,SULTAN ISKANDAR MUDA,BANDA ACEH,BTJ,90.80,"16,238.67","16,282.44"
20240801031704pdf_1-31 Agustus 2024.pdf,11,SOEKARNO HATTA,CENGKARENG,CGK,79.30,"14,157.36","14,195.52"
20240801031704pdf_1-31 Agustus 2024.pdf,12,TUNGGUL WULUNG,CILACAP,CXP,90.70,"16,216.41","16,260.12"
20240801031704pdf_1-31 Agustus 2024.pdf,13,SULTAN THAHA,JAMBI,DJB,89.80,"16,105.11","16,148.52"
20240801031704pdf_1-31 Agustus 2024.pdf,14,SENTANI,JAYAPURA,DJJ,92.10,"16,416.75","16,461.00"
20240801031704pdf_1-31 Agustus 2024.pdf,15,NGURAH RAI,DENPASAR,DPS,91.00,"16,227.54","16,271.28"
20240801031704pdf_1-31 Agustus 2024.pdf,16,PINANG KAMPAI,DUMAI,DUM,90.80,"16,238.67","16,282.44"
20240801031704pdf_1-31 Agustus 2024.pdf,17,H. AROEBOESMAN,ENDE,ENE,89.90,"16,082.85","16,126.20"
20240801031704pdf_1-31 Agustus 2024.pdf,18,JALALUDDIN,GORONTALO,GTO,92.10,"16,483.53","16,527.96"
20240801031704pdf_1-31 Agustus 2024.pdf,19,HALIM PERDANAKUSUMA,JAKARTA,HLP,86.10,"15,381.66","15,423.12"
20240801031704pdf_1-31 Agustus 2024.pdf,20,ADISUCIPTO,YOGYAKARTA,JOG,90.80,"16,216.41","16,260.12"
20240801031704pdf_1-31 Agustus 2024.pdf,21,WOLTER MONGINSIDI,KENDARI,KDI,92.10,"16,483.53","16,527.96"
20240801031704pdf_1-31 Agustus 2024.pdf,22,UTAROM,KAIMANA,KNG,92.50,"16,539.18","16,583.76"
20240801031704pdf_1-31 Agustus 2024.pdf,23,ELTARI,KUPANG,KOE,87.80,"15,648.78","15,690.96"
20240801031704pdf_1-31 Agustus 2024.pdf,24,LOMBOK INTERNATIONAL,MATARAM,LOP,88.70,"14,157.36","14,195.52"
20240801031704pdf_1-31 Agustus 2024.pdf,25,BUBUNG,LUWUK,LUW,92.10,"16,483.53","16,527.96"
20240801031704pdf_1-31 Agustus 2024.pdf,26,SAM RATULANGI,MANADO,MDC,92.10,"16,416.75","16,461.00"
20240801031704pdf_1-31 Agustus 2024.pdf,27,POLONIA,MEDAN,MES,90.80,"16,238.67","16,282.44"
20240801031704pdf_1-31 Agustus 2024.pdf,28,MOPAH,MERAUKE,MKQ,92.50,"16,539.18","16,583.76"
20240801031704pdf_1-31 Agustus 2024.pdf,29,RENDANI,MANOKWARI,MKW,92.50,"16,539.18","16,583.76"
20240801031704pdf_1-31 Agustus 2024.pdf,30,KERTAJATI,MAJALENGKA,KJT,85.50,"15,270.36","15,311.52"
20240801031704pdf_1-31 Agustus 2024.pdf,31,ABDURACHMAN SALEH,MALANG,MLG,90.00,"16,093.98","16,137.36"
20240801031704pdf_1-31 Agustus 2024.pdf,32,WAI OTI,MAUMERE,MOF,89.90,"16,082.85","16,126.20"
20240801031704pdf_1-31 Agustus 2024.pdf,33,PANIAI,NABIRE,NBX,92.50,"16,539.18","16,583.76"
20240801031704pdf_1-31 Agustus 2024.pdf,34,RANAI,NATUNA,NTX,90.80,"16,238.67","16,282.44"
20240801031704pdf_1-31 Agustus 2024.pdf,35,PONDOK CABE,JAKARTA,PCB,90.40,"16,160.76","16,204.32"
20240801031704pdf_1-31 Agustus 2024.pdf,36,MINANGKABAU,PADANG,PDG,90.80,"16,049.46","16,092.72"
20240801031704pdf_1-31 Agustus 2024.pdf,37,DEPATI AMIR,PANGKAL PINANG,PGK,89.80,"16,049.46","16,092.72"
20240801031704pdf_1-31 Agustus 2024.pdf,38,ISKANDAR,PANGKALAN BUN,PKN,91.90,"16,427.88","16,472.16"
20240801031704pdf_1-31 Agustus 2024.pdf,39,SULTAN SYARIF KASIM II,PEKANBARU,PKU,90.80,"16,238.67","16,282.44"
20240801031704pdf_1-31 Agustus 2024.pdf,40,TJILIK RIWUT,PALANGKARAYA,PKY,91.90,"16,427.88","16,472.16"
20240801031704pdf_1-31 Agustus 2024.pdf,41,SULTAN MAHMUD BADARUDDIN II,PALEMBANG,PLM,"89.80","16,049.46","16,092.72"
20240801031704pdf_1-31 Agustus 2024.pdf,42,MUTIARA,PALU,PLW,92.10,"16,483.53","16,527.96"
20240801031704pdf_1-31 Agustus 2024.pdf,43,SUPADIO,PONTIANAK,PNK,91.90,"16,427.88","16,472.16"
20240801031704pdf_1-31 Agustus 2024.pdf,44,H. ASAN,SAMPIT,SMQ,91.90,"16,427.88","16,472.16"
20240801031704pdf_1-31 Agustus 2024.pdf,45,ADISUMARMO,SOLO,SOC,90.70,"16,216.41","16,260.12"
20240801031704pdf_1-31 Agustus 2024.pdf,46,SORONG DARATAN,SORONG,SOQ,92.50,"16,416.75","16,461.00"
20240801031704pdf_1-31 Agustus 2024.pdf,47,ACHMAD YANI,SEMARANG,SRG,90.50,"16,160.76","16,204.32"
20240801031704pdf_1-31 Agustus 2024.pdf,48,JUANDA,SURABAYA,SUB,88.60,"15,804.60","15,847.20"
20240801031704pdf_1-31 Agustus 2024.pdf,49,RADEN INTEN II,BANDAR LAMPUNG,TKG,88.40,"15,960.42","16,003.44"
20240801031704pdf_1-31 Agustus 2024.pdf,50,KIJANG,TANJUNG PINANG,TNJ,90.20,"16,138.50","16,182.00"
20240801031704pdf_1-31 Agustus 2024.pdf,51,JUWATA,TARAKAN,TRK,91.90,"16,427.88","16,472.16"
20240801031704pdf_1-31 Agustus 2024.pdf,52,BABULLAH,TERNATE,TTE,92.50,"16,539.18","16,583.76"
20240801031704pdf_1-31 Agustus 2024.pdf,53,HASANUDDIN,UJUNG PANDANG,UPG,91.30,"16,294.32","16,338.24"
20240801031704pdf_1-31 Agustus 2024.pdf,54,MAU HAU,WAINGAPU,WGP,89.90,"16,082.85","16,126.20"
20240801031704pdf_1-31 Agustus 2024.pdf,55,ISWAHYUDI,MADIUN,WIAR (ICAO),89.90,"16,093.98","16,137.36"
20240801031704pdf_1-31 Agustus 2024.pdf,56,DUMATUBUN,TUAL,LUV,92.40,"16,539.18","16,583.76"
20240801031704pdf_1-31 Agustus 2024.pdf,57,SILANGIT,SIBORONG-BORONG,DTB,88.60,"14,157.36","14,195.52"
20240801031704pdf_1-31 Agustus 2024.pdf,58,KALIMARAU,BERAU,BEJ,91.90,"16,427.88","16,472.16"
20240801031704pdf_1-31 Agustus 2024.pdf,59,KOMODO,LABUAN BAJO,LBJ,89.70,"14,157.36","14,195.52"
20240801031704pdf_1-31 Agustus 2024.pdf,60,KUALANAMU,DELI SERDANG,KNO,89.90,"16,027.20","16,070.40"
20240801031704pdf_1-31 Agustus 2024.pdf,61,TAMPA PADANG,MAMUJU,MJU,92.10,"16,461.27","16,505.64"
20240801031704pdf_1-31 Agustus 2024.pdf,62,F.L. TOBING,PINANGSORI,FLZ,90.80,"16,238.67","16,282.44"
20240801031704pdf_1-31 Agustus 2024.pdf,63,MOZES KILANGIN,TIMIKA,TIM,92.50,"16,539.18","16,583.76"
20240801031704pdf_1-31 Agustus 2024.pdf,64,H.A.S. HANANDJOEDDIN,TANJUNG PANDAN,TJQ,92.20,"16,539.18","16,583.76"
20240801031704pdf_1-31 Agustus 2024.pdf,65,BLIMBINGSARI,BANYUWANGI,BWX,89.90,"16,082.85","16,126.20"
20240801031704pdf_1-31 Agustus 2024.pdf,66,TAMBOLAKA,SUMBA BARAT,TMC,92.60,"16,605.96","16,650.72"
20240801031704pdf_1-31 Agustus 2024.pdf,67,BINAKA,GUNUNGSITOLI,GNS,90.80,"16,238.67","16,282.44"
20240801031704pdf_1-31 Agustus 2024.pdf,68,KULONPROGO,YOGYAKARTA,YIA,90.70,"16,216.41","16,260.12"
20240801031704pdf_1-31 Agustus 2024.pdf,69,KUABANG,HALMAHERA UTARA,KAZ,92.30,"16,539.18","16,583.76"
20240801031704pdf_1-31 Agustus 2024.pdf,70,JENDERAL BESAR SOEDIRMAN,PURBALINGGA,PWL,90.70,"16,216.41","16,260.12"
20240801031704pdf_1-31 Agustus 2024.pdf,71,MATHILDA BATLAYERI,SAUMLAKI,SXK,91.90,"16,539.18","16,583.76"
20240801031704pdf_1-31 Agustus 2024.pdf,72,BUDIARTO,CURUG,BTO,90.40,-,#VALUE!
20240801031704pdf_1-31 Agustus 2024.pdf,73,DHOHO,KEDIRI,DHX,89.00,"15,871.38","15,914.16"
20240901235330pdf_1-30 September 2024.pdf,1,APT PRANOTO,SAMARINDA,AAP,88.20,"15,459.57","15,501.24"
20240901235330pdf_1-30 September 2024.pdf,2,PATTIMURA,AMBON,AMQ,88.80,"15,570.87","15,612.84"
20240901235330pdf_1-30 September 2024.pdf,3,SYAMSUDDIN NOOR,BANJARMASIN,BDJ,88.20,"15,459.57","15,501.24"
20240901235330pdf_1-30 September 2024.pdf,4,HUSEIN SASTRANEGARA,BANDUNG,BDO,86.80,"15,214.71","15,255.72"
20240901235330pdf_1-30 September 2024.pdf,5,FRANS KAISIEPO,BIAK,BIK,88.80,"15,570.87","15,612.84"
20240901235330pdf_1-30 September 2024.pdf,6,FATMAWATI SOEKARNOPUTRI,BENGKULU,BKS,88.60,"15,570.87","15,612.84"
20240901235330pdf_1-30 September 2024.pdf,7,M. SALAHUDDIN,BIMA,BMU,87.20,"15,292.62","15,333.84"
20240901235330pdf_1-30 September 2024.pdf,8,SEPINGGAN,BALIKPAPAN,BPN,85.80,"15,036.63","15,077.16"
20240901235330pdf_1-30 September 2024.pdf,9,HANG NADIM,BATAM,BTH,86.10,"13,590.65","13,631.30"
20240901235330pdf_1-30 September 2024.pdf,10,SULTAN ISKANDAR MUDA,BANDA ACEH,BTJ,87.10,"15,270.36","15,311.52"
20240901235330pdf_1-30 September 2024.pdf,11,SOEKARNO HATTA,CENGKARENG,CGK,75.50,"13,211.31","13,246.92"
20240901235330pdf_1-30 September 2024.pdf,12,TUNGGUL WULUNG,CILACAP,CXP,87.00,"15,248.10","15,289.20"
20240901235330pdf_1-30 September 2024.pdf,13,SULTAN THAHA,JAMBI,DJB,86.10,"15,136.80","15,177.60"
20240901235330pdf_1-30 September 2024.pdf,14,SENTANI,JAYAPURA,DJJ,88.40,"15,448.44","15,490.08"
20240901235330pdf_1-30 September 2024.pdf,15,NGURAH RAI,DENPASAR,DPS,87.20,"15,259.23","15,300.36"
20240901235330pdf_1-30 September 2024.pdf,16,PINANG KAMPAI,DUMAI,DUM,87.10,"15,270.36","15,311.52"
20240901235330pdf_1-30 September 2024.pdf,17,H. AROEBOESMAN,ENDE,ENE,87.20,"15,292.62","15,333.84"
20240901235330pdf_1-30 September 2024.pdf,18,JALALUDDIN,GORONTALO,GTO,88.50,"15,515.22","15,557.04"
20240901235330pdf_1-30 September 2024.pdf,19,HALIM PERDANAKUSUMA,JAKARTA,HLP,82.40,"14,435.61","14,474.52"
20240901235330pdf_1-30 September 2024.pdf,20,ADISUCIPTO,YOGYAKARTA,JOG,87.10,"15,248.10","15,289.20"
20240901235330pdf_1-30 September 2024.pdf,21,WOLTER MONGINSIDI,KENDARI,KDI,88.50,"15,515.22","15,557.04"
20240901235330pdf_1-30 September 2024.pdf,22,UTAROM,KAIMANA,KNG,88.80,"15,570.87","15,612.84"
20240901235330pdf_1-30 September 2024.pdf,23,ELTARI,KUPANG,KOE,85.00,"14,858.55","14,898.60"
20240901235330pdf_1-30 September 2024.pdf,24,LOMBOK INTERNATIONAL,MATARAM,LOP,84.20,"14,758.38","14,798.16"
20240901235330pdf_1-30 September 2024.pdf,25,BUBUNG,LUWUK,LUW,88.50,"15,515.22","15,557.04"
20240901235330pdf_1-30 September 2024.pdf,26,SAM RATULANGI,MANADO,MDC,88.50,"15,448.44","15,490.08"
20240901235330pdf_1-30 September 2024.pdf,27,POLONIA,MEDAN,MES,87.10,"15,270.36","15,311.52"
20240901235330pdf_1-30 September 2024.pdf,28,MOPAH,MERAUKE,MKQ,88.80,"15,570.87","15,612.84"
20240901235330pdf_1-30 September 2024.pdf,29,RENDANI,MANOKWARI,MKW,88.80,"15,570.87","15,612.84"
20240901235330pdf_1-30 September 2024.pdf,30,KERTAJATI,MAJALENGKA,KJT,81.80,"13,211.31","13,246.92"
20240901235330pdf_1-30 September 2024.pdf,31,ABDURACHMAN SALEH,MALANG,MLG,87.30,"15,303.75","15,345.00"
20240901235330pdf_1-30 September 2024.pdf,32,WAI OTI,MAUMERE,MOF,87.20,"15,292.62","15,333.84"
20240901235330pdf_1-30 September 2024.pdf,33,PANIAI,NABIRE,NBX,88.80,"15,570.87","15,612.84"
20240901235330pdf_1-30 September 2024.pdf,34,RANAI,NATUNA,NTX,87.10,"15,270.36","15,311.52"
20240901235330pdf_1-30 September 2024.pdf,35,PONDOK CABE,JAKARTA,PCB,86.80,"15,214.71","15,255.72"
20240901235330pdf_1-30 September 2024.pdf,36,MINANGKABAU,PADANG,PDG,87.10,"15,081.15","15,121.80"
20240901235330pdf_1-30 September 2024.pdf,37,DEPATI AMIR,PANGKAL PINANG,PGK,86.10,"15,092.28","15,132.96"
20240901235330pdf_1-30 September 2024.pdf,38,ISKANDAR,PANGKALAN BUN,PKN,88.20,"15,459.57","15,501.24"
20240901235330pdf_1-30 September 2024.pdf,39,SULTAN SYARIF KASIM II,PEKANBARU,PKU,87.10,"15,270.36","15,311.52"
20240901235330pdf_1-30 September 2024.pdf,40,TJILIK RIWUT,PALANGKARAYA,PKY,88.20,"15,459.57","15,501.24"
20240901235330pdf_1-30 September 2024.pdf,41,SULTAN MAHMUD BADARUDDIN II,PALEMBANG,PLM,"86.10","15,092.28","15,132.96"
20240901235330pdf_1-30 September 2024.pdf,42,MUTIARA,PALU,PLW,88.50,"15,515.22","15,557.04"
20240901235330pdf_1-30 September 2024.pdf,43,SUPADIO,PONTIANAK,PNK,88.20,"15,459.57","15,501.24"
20240901235330pdf_1-30 September 2024.pdf,44,H. ASAN,SAMPIT,SMQ,88.20,"15,459.57","15,501.24"
20240901235330pdf_1-30 September 2024.pdf,45,ADISUMARMO,SOLO,SOC,87.00,"15,248.10","15,289.20"
20240901235330pdf_1-30 September 2024.pdf,46,SORONG DARATAN,SORONG,SOQ,88.80,"15,448.44","15,490.08"
20240901235330pdf_1-30 September 2024.pdf,47,ACHMAD YANI,SEMARANG,SRG,86.80,"15,192.45","15,233.40"
20240901235330pdf_1-30 September 2024.pdf,48,JUANDA,SURABAYA,SUB,85.90,"15,014.37","15,054.84"
20240901235330pdf_1-30 September 2024.pdf,49,RADEN INTEN II,BANDAR LAMPUNG,TKG,84.70,"15,003.24","15,043.68"
20240901235330pdf_1-30 September 2024.pdf,50,KIJANG,TANJUNG PINANG,TNJ,86.50,"15,170.19","15,211.08"
20240901235330pdf_1-30 September 2024.pdf,51,JUWATA,TARAKAN,TRK,88.20,"15,459.57","15,501.24"
20240901235330pdf_1-30 September 2024.pdf,52,BABULLAH,TERNATE,TTE,88.80,"15,570.87","15,612.84"
20240901235330pdf_1-30 September 2024.pdf,53,HASANUDDIN,UJUNG PANDANG,UPG,87.70,"15,326.01","15,367.32"
20240901235330pdf_1-30 September 2024.pdf,54,MAU HAU,WAINGAPU,WGP,87.20,"15,292.62","15,333.84"
20240901235330pdf_1-30 September 2024.pdf,55,ISWAHYUDI,MADIUN,WIAR (ICAO),87.10,"15,303.75","15,345.00"
20240901235330pdf_1-30 September 2024.pdf,56,DUMATUBUN,TUAL,LUV,88.80,"15,570.87","15,612.84"
20240901235330pdf_1-30 September 2024.pdf,57,SILANGIT,SIBORONG-BORONG,DTB,84.20,"14,747.25","14,787.00"
20240901235330pdf_1-30 September 2024.pdf,58,KALIMARAU,BERAU,BEJ,88.20,"15,459.57","15,501.24"
20240901235330pdf_1-30 September 2024.pdf,59,KOMODO,LABUAN BAJO,LBJ,85.30,"14,947.59","14,987.88"
20240901235330pdf_1-30 September 2024.pdf,60,KUALANAMU,DELI SERDANG,KNO,86.20,"15,058.89","15,099.48"
20240901235330pdf_1-30 September 2024.pdf,61,TAMPA PADANG,MAMUJU,MJU,88.40,"15,492.96","15,534.72"
20240901235330pdf_1-30 September 2024.pdf,62,F.L. TOBING,PINANGSORI,FLZ,87.10,"15,270.36","15,311.52"
20240901235330pdf_1-30 September 2024.pdf,63,MOZES KILANGIN,TIMIKA,TIM,88.80,"15,570.87","15,612.84"
20240901235330pdf_1-30 September 2024.pdf,64,H.A.S. HANANDJOEDDIN,TANJUNG PANDAN,TJQ,88.50,"15,559.74","15,601.68"
20240901235330pdf_1-30 September 2024.pdf,65,BLIMBINGSARI,BANYUWANGI,BWX,87.20,"15,292.62","15,333.84"
20240901235330pdf_1-30 September 2024.pdf,66,TAMBOLAKA,SUMBA BARAT,TMC,90.00,"15,815.73","15,858.36"
20240901235330pdf_1-30 September 2024.pdf,67,BINAKA,GUNUNGSITOLI,GNS,87.10,"15,270.36","15,311.52"
20240901235330pdf_1-30 September 2024.pdf,68,KULONPROGO,YOGYAKARTA,YIA,87.00,"15,248.10","15,289.20"
20240901235330pdf_1-30 September 2024.pdf,69,KUABANG,HALMAHERA UTARA,KAZ,88.70,"15,570.87","15,612.84"
20240901235330pdf_1-30 September 2024.pdf,70,JENDERAL BESAR SOEDIRMAN,PURBALINGGA,PWL,87.00,"15,248.10","15,289.20"
20240901235330pdf_1-30 September 2024.pdf,71,MATHILDA BATLAYERI,SAUMLAKI,SXK,88.30,"15,570.87","15,612.84"
20240901235330pdf_1-30 September 2024.pdf,72,BUDIARTO,CURUG,BTO,86.80,-,#VALUE!
20240901235330pdf_1-30 September 2024.pdf,73,DHOHO,KEDIRI,DHX,86.20,"15,081.15","15,121.80"
20241001012600pdf_1-31 Oktober 2024.pdf,1,APT PRANOTO,SAMARINDA,AAP,84.60,"14,290.92","14,329.44"
20241001012600pdf_1-31 Oktober 2024.pdf,2,PATTIMURA,AMBON,AMQ,85.30,"14,424.48","14,463.36"
20241001012600pdf_1-31 Oktober 2024.pdf,3,SYAMSUDDIN NOOR,BANJARMASIN,BDJ,84.60,"14,290.92","14,329.44"
20241001012600pdf_1-31 Oktober 2024.pdf,4,HUSEIN SASTRANEGARA,BANDUNG,BDO,83.20,"14,057.19","14,095.08"
20241001012600pdf_1-31 Oktober 2024.pdf,5,FRANS KAISIEPO,BIAK,BIK,85.30,"14,413.35","14,452.20"
20241001012600pdf_1-31 Oktober 2024.pdf,6,FATMAWATI SOEKARNOPUTRI,BENGKULU,BKS,85.00,"14,391.09","14,429.88"
20241001012600pdf_1-31 Oktober 2024.pdf,7,M. SALAHUDDIN,BIMA,BMU,83.60,"14,135.10","14,173.20"
20241001012600pdf_1-31 Oktober 2024.pdf,8,SEPINGGAN,BALIKPAPAN,BPN,82.20,"13,867.98","13,905.36"
20241001012600pdf_1-31 Oktober 2024.pdf,9,HANG NADIM,BATAM,BTH,82.50,"12,547.53","12,585.06"
20241001012600pdf_1-31 Oktober 2024.pdf,10,SULTAN ISKANDAR MUDA,BANDA ACEH,BTJ,83.50,"14,101.71","14,139.72"
20241001012600pdf_1-31 Oktober 2024.pdf,11,SOEKARNO HATTA,CENGKARENG,CGK,71.50,"12,053.79","12,086.28"
20241001012600pdf_1-31 Oktober 2024.pdf,12,TUNGGUL WULUNG,CILACAP,CXP,83.40,"14,090.58","14,128.56"
20241001012600pdf_1-31 Oktober 2024.pdf,13,SULTAN THAHA,JAMBI,DJB,82.50,"13,979.28","14,016.96"
20241001012600pdf_1-31 Oktober 2024.pdf,14,SENTANI,JAYAPURA,DJJ,84.90,"14,290.92","14,329.44"
20241001012600pdf_1-31 Oktober 2024.pdf,15,NGURAH RAI,DENPASAR,DPS,83.60,"14,090.58","14,128.56"
20241001012600pdf_1-31 Oktober 2024.pdf,16,PINANG KAMPAI,DUMAI,DUM,83.50,"14,101.71","14,139.72"
20241001012600pdf_1-31 Oktober 2024.pdf,17,H. AROEBOESMAN,ENDE,ENE,83.60,"14,135.10","14,173.20"
20241001012600pdf_1-31 Oktober 2024.pdf,18,JALALUDDIN,GORONTALO,GTO,84.90,"14,357.70","14,396.40"
20241001012600pdf_1-31 Oktober 2024.pdf,19,HALIM PERDANAKUSUMA,JAKARTA,HLP,78.70,"13,278.09","13,313.88"
20241001012600pdf_1-31 Oktober 2024.pdf,20,ADISUCIPTO,YOGYAKARTA,JOG,83.50,"14,090.58","14,128.56"
20241001012600pdf_1-31 Oktober 2024.pdf,21,WOLTER MONGINSIDI,KENDARI,KDI,84.90,"14,357.70","14,396.40"
20241001012600pdf_1-31 Oktober 2024.pdf,22,UTAROM,KAIMANA,KNG,85.30,"14,413.35","14,452.20"
20241001012600pdf_1-31 Oktober 2024.pdf,23,ELTARI,KUPANG,KOE,81.30,"13,701.03","13,737.96"
20241001012600pdf_1-31 Oktober 2024.pdf,24,LOMBOK INTERNATIONAL,MATARAM,LOP,80.60,"13,611.99","13,648.68"
20241001012600pdf_1-31 Oktober 2024.pdf,25,BUBUNG,LUWUK,LUW,84.90,"14,357.70","14,396.40"
20241001012600pdf_1-31 Oktober 2024.pdf,26,SAM RATULANGI,MANADO,MDC,84.90,"14,290.92","14,329.44"
20241001012600pdf_1-31 Oktober 2024.pdf,27,POLONIA,MEDAN,MES,83.50,"14,101.71","14,139.72"
20241001012600pdf_1-31 Oktober 2024.pdf,28,MOPAH,MERAUKE,MKQ,85.30,"14,413.35","14,452.20"
20241001012600pdf_1-31 Oktober 2024.pdf,29,RENDANI,MANOKWARI,MKW,85.30,"14,413.35","14,452.20"
20241001012600pdf_1-31 Oktober 2024.pdf,30,KERTAJATI,MAJALENGKA,KJT,78.00,"12,053.79","12,086.28"
20241001012600pdf_1-31 Oktober 2024.pdf,31,ABDURACHMAN SALEH,MALANG,MLG,83.70,"14,146.23","14,184.36"
20241001012600pdf_1-31 Oktober 2024.pdf,32,WAI OTI,MAUMERE,MOF,83.60,"14,135.10","14,173.20"
20241001012600pdf_1-31 Oktober 2024.pdf,33,PANIAI,NABIRE,NBX,85.30,"14,424.48","14,463.36"
20241001012600pdf_1-31 Oktober 2024.pdf,34,RANAI,NATUNA,NTX,83.50,"14,101.71","14,139.72"
20241001012600pdf_1-31 Oktober 2024.pdf,35,PONDOK CABE,JAKARTA,PCB,83.20,"14,068.32","14,106.24"
20241001012600pdf_1-31 Oktober 2024.pdf,36,MINANGKABAU,PADANG,PDG,83.50,"13,923.63","13,961.16"
20241001012600pdf_1-31 Oktober 2024.pdf,37,DEPATI AMIR,PANGKAL PINANG,PGK,82.40,"13,923.63","13,961.16"
20241001012600pdf_1-31 Oktober 2024.pdf,38,ISKANDAR,PANGKALAN BUN,PKN,84.60,"14,290.92","14,329.44"
20241001012600pdf_1-31 Oktober 2024.pdf,39,SULTAN SYARIF KASIM II,PEKANBARU,PKU,83.50,"14,101.71","14,139.72"
20241001012600pdf_1-31 Oktober 2024.pdf,40,TJILIK RIWUT,PALANGKARAYA,PKY,84.60,"14,290.92","14,329.44"
20241001012600pdf_1-31 Oktober 2024.pdf,41,SULTAN MAHMUD BADARUDDIN II,PALEMBANG,PLM,"82.40","13,923.63","13,961.16"
20241001012600pdf_1-31 Oktober 2024.pdf,42,MUTIARA,PALU,PLW,84.90,"14,357.70","14,396.40"
20241001012600pdf_1-31 Oktober 2024.pdf,43,SUPADIO,PONTIANAK,PNK,84.60,"14,290.92","14,329.44"
20241001012600pdf_1-31 Oktober 2024.pdf,44,H. ASAN,SAMPIT,SMQ,84.60,"14,290.92","14,329.44"
20241001012600pdf_1-31 Oktober 2024.pdf,45,ADISUMARMO,SOLO,SOC,83.40,"14,090.58","14,128.56"
20241001012600pdf_1-31 Oktober 2024.pdf,46,SORONG DARATAN,SORONG,SOQ,85.30,"14,290.92","14,329.44"
20241001012600pdf_1-31 Oktober 2024.pdf,47,ACHMAD YANI,SEMARANG,SRG,83.20,"14,034.93","14,072.76"
20241001012600pdf_1-31 Oktober 2024.pdf,48,JUANDA,SURABAYA,SUB,82.20,"13,856.85","13,894.20"
20241001012600pdf_1-31 Oktober 2024.pdf,49,RADEN INTEN II,BANDAR LAMPUNG,TKG,81.10,"13,834.59","13,871.88"
20241001012600pdf_1-31 Oktober 2024.pdf,50,KIJANG,TANJUNG PINANG,TNJ,82.90,"14,012.67","14,050.44"
20241001012600pdf_1-31 Oktober 2024.pdf,51,JUWATA,TARAKAN,TRK,84.60,"14,290.92","14,329.44"
20241001012600pdf_1-31 Oktober 2024.pdf,52,BABULLAH,TERNATE,TTE,85.30,"14,413.35","14,452.20"
20241001012600pdf_1-31 Oktober 2024.pdf,53,HASANUDDIN,UJUNG PANDANG,UPG,84.10,"14,179.62","14,217.84"
20241001012600pdf_1-31 Oktober 2024.pdf,54,MAU HAU,WAINGAPU,WGP,83.60,"14,135.10","14,173.20"
20241001012600pdf_1-31 Oktober 2024.pdf,55,ISWAHYUDI,MADIUN,WIAR (ICAO),83.50,"14,146.23","14,184.36"
20241001012600pdf_1-31 Oktober 2024.pdf,56,DUMATUBUN,TUAL,LUV,85.30,"14,424.48","14,463.36"
20241001012600pdf_1-31 Oktober 2024.pdf,57,SILANGIT,SIBORONG-BORONG,DTB,80.50,"13,600.86","13,637.52"
20241001012600pdf_1-31 Oktober 2024.pdf,58,KALIMARAU,BERAU,BEJ,84.60,"14,290.92","14,329.44"
20241001012600pdf_1-31 Oktober 2024.pdf,59,KOMODO,LABUAN BAJO,LBJ,81.70,"13,801.20","13,838.40"
20241001012600pdf_1-31 Oktober 2024.pdf,60,KUALANAMU,DELI SERDANG,KNO,82.60,"13,901.37","13,938.84"
20241001012600pdf_1-31 Oktober 2024.pdf,61,TAMPA PADANG,MAMUJU,MJU,84.90,"14,335.44","14,374.08"
20241001012600pdf_1-31 Oktober 2024.pdf,62,F.L. TOBING,PINANGSORI,FLZ,83.50,"14,101.71","14,139.72"
20241001012600pdf_1-31 Oktober 2024.pdf,63,MOZES KILANGIN,TIMIKA,TIM,85.30,"14,413.35","14,452.20"
20241001012600pdf_1-31 Oktober 2024.pdf,64,H.A.S. HANANDJOEDDIN,TANJUNG PANDAN,TJQ,85.00,"14,391.09","14,429.88"
20241001012600pdf_1-31 Oktober 2024.pdf,65,BLIMBINGSARI,BANYUWANGI,BWX,83.60,"14,135.10","14,173.20"
20241001012600pdf_1-31 Oktober 2024.pdf,66,TAMBOLAKA,SUMBA BARAT,TMC,86.50,"14,647.08","14,686.56"
20241001012600pdf_1-31 Oktober 2024.pdf,67,BINAKA,GUNUNGSITOLI,GNS,83.50,"14,101.71","14,139.72"
20241001012600pdf_1-31 Oktober 2024.pdf,68,KULONPROGO,YOGYAKARTA,YIA,83.40,"14,090.58","14,128.56"
20241001012600pdf_1-31 Oktober 2024.pdf,69,KUABANG,HALMAHERA UTARA,KAZ,85.20,"14,424.48","14,463.36"
20241001012600pdf_1-31 Oktober 2024.pdf,70,JENDERAL BESAR SOEDIRMAN,PURBALINGGA,PWL,83.40,"14,090.58","14,128.56"
20241001012600pdf_1-31 Oktober 2024.pdf,71,MATHILDA BATLAYERI,SAUMLAKI,SXK,84.80,"14,424.48","14,463.36"
20241001012600pdf_1-31 Oktober 2024.pdf,72,BUDIARTO,CURUG,BTO,83.30,-,#VALUE!
20241001012600pdf_1-31 Oktober 2024.pdf,73,DHOHO,KEDIRI,DHX,82.60,"13,923.63","13,961.16"
20241101064317pdf_1-30 November 2024.pdf,1,APT PRANOTO,SAMARINDA,AAP,85.60,"14,491.26","14,530.32"
20241101064317pdf_1-30 November 2024.pdf,2,PATTIMURA,AMBON,AMQ,86.30,"14,624.82","14,664.24"
20241101064317pdf_1-30 November 2024.pdf,3,SYAMSUDDIN NOOR,BANJARMASIN,BDJ,85.60,"14,491.26","14,530.32"
20241101064317pdf_1-30 November 2024.pdf,4,HUSEIN SASTRANEGARA,BANDUNG,BDO,84.30,"14,268.66","14,307.12"
20241101064317pdf_1-30 November 2024.pdf,5,FRANS KAISIEPO,BIAK,BIK,86.30,"14,613.69","14,653.08"
20241101064317pdf_1-30 November 2024.pdf,6,FATMAWATI SOEKARNOPUTRI,BENGKULU,BKS,86.00,"14,591.43","14,630.76"
20241101064317pdf_1-30 November 2024.pdf,7,M. SALAHUDDIN,BIMA,BMU,84.70,"14,335.44","14,374.08"
20241101064317pdf_1-30 November 2024.pdf,8,SEPINGGAN,BALIKPAPAN,BPN,83.20,"14,068.32","14,106.24"
20241101064317pdf_1-30 November 2024.pdf,9,HANG NADIM,BATAM,BTH,83.50,"12,738.10","12,776.20"
20241101064317pdf_1-30 November 2024.pdf,10,SULTAN ISKANDAR MUDA,BANDA ACEH,BTJ,84.50,"14,302.05","14,340.60"
20241101064317pdf_1-30 November 2024.pdf,11,SOEKARNO HATTA,CENGKARENG,CGK,72.60,"12,265.26","12,298.32"
20241101064317pdf_1-30 November 2024.pdf,12,TUNGGUL WULUNG,CILACAP,CXP,84.50,"14,302.05","14,340.60"
20241101064317pdf_1-30 November 2024.pdf,13,SULTAN THAHA,JAMBI,DJB,83.60,"14,179.62","14,217.84"
20241101064317pdf_1-30 November 2024.pdf,14,SENTANI,JAYAPURA,DJJ,85.90,"14,502.39","14,541.48"
20241101064317pdf_1-30 November 2024.pdf,15,NGURAH RAI,DENPASAR,DPS,84.70,"14,302.05","14,340.60"
20241101064317pdf_1-30 November 2024.pdf,16,PINANG KAMPAI,DUMAI,DUM,84.50,"14,302.05","14,340.60"
20241101064317pdf_1-30 November 2024.pdf,17,H. AROEBOESMAN,ENDE,ENE,84.70,"14,335.44","14,374.08"
20241101064317pdf_1-30 November 2024.pdf,18,JALALUDDIN,GORONTALO,GTO,86.00,"14,558.04","14,597.28"
20241101064317pdf_1-30 November 2024.pdf,19,HALIM PERDANAKUSUMA,JAKARTA,HLP,79.70,"13,489.56","13,525.92"
20241101064317pdf_1-30 November 2024.pdf,20,ADISUCIPTO,YOGYAKARTA,JOG,84.50,"14,302.05","14,340.60"
20241101064317pdf_1-30 November 2024.pdf,21,WOLTER MONGINSIDI,KENDARI,KDI,86.00,"14,558.04","14,597.28"
20241101064317pdf_1-30 November 2024.pdf,22,UTAROM,KAIMANA,KNG,86.30,"14,613.69","14,653.08"
20241101064317pdf_1-30 November 2024.pdf,23,ELTARI,KUPANG,KOE,82.40,"13,901.37","13,938.84"
20241101064317pdf_1-30 November 2024.pdf,24,LOMBOK INTERNATIONAL,MATARAM,LOP,81.70,"13,823.46","13,860.72"
20241101064317pdf_1-30 November 2024.pdf,25,BUBUNG,LUWUK,LUW,86.00,"14,558.04","14,597.28"
20241101064317pdf_1-30 November 2024.pdf,26,SAM RATULANGI,MANADO,MDC,86.00,"14,502.39","14,541.48"
20241101064317pdf_1-30 November 2024.pdf,27,POLONIA,MEDAN,MES,84.50,"14,302.05","14,340.60"
20241101064317pdf_1-30 November 2024.pdf,28,MOPAH,MERAUKE,MKQ,86.30,"14,613.69","14,653.08"
20241101064317pdf_1-30 November 2024.pdf,29,RENDANI,MANOKWARI,MKW,86.30,"14,613.69","14,653.08"
20241101064317pdf_1-30 November 2024.pdf,30,KERTAJATI,MAJALENGKA,KJT,79.10,"12,265.26","12,298.32"
20241101064317pdf_1-30 November 2024.pdf,31,ABDURACHMAN SALEH,MALANG,MLG,84.70,"14,346.57","14,385.24"
20241101064317pdf_1-30 November 2024.pdf,32,WAI OTI,MAUMERE,MOF,84.70,"14,335.44","14,374.08"
20241101064317pdf_1-30 November 2024.pdf,33,PANIAI,NABIRE,NBX,86.30,"14,624.82","14,664.24"
20241101064317pdf_1-30 November 2024.pdf,34,RANAI,NATUNA,NTX,84.50,"14,302.05","14,340.60"
20241101064317pdf_1-30 November 2024.pdf,35,PONDOK CABE,JAKARTA,PCB,84.30,"14,268.66","14,307.12"
20241101064317pdf_1-30 November 2024.pdf,36,MINANGKABAU,PADANG,PDG,84.50,"14,135.10","14,173.20"
20241101064317pdf_1-30 November 2024.pdf,37,DEPATI AMIR,PANGKAL PINANG,PGK,83.40,"14,123.97","14,162.04"
20241101064317pdf_1-30 November 2024.pdf,38,ISKANDAR,PANGKALAN BUN,PKN,85.60,"14,491.26","14,530.32"
20241101064317pdf_1-30 November 2024.pdf,39,SULTAN SYARIF KASIM II,PEKANBARU,PKU,84.50,"14,302.05","14,340.60"
20241101064317pdf_1-30 November 2024.pdf,40,TJILIK RIWUT,PALANGKARAYA,PKY,85.60,"14,491.26","14,530.32"
20241101064317pdf_1-30 November 2024.pdf,41,SULTAN MAHMUD BADARUDDIN II,PALEMBANG,PLM,"83.40","14,123.97","14,162.04"
20241101064317pdf_1-30 November 2024.pdf,42,MUTIARA,PALU,PLW,86.00,"14,558.04","14,597.28"
20241101064317pdf_1-30 November 2024.pdf,43,SUPADIO,PONTIANAK,PNK,85.60,"14,491.26","14,530.32"
20241101064317pdf_1-30 November 2024.pdf,44,H. ASAN,SAMPIT,SMQ,85.60,"14,491.26","14,530.32"
20241101064317pdf_1-30 November 2024.pdf,45,ADISUMARMO,SOLO,SOC,84.50,"14,302.05","14,340.60"
20241101064317pdf_1-30 November 2024.pdf,46,SORONG DARATAN,SORONG,SOQ,86.30,"14,502.39","14,541.48"
20241101064317pdf_1-30 November 2024.pdf,47,ACHMAD YANI,SEMARANG,SRG,84.20,"14,246.40","14,284.80"
20241101064317pdf_1-30 November 2024.pdf,48,JUANDA,SURABAYA,SUB,83.30,"14,057.19","14,095.08"
20241101064317pdf_1-30 November 2024.pdf,49,RADEN INTEN II,BANDAR LAMPUNG,TKG,82.10,"14,034.93","14,072.76"
20241101064317pdf_1-30 November 2024.pdf,50,KIJANG,TANJUNG PINANG,TNJ,83.90,"14,224.14","14,262.48"
20241101064317pdf_1-30 November 2024.pdf,51,JUWATA,TARAKAN,TRK,85.60,"14,491.26","14,530.32"
20241101064317pdf_1-30 November 2024.pdf,52,BABULLAH,TERNATE,TTE,86.30,"14,613.69","14,653.08"
20241101064317pdf_1-30 November 2024.pdf,53,HASANUDDIN,UJUNG PANDANG,UPG,85.20,"14,379.96","14,418.72"
20241101064317pdf_1-30 November 2024.pdf,54,MAU HAU,WAINGAPU,WGP,84.70,"14,335.44","14,374.08"
20241101064317pdf_1-30 November 2024.pdf,55,ISWAHYUDI,MADIUN,WIAR (ICAO),84.60,"14,346.57","14,385.24"
20241101064317pdf_1-30 November 2024.pdf,56,DUMATUBUN,TUAL,LUV,86.30,"14,624.82","14,664.24"
20241101064317pdf_1-30 November 2024.pdf,57,SILANGIT,SIBORONG-BORONG,DTB,81.60,"13,812.33","13,849.56"
20241101064317pdf_1-30 November 2024.pdf,58,KALIMARAU,BERAU,BEJ,85.60,"14,491.26","14,530.32"
20241101064317pdf_1-30 November 2024.pdf,59,KOMODO,LABUAN BAJO,LBJ,82.80,"14,012.67","14,050.44"
20241101064317pdf_1-30 November 2024.pdf,60,KUALANAMU,DELI SERDANG,KNO,83.60,"14,112.84","14,150.88"
20241101064317pdf_1-30 November 2024.pdf,61,TAMPA PADANG,MAMUJU,MJU,86.00,"14,546.91","14,586.12"
20241101064317pdf_1-30 November 2024.pdf,62,F.L. TOBING,PINANGSORI,FLZ,84.50,"14,302.05","14,340.60"
20241101064317pdf_1-30 November 2024.pdf,63,MOZES KILANGIN,TIMIKA,TIM,86.30,"14,613.69","14,653.08"
20241101064317pdf_1-30 November 2024.pdf,64,H.A.S. HANANDJOEDDIN,TANJUNG PANDAN,TJQ,86.00,"14,602.56","14,641.92"
20241101064317pdf_1-30 November 2024.pdf,65,BLIMBINGSARI,BANYUWANGI,BWX,84.70,"14,335.44","14,374.08"
20241101064317pdf_1-30 November 2024.pdf,66,TAMBOLAKA,SUMBA BARAT,TMC,87.50,"14,858.55","14,898.60"
20241101064317pdf_1-30 November 2024.pdf,67,BINAKA,GUNUNGSITOLI,GNS,84.50,"14,302.05","14,340.60"
20241101064317pdf_1-30 November 2024.pdf,68,KULONPROGO,YOGYAKARTA,YIA,84.40,"14,302.05","14,340.60"
20241101064317pdf_1-30 November 2024.pdf,69,KUABANG,HALMAHERA UTARA,KAZ,86.20,"14,624.82","14,664.24"
20241101064317pdf_1-30 November 2024.pdf,70,JENDERAL BESAR SOEDIRMAN,PURBALINGGA,PWL,84.50,"14,302.05","14,340.60"
20241101064317pdf_1-30 November 2024.pdf,71,MATHILDA BATLAYERI,SAUMLAKI,SXK,85.80,"14,624.82","14,664.24"
20241101064317pdf_1-30 November 2024.pdf,72,BUDIARTO,CURUG,BTO,84.30,-,#VALUE!
20241101064317pdf_1-30 November 2024.pdf,73,DHOHO,KEDIRI,DHX,83.60,"14,123.97","14,162.04"
20241202003923pdf_1-31 Desember 2024.pdf,1,APT PRANOTO,SAMARINDA,AAP,86.30,"14,914.20","14,954.40"
20241202003923pdf_1-31 Desember 2024.pdf,2,PATTIMURA,AMBON,AMQ,86.90,"15,047.76","15,088.32"
20241202003923pdf_1-31 Desember 2024.pdf,3,SYAMSUDDIN NOOR,BANJARMASIN,BDJ,86.30,"14,914.20","14,954.40"
20241202003923pdf_1-31 Desember 2024.pdf,4,HUSEIN SASTRANEGARA,BANDUNG,BDO,85.00,"14,691.60","14,731.20"
20241202003923pdf_1-31 Desember 2024.pdf,5,FRANS KAISIEPO,BIAK,BIK,86.90,"15,036.63","15,077.16"
20241202003923pdf_1-31 Desember 2024.pdf,6,FATMAWATI SOEKARNOPUTRI,BENGKULU,BKS,86.60,"15,014.37","15,054.84"
20241202003923pdf_1-31 Desember 2024.pdf,7,M. SALAHUDDIN,BIMA,BMU,85.30,"14,758.38","14,798.16"
20241202003923pdf_1-31 Desember 2024.pdf,8,SEPINGGAN,BALIKPAPAN,BPN,83.90,"14,491.26","14,530.32"
20241202003923pdf_1-31 Desember 2024.pdf,9,HANG NADIM,BATAM,BTH,84.20,"13,119.24","13,158.48"
20241202003923pdf_1-31 Desember 2024.pdf,10,SULTAN ISKANDAR MUDA,BANDA ACEH,BTJ,85.20,"14,724.99","14,764.68"
20241202003923pdf_1-31 Desember 2024.pdf,11,SOEKARNO HATTA,CENGKARENG,CGK,73.50,"12,688.20","12,722.40"
20241202003923pdf_1-31 Desember 2024.pdf,12,TUNGGUL WULUNG,CILACAP,CXP,85.20,"14,724.99","14,764.68"
20241202003923pdf_1-31 Desember 2024.pdf,13,SULTAN THAHA,JAMBI,DJB,84.20,"14,602.56","14,641.92"
20241202003923pdf_1-31 Desember 2024.pdf,14,SENTANI,JAYAPURA,DJJ,86.60,"14,925.33","14,965.56"
20241202003923pdf_1-31 Desember 2024.pdf,15,NGURAH RAI,DENPASAR,DPS,85.30,"14,724.99","14,764.68"
20241202003923pdf_1-31 Desember 2024.pdf,16,PINANG KAMPAI,DUMAI,DUM,85.20,"14,724.99","14,764.68"
20241202003923pdf_1-31 Desember 2024.pdf,17,H. AROEBOESMAN,ENDE,ENE,85.30,"14,758.38","14,798.16"
20241202003923pdf_1-31 Desember 2024.pdf,18,JALALUDDIN,GORONTALO,GTO,86.60,"14,980.98","15,021.36"
20241202003923pdf_1-31 Desember 2024.pdf,19,HALIM PERDANAKUSUMA,JAKARTA,HLP,80.50,"13,912.50","13,950.00"
20241202003923pdf_1-31 Desember 2024.pdf,20,ADISUCIPTO,YOGYAKARTA,JOG,85.20,"14,724.99","14,764.68"
20241202003923pdf_1-31 Desember 2024.pdf,21,WOLTER MONGINSIDI,KENDARI,KDI,86.60,"14,980.98","15,021.36"
20241202003923pdf_1-31 Desember 2024.pdf,22,UTAROM,KAIMANA,KNG,86.90,"15,036.63","15,077.16"
20241202003923pdf_1-31 Desember 2024.pdf,23,ELTARI,KUPANG,KOE,83.10,"14,324.31","14,362.92"
20241202003923pdf_1-31 Desember 2024.pdf,24,LOMBOK INTERNATIONAL,MATARAM,LOP,82.40,"14,246.40","14,284.80"
20241202003923pdf_1-31 Desember 2024.pdf,25,BUBUNG,LUWUK,LUW,86.60,"14,980.98","15,021.36"
20241202003923pdf_1-31 Desember 2024.pdf,26,SAM RATULANGI,MANADO,MDC,86.60,"14,925.33","14,965.56"
20241202003923pdf_1-31 Desember 2024.pdf,27,POLONIA,MEDAN,MES,85.20,"14,724.99","14,764.68"
20241202003923pdf_1-31 Desember 2024.pdf,28,MOPAH,MERAUKE,MKQ,86.90,"15,036.63","15,077.16"
20241202003923pdf_1-31 Desember 2024.pdf,29,RENDANI,MANOKWARI,MKW,86.90,"15,036.63","15,077.16"
20241202003923pdf_1-31 Desember 2024.pdf,30,KERTAJATI,MAJALENGKA,KJT,79.90,"12,688.20","12,722.40"
20241202003923pdf_1-31 Desember 2024.pdf,31,ABDURACHMAN SALEH,MALANG,MLG,85.40,"14,769.51","14,809.32"
20241202003923pdf_1-31 Desember 2024.pdf,32,WAI OTI,MAUMERE,MOF,85.30,"14,758.38","14,798.16"
20241202003923pdf_1-31 Desember 2024.pdf,33,PANIAI,NABIRE,NBX,86.90,"15,047.76","15,088.32"
20241202003923pdf_1-31 Desember 2024.pdf,34,RANAI,NATUNA,NTX,85.20,"14,724.99","14,764.68"
20241202003923pdf_1-31 Desember 2024.pdf,35,PONDOK CABE,JAKARTA,PCB,85.00,"14,691.60","14,731.20"
20241202003923pdf_1-31 Desember 2024.pdf,36,MINANGKABAU,PADANG,PDG,85.20,"14,558.04","14,597.28"
20241202003923pdf_1-31 Desember 2024.pdf,37,DEPATI AMIR,PANGKAL PINANG,PGK,84.10,"14,546.91","14,586.12"
20241202003923pdf_1-31 Desember 2024.pdf,38,ISKANDAR,PANGKALAN BUN,PKN,86.30,"14,914.20","14,954.40"
20241202003923pdf_1-31 Desember 2024.pdf,39,SULTAN SYARIF KASIM II,PEKANBARU,PKU,85.20,"14,724.99","14,764.68"
20241202003923pdf_1-31 Desember 2024.pdf,40,TJILIK RIWUT,PALANGKARAYA,PKY,86.30,"14,914.20","14,954.40"
20241202003923pdf_1-31 Desember 2024.pdf,41,SULTAN MAHMUD BADARUDDIN II,PALEMBANG,PLM,"84.10","14,546.91","14,586.12"
20241202003923pdf_1-31 Desember 2024.pdf,42,MUTIARA,PALU,PLW,86.60,"14,980.98","15,021.36"
20241202003923pdf_1-31 Desember 2024.pdf,43,SUPADIO,PONTIANAK,PNK,86.30,"14,914.20","14,954.40"
20241202003923pdf_1-31 Desember 2024.pdf,44,H. ASAN,SAMPIT,SMQ,86.30,"14,914.20","14,954.40"
20241202003923pdf_1-31 Desember 2024.pdf,45,ADISUMARMO,SOLO,SOC,85.20,"14,724.99","14,764.68"
20241202003923pdf_1-31 Desember 2024.pdf,46,SORONG DARATAN,SORONG,SOQ,86.90,"14,925.33","14,965.56"
20241202003923pdf_1-31 Desember 2024.pdf,47,ACHMAD YANI,SEMARANG,SRG,84.90,"14,669.34","14,708.88"
20241202003923pdf_1-31 Desember 2024.pdf,48,JUANDA,SURABAYA,SUB,84.00,"14,480.13","14,519.16"
20241202003923pdf_1-31 Desember 2024.pdf,49,RADEN INTEN II,BANDAR LAMPUNG,TKG,82.80,"14,457.87","14,496.84"
20241202003923pdf_1-31 Desember 2024.pdf,50,KIJANG,TANJUNG PINANG,TNJ,84.60,"14,647.08","14,686.56"
20241202003923pdf_1-31 Desember 2024.pdf,51,JUWATA,TARAKAN,TRK,86.30,"14,914.20","14,954.40"
20241202003923pdf_1-31 Desember 2024.pdf,52,BABULLAH,TERNATE,TTE,86.90,"15,036.63","15,077.16"
20241202003923pdf_1-31 Desember 2024.pdf,53,HASANUDDIN,UJUNG PANDANG,UPG,85.80,"14,802.90","14,842.80"
20241202003923pdf_1-31 Desember 2024.pdf,54,MAU HAU,WAINGAPU,WGP,85.30,"14,758.38","14,798.16"
20241202003923pdf_1-31 Desember 2024.pdf,55,ISWAHYUDI,MADIUN,WIAR (ICAO),85.30,"14,769.51","14,809.32"
20241202003923pdf_1-31 Desember 2024.pdf,56,DUMATUBUN,TUAL,LUV,86.90,"15,047.76","15,088.32"
20241202003923pdf_1-31 Desember 2024.pdf,57,SILANGIT,SIBORONG-BORONG,DTB,82.30,"14,235.27","14,273.64"
20241202003923pdf_1-31 Desember 2024.pdf,58,KALIMARAU,BERAU,BEJ,86.30,"14,914.20","14,954.40"
20241202003923pdf_1-31 Desember 2024.pdf,59,KOMODO,LABUAN BAJO,LBJ,83.50,"14,435.61","14,474.52"
20241202003923pdf_1-31 Desember 2024.pdf,60,KUALANAMU,DELI SERDANG,KNO,84.30,"14,535.78","14,574.96"
20241202003923pdf_1-31 Desember 2024.pdf,61,TAMPA PADANG,MAMUJU,MJU,86.60,"14,969.85","15,010.20"
20241202003923pdf_1-31 Desember 2024.pdf,62,F.L. TOBING,PINANGSORI,FLZ,85.20,"14,724.99","14,764.68"
20241202003923pdf_1-31 Desember 2024.pdf,63,MOZES KILANGIN,TIMIKA,TIM,86.90,"15,036.63","15,077.16"
20241202003923pdf_1-31 Desember 2024.pdf,64,H.A.S. HANANDJOEDDIN,TANJUNG PANDAN,TJQ,86.70,"15,025.50","15,066.00"
20241202003923pdf_1-31 Desember 2024.pdf,65,BLIMBINGSARI,BANYUWANGI,BWX,85.30,"14,758.38","14,798.16"
20241202003923pdf_1-31 Desember 2024.pdf,66,TAMBOLAKA,SUMBA BARAT,TMC,86.60,"15,025.50","15,066.00"
20241202003923pdf_1-31 Desember 2024.pdf,67,BINAKA,GUNUNGSITOLI,GNS,85.20,"14,724.99","14,764.68"
20241202003923pdf_1-31 Desember 2024.pdf,68,KULONPROGO,YOGYAKARTA,YIA,85.10,"14,724.99","14,764.68"
20241202003923pdf_1-31 Desember 2024.pdf,69,KUABANG,HALMAHERA UTARA,KAZ,86.80,"15,047.76","15,088.32"
20241202003923pdf_1-31 Desember 2024.pdf,70,JENDERAL BESAR SOEDIRMAN,PURBALINGGA,PWL,85.20,"14,724.99","14,764.68"
20241202003923pdf_1-31 Desember 2024.pdf,71,MATHILDA BATLAYERI,SAUMLAKI,SXK,86.40,"15,047.76","15,088.32"
20241202003923pdf_1-31 Desember 2024.pdf,72,BUDIARTO,CURUG,BTO,85.00,-,#VALUE!
20241202003923pdf_1-31 Desember 2024.pdf,73,DHOHO,KEDIRI,DHX,84.30,"14,546.91","14,586.12"