Year,Month,No,Location,City,IATA_Code,International_Flight_Price_USCents_Liter,Domestic_Flight_Price_Into_Plane_Rp_Liter,Domestic_Flight_Price_One_Time_Customer_Rp_Liter
2024,01,1,APT PRANOTO,SAMARINDA,AAP,91.40,"15,570.87","15,612.84"
2024,01,2,PATTIMURA,AMBON,AMQ,93.20,"16,016.07","16,059.24"
2024,01,3,SYAMSUDDIN NOOR,BANJARMASIN,BDJ,91.40,"15,570.87","15,612.84"
2024,01,4,HUSEIN SASTRANEGARA,BANDUNG,BDO,91.10,"15,515.22","15,557.04"
2024,01,5,FRANS KAISIEPO,BIAK,BIK,93.20,"15,882.51","15,925.32"
2024,01,6,FATMAWATI SOEKARNOPUTRI,BENGKULU,BKS,90.80,"15,515.22","15,557.04"
2024,01,7,M. SALAHUDDIN,BIMA,BMU,90.90,"15,492.96","15,534.72"
2024,01,8,SEPINGGAN,BALIKPAPAN,BPN,90.50,"15,403.92","15,445.44"
2024,01,9,HANG NADIM,BATAM,BTH,90.80,"13,931.67","13,973.34"
2024,01,10,SULTAN ISKANDAR MUDA,BANDA ACEH,BTJ,90.80,"15,459.57","15,501.24"
2024,01,11,SOEKARNO HATTA,CENGKARENG,CGK,79.50,"13,511.82","13,548.24"
2024,01,12,TUNGGUL WULUNG,CILACAP,CXP,91.70,"15,626.52","15,668.64"
2024,01,13,SULTAN THAHA,JAMBI,DJB,90.80,"15,515.22","15,557.04"
2024,01,14,SENTANI,JAYAPURA,DJJ,93.50,"15,882.51","15,925.32"
2024,01,15,NGURAH RAI,DENPASAR,DPS,89.60,"15,236.97","15,278.04"
2024,01,16,PINANG KAMPAI,DUMAI,DUM,90.80,"15,459.57","15,501.24"
2024,01,17,H. AROEBOESMAN,ENDE,ENE,90.90,"15,492.96","15,534.72"
2024,01,18,JALALUDDIN,GORONTALO,GTO,92.90,"15,826.86","15,869.52"
2024,01,19,HALIM PERDANAKUSUMA,JAKARTA,HLP,86.50,"14,736.12","14,775.84"
2024,01,20,ADISUCIPTO,YOGYAKARTA,JOG,91.80,"15,626.52","15,668.64"
2024,01,21,WOLTER MONGINSIDI,KENDARI,KDI,92.90,"15,826.86","15,869.52"
2024,01,22,UTAROM,KAIMANA,KNG,93.20,"15,882.51","15,925.32"
2024,01,23,ELTARI,KUPANG,KOE,88.70,"15,058.89","15,099.48"
2024,01,24,LOMBOK INTERNATIONAL,MATARAM,LOP,90.80,"15,470.70","15,512.40"
2024,01,25,BUBUNG,LUWUK,LUW,92.90,"15,826.86","15,869.52"
2024,01,26,SAM RATULANGI,MANADO,MDC,92.90,"15,826.86","15,869.52"
2024,01,27,POLONIA,MEDAN,MES,90.80,"15,459.57","15,501.24"
2024,01,28,MOPAH,MERAUKE,MKQ,93.20,"15,882.51","15,925.32"
2024,01,29,RENDANI,MANOKWARI,MKW,93.20,"15,882.51","15,925.32"
2024,01,30,KERTAJATI,MAJALENGKA,KJT,85.90,"14,624.82","14,664.24"
2024,01,31,ABDURACHMAN SALEH,MALANG,MLG,91.00,"15,504.09","15,545.88"
2024,01,32,WAI OTI,MAUMERE,MOF,90.90,"15,492.96","15,534.72"
2024,01,33,DOUW ATURURE,NABIRE,NBX,93.20,"16,016.07","16,059.24"
2024,01,34,RANAI,NATUNA,NTX,90.80,"15,459.57","15,501.24"
2024,01,35,PONDOK CABE,JAKARTA,PCB,91.40,"15,582.00","15,624.00"
2024,01,36,MINANGKABAU,PADANG,PDG,90.80,"15,470.70","15,512.40"
2024,01,37,DEPATI AMIR,PANGKAL PINANG,PGK,90.80,"15,459.57","15,501.24"
2024,01,38,ISKANDAR,PANGKALAN BUN,PKN,91.40,"15,570.87","15,612.84"
2024,01,39,SULTAN SYARIF KASIM II,PEKANBARU,PKU,90.80,"15,459.57","15,501.24"
2024,01,40,TJILIK RIWUT,PALANGKARAYA,PKY,91.40,"15,570.87","15,612.84"
2024,01,41,SULTAN MAHMUD BADARUDDIN II,PALEMBANG,PLM,90.80,"15,459.57","15,501.24"
2024,01,42,MUTIARA,PALU,PLW,92.90,"15,826.86","15,869.52"
2024,01,43,SUPADIO,PONTIANAK,PNK,91.40,"15,570.87","15,612.84"
2024,01,44,H. ASAN,SAMPIT,SMQ,91.40,"15,570.87","15,612.84"
2024,01,45,ADISUMARMO,SOLO,SOC,91.70,"15,626.52","15,668.64"
2024,01,46,SORONG DARATAN,SORONG,SOQ,93.20,"15,882.51","15,925.32"
2024,01,47,ACHMAD YANI,SEMARANG,SRG,91.50,"15,570.87","15,612.84"
2024,01,48,JUANDA,SURABAYA,SUB,89.20,"15,170.19","15,211.08"
2024,01,49,RADEN INTEN II,BANDAR LAMPUNG,TKG,89.40,"15,370.53","15,411.96"
2024,01,50,KIJANG,TANJUNG PINANG,TNJ,91.20,"15,548.61","15,590.52"
2024,01,51,JUWATA,TARAKAN,TRK,91.40,"15,570.87","15,612.84"
2024,01,52,BABULLAH,TERNATE,TTE,93.20,"16,016.07","16,059.24"
2024,01,53,HASANUDDIN,UJUNG PANDANG,UPG,92.10,"15,659.91","15,702.12"
2024,01,54,MAU HAU,WAINGAPU,WGP,90.90,"15,492.96","15,534.72"
2024,01,55,ISWAHYUDI,MADIUN,WIAR (ICAO),90.80,"15,504.09","15,545.88"
2024,01,56,DUMATUBUN,TUAL,LUV,93.90,"16,016.07","16,059.24"
2024,01,57,SILANGIT,SIBORONG-BORONG,DTB,90.70,"15,459.57","15,501.24"
2024,01,58,KALIMARAU,BERAU,BEJ,91.40,"15,570.87","15,612.84"
2024,01,59,KOMODO,LABUAN BAJO,LBJ,91.90,"15,659.91","15,702.12"
2024,01,60,KUALANAMU,DELI SERDANG,KNO,89.90,"15,270.36","15,311.52"
2024,01,61,TAMPA PADANG,MAMUJU,MJU,93.20,"15,871.38","15,914.16"
2024,01,62,F.L. TOBING,PINANGSORI,FLZ,90.80,"15,459.57","15,501.24"
2024,01,63,MOZES KILANGIN,TIMIKA,TIM,93.20,"15,882.51","15,925.32"
2024,01,64,H.A.S. HANANDJOEDDIN,TANJUNG PANDAN,TJQ,91.50,"15,626.52","15,668.64"
2024,01,65,BLIMBINGSARI,BANYUWANGI,BWX,90.90,"15,492.96","15,534.72"
2024,01,66,TAMBOLAKA,SUMBA BARAT,TMC,93.70,"16,016.07","16,059.24"
2024,01,67,BINAKA,GUNUNGSITOLI,GNS,90.80,"15,459.57","15,501.24"
2024,01,68,KULONPROGO,YOGYAKARTA,YIA,91.70,"15,626.52","15,668.64"
2024,01,69,KUABANG,HALMAHERA UTARA,KAZ,93.80,"16,016.07","16,059.24"
2024,01,70,JENDERAL BESAR SOEDIRMAN,PURBALINGGA,PWL,91.70,"15,626.52","15,668.64"
2024,01,71,MATHILDA BATLAYERI,SAUMLAKI,SXK,93.40,"16,016.07","16,059.24"
2024,01,72,BUDIARTO,CURUG,BTO,91.10,-,#VALUE!
2024,02,1,APT PRANOTO,SAMARINDA,AAP,90.10,"15,359.40","15,400.80"
2024,02,2,PATTIMURA,AMBON,AMQ,91.80,"15,804.60","15,847.20"
2024,02,3,SYAMSUDDIN NOOR,BANJARMASIN,BDJ,90.10,"15,359.40","15,400.80"
2024,02,4,HUSEIN SASTRANEGARA,BANDUNG,BDO,89.70,"15,303.75","15,345.00"
2024,02,5,FRANS KAISIEPO,BIAK,BIK,91.80,"15,671.04","15,713.28"
2024,02,6,FATMAWATI SOEKARNOPUTRI,BENGKULU,BKS,89.40,"15,292.62","15,333.84"
2024,02,7,M. SALAHUDDIN,BIMA,BMU,89.50,"15,281.49","15,322.68"
2024,02,8,SEPINGGAN,BALIKPAPAN,BPN,89.10,"15,192.45","15,233.40"
2024,02,9,HANG NADIM,BATAM,BTH,89.40,"13,741.10","13,782.20"
2024,02,10,SULTAN ISKANDAR MUDA,BANDA ACEH,BTJ,89.40,"15,248.10","15,289.20"
2024,02,11,SOEKARNO HATTA,CENGKARENG,CGK,78.10,"13,300.35","13,336.20"
2024,02,12,TUNGGUL WULUNG,CILACAP,CXP,90.40,"15,415.05","15,456.60"
2024,02,13,SULTAN THAHA,JAMBI,DJB,89.40,"15,292.62","15,333.84"
2024,02,14,SENTANI,JAYAPURA,DJJ,92.10,"15,671.04","15,713.28"
2024,02,15,NGURAH RAI,DENPASAR,DPS,88.20,"15,014.37","15,054.84"
2024,02,16,PINANG KAMPAI,DUMAI,DUM,89.40,"15,248.10","15,289.20"
2024,02,17,H. AROEBOESMAN,ENDE,ENE,89.50,"15,281.49","15,322.68"
2024,02,18,JALALUDDIN,GORONTALO,GTO,91.50,"15,615.39","15,657.48"
2024,02,19,HALIM PERDANAKUSUMA,JAKARTA,HLP,85.20,"14,524.65","14,563.80"
2024,02,20,ADISUCIPTO,YOGYAKARTA,JOG,90.40,"15,415.05","15,456.60"
2024,02,21,WOLTER MONGINSIDI,KENDARI,KDI,91.50,"15,615.39","15,657.48"
2024,02,22,UTAROM,KAIMANA,KNG,91.80,"15,671.04","15,713.28"
2024,02,23,ELTARI,KUPANG,KOE,87.30,"14,847.42","14,887.44"
2024,02,24,LOMBOK INTERNATIONAL,MATARAM,LOP,89.40,"15,259.23","15,300.36"
2024,02,25,BUBUNG,LUWUK,LUW,91.50,"15,615.39","15,657.48"
2024,02,26,SAM RATULANGI,MANADO,MDC,91.50,"15,615.39","15,657.48"
2024,02,27,POLONIA,MEDAN,MES,89.40,"15,248.10","15,289.20"
2024,02,28,MOPAH,MERAUKE,MKQ,91.80,"15,671.04","15,713.28"
2024,02,29,RENDANI,MANOKWARI,MKW,91.80,"15,671.04","15,713.28"
2024,02,30,KERTAJATI,MAJALENGKA,KJT,84.50,"14,413.35","14,452.20"
2024,02,31,ABDURACHMAN SALEH,MALANG,MLG,89.60,"15,292.62","15,333.84"
2024,02,32,WAI OTI,MAUMERE,MOF,89.50,"15,281.49","15,322.68"
2024,02,33,PANIAI,NABIRE,NBX,91.80,"15,804.60","15,847.20"
2024,02,34,RANAI,NATUNA,NTX,89.40,"15,248.10","15,289.20"
2024,02,35,PONDOK CABE,JAKARTA,PCB,90.00,"15,359.40","15,400.80"
2024,02,36,MINANGKABAU,PADANG,PDG,89.40,"15,248.10","15,289.20"
2024,02,37,DEPATI AMIR,PANGKAL PINANG,PGK,89.40,"15,248.10","15,289.20"
2024,02,38,ISKANDAR,PANGKALAN BUN,PKN,90.10,"15,359.40","15,400.80"
2024,02,39,SULTAN SYARIF KASIM II,PEKANBARU,PKU,89.40,"15,248.10","15,289.20"
2024,02,40,TJILIK RIWUT,PALANGKARAYA,PKY,90.10,"15,359.40","15,400.80"
2024,02,41,SULTAN MAHMUD BADARUDDIN II,PALEMBANG,PLM,89.40,"15,248.10","15,289.20"
2024,02,42,MUTIARA,PALU,PLW,91.50,"15,615.39","15,657.48"
2024,02,43,SUPADIO,PONTIANAK,PNK,90.10,"15,359.40","15,400.80"
2024,02,44,H. ASAN,SAMPIT,SMQ,90.10,"15,359.40","15,400.80"
2024,02,45,ADISUMARMO,SOLO,SOC,90.40,"15,415.05","15,456.60"
2024,02,46,SORONG DARATAN,SORONG,SOQ,91.80,"15,671.04","15,713.28"
2024,02,47,ACHMAD YANI,SEMARANG,SRG,90.10,"15,359.40","15,400.80"
2024,02,48,JUANDA,SURABAYA,SUB,87.80,"14,947.59","14,987.88"
2024,02,49,RADEN INTEN II,BANDAR LAMPUNG,TKG,88.00,"15,159.06","15,199.92"
2024,02,50,KIJANG,TANJUNG PINANG,TNJ,89.80,"15,337.14","15,378.48"
2024,02,51,JUWATA,TARAKAN,TRK,90.10,"15,359.40","15,400.80"
2024,02,52,BABULLAH,TERNATE,TTE,91.80,"15,671.04","15,713.28"
2024,02,53,HASANUDDIN,UJUNG PANDANG,UPG,90.70,"15,437.31","15,478.92"
2024,02,54,MAU HAU,WAINGAPU,WGP,89.50,"15,281.49","15,322.68"
2024,02,55,ISWAHYUDI,MADIUN,WIAR (ICAO),89.50,"15,292.62","15,333.84"
2024,02,56,DUMATUBUN,TUAL,LUV,92.50,"15,804.60","15,847.20"
2024,02,57,SILANGIT,SIBORONG-BORONG,DTB,89.30,"15,236.97","15,278.04"
2024,02,58,KALIMARAU,BERAU,BEJ,90.10,"15,359.40","15,400.80"
2024,02,59,KOMODO,LABUAN BAJO,LBJ,90.50,"15,437.31","15,478.92"
2024,02,60,KUALANAMU,DELI SERDANG,KNO,88.50,"15,047.76","15,088.32"
2024,02,61,TAMPA PADANG,MAMUJU,MJU,91.80,"15,659.91","15,702.12"
2024,02,62,F.L. TOBING,PINANGSORI,FLZ,89.40,"15,248.10","15,289.20"
2024,02,63,MOZES KILANGIN,TIMIKA,TIM,91.80,"15,671.04","15,713.28"
2024,02,64,H.A.S. HANANDJOEDDIN,TANJUNG PANDAN,TJQ,90.10,"15,415.05","15,456.60"
2024,02,65,BLIMBINGSARI,BANYUWANGI,BWX,89.50,"15,281.49","15,322.68"
2024,02,66,TAMBOLAKA,SUMBA BARAT,TMC,92.40,"15,804.60","15,847.20"
2024,02,67,BINAKA,GUNUNGSITOLI,GNS,89.40,"15,248.10","15,289.20"
2024,02,68,KULONPROGO,YOGYAKARTA,YIA,90.30,"15,415.05","15,456.60"
2024,02,69,KUABANG,HALMAHERA UTARA,KAZ,92.40,"15,804.60","15,847.20"
2024,02,70,JENDERAL BESAR SOEDIRMAN,PURBALINGGA,PWL,90.40,"15,415.05","15,456.60"
2024,02,71,MATHILDA BATLAYERI,SAUMLAKI,SXK,92.00,"15,804.60","15,847.20"
2024,02,72,BUDIARTO,CURUG,BTO,89.70,-,#VALUE!
2024,03,1,APT PRANOTO,SAMARINDA,AAP,91.70,"15,804.60","15,847.20"
2024,03,2,PATTIMURA,AMBON,AMQ,93.40,"16,249.80","16,293.60"
2024,03,3,SYAMSUDDIN NOOR,BANJARMASIN,BDJ,91.70,"15,804.60","15,847.20"
2024,03,4,HUSEIN SASTRANEGARA,BANDUNG,BDO,91.70,"15,804.60","15,847.20"
2024,03,5,FRANS KAISIEPO,BIAK,BIK,93.40,"16,116.24","16,159.68"
2024,03,6,FATMAWATI SOEKARNOPUTRI,BENGKULU,BKS,91.10,"15,737.82","15,780.24"
2024,03,7,M. SALAHUDDIN,BIMA,BMU,91.20,"15,726.69","15,769.08"
2024,03,8,SEPINGGAN,BALIKPAPAN,BPN,90.70,"15,637.65","15,679.80"
2024,03,9,HANG NADIM,BATAM,BTH,91.00,"14,142.30","14,184.60"
2024,03,10,SULTAN ISKANDAR MUDA,BANDA ACEH,BTJ,91.10,"15,693.30","15,735.60"
2024,03,11,SOEKARNO HATTA,CENGKARENG,CGK,80.20,"13,801.20","13,838.40"
2024,03,12,TUNGGUL WULUNG,CILACAP,CXP,92.00,"15,860.25","15,903.00"
2024,03,13,SULTAN THAHA,JAMBI,DJB,91.10,"15,737.82","15,780.24"
2024,03,14,SENTANI,JAYAPURA,DJJ,93.70,"16,116.24","16,159.68"
2024,03,15,NGURAH RAI,DENPASAR,DPS,90.20,"15,515.22","15,557.04"
2024,03,16,PINANG KAMPAI,DUMAI,DUM,91.10,"15,693.30","15,735.60"
2024,03,17,H. AROEBOESMAN,ENDE,ENE,91.20,"15,726.69","15,769.08"
2024,03,18,JALALUDDIN,GORONTALO,GTO,93.10,"16,060.59","16,103.88"
2024,03,19,HALIM PERDANAKUSUMA,JAKARTA,HLP,87.20,"15,025.50","15,066.00"
2024,03,20,ADISUCIPTO,YOGYAKARTA,JOG,92.00,"15,860.25","15,903.00"
2024,03,21,WOLTER MONGINSIDI,KENDARI,KDI,93.10,"16,060.59","16,103.88"
2024,03,22,UTAROM,KAIMANA,KNG,93.40,"16,116.24","16,159.68"
2024,03,23,ELTARI,KUPANG,KOE,89.00,"15,292.62","15,333.84"
2024,03,24,LOMBOK INTERNATIONAL,MATARAM,LOP,80.20,"13,801.20","13,838.40"
2024,03,25,BUBUNG,LUWUK,LUW,93.10,"16,060.59","16,103.88"
2024,03,26,SAM RATULANGI,MANADO,MDC,93.10,"16,060.59","16,103.88"
2024,03,27,POLONIA,MEDAN,MES,91.10,"15,693.30","15,735.60"
2024,03,28,MOPAH,MERAUKE,MKQ,93.40,"16,116.24","16,159.68"
2024,03,29,RENDANI,MANOKWARI,MKW,93.40,"16,116.24","16,159.68"
2024,03,30,KERTAJATI,MAJALENGKA,KJT,86.60,"14,914.20","14,954.40"
2024,03,31,ABDURACHMAN SALEH,MALANG,MLG,91.30,"15,737.82","15,780.24"
2024,03,32,WAI OTI,MAUMERE,MOF,91.20,"15,726.69","15,769.08"
2024,03,33,PANIAI,NABIRE,NBX,93.40,"16,249.80","16,293.60"
2024,03,34,RANAI,NATUNA,NTX,91.10,"15,693.30","15,735.60"
2024,03,35,PONDOK CABE,JAKARTA,PCB,91.70,"15,804.60","15,847.20"
2024,03,36,MINANGKABAU,PADANG,PDG,91.10,"15,693.30","15,735.60"
2024,03,37,DEPATI AMIR,PANGKAL PINANG,PGK,91.00,"15,693.30","15,735.60"
2024,03,38,ISKANDAR,PANGKALAN BUN,PKN,91.70,"15,804.60","15,847.20"
2024,03,39,SULTAN SYARIF KASIM II,PEKANBARU,PKU,91.10,"15,693.30","15,735.60"
2024,03,40,TJILIK RIWUT,PALANGKARAYA,PKY,91.70,"15,804.60","15,847.20"
2024,03,41,SULTAN MAHMUD BADARUDDIN II,PALEMBANG,PLM,91.00,"15,693.30","15,735.60"
2024,03,42,MUTIARA,PALU,PLW,93.10,"16,060.59","16,103.88"
2024,03,43,SUPADIO,PONTIANAK,PNK,91.70,"15,804.60","15,847.20"
2024,03,44,H. ASAN,SAMPIT,SMQ,91.70,"15,804.60","15,847.20"
2024,03,45,ADISUMARMO,SOLO,SOC,92.00,"15,860.25","15,903.00"
2024,03,46,SORONG DARATAN,SORONG,SOQ,93.40,"16,116.24","16,159.68"
2024,03,47,ACHMAD YANI,SEMARANG,SRG,91.70,"15,804.60","15,847.20"
2024,03,48,JUANDA,SURABAYA,SUB,89.80,"15,448.44","15,490.08"
2024,03,49,RADEN INTEN II,BANDAR LAMPUNG,TKG,89.70,"15,604.26","15,646.32"
2024,03,50,KIJANG,TANJUNG PINANG,TNJ,91.50,"15,782.34","15,824.88"
2024,03,51,JUWATA,TARAKAN,TRK,91.70,"15,804.60","15,847.20"
2024,03,52,BABULLAH,TERNATE,TTE,93.40,"16,116.24","16,159.68"
2024,03,53,HASANUDDIN,UJUNG PANDANG,UPG,92.70,"15,938.16","15,981.12"
2024,03,54,MAU HAU,WAINGAPU,WGP,91.20,"15,726.69","15,769.08"
2024,03,55,ISWAHYUDI,MADIUN,WIAR (ICAO),91.10,"15,737.82","15,780.24"
2024,03,56,DUMATUBUN,TUAL,LUV,94.10,"16,249.80","16,293.60"
2024,03,57,SILANGIT,SIBORONG-BORONG,DTB,80.20,"13,801.20","13,838.40"
2024,03,58,KALIMARAU,BERAU,BEJ,91.70,"15,804.60","15,847.20"
2024,03,59,KOMODO,LABUAN BAJO,LBJ,80.20,"13,801.20","13,838.40"
2024,03,60,KUALANAMU,DELI SERDANG,KNO,90.10,"15,492.96","15,534.72"
2024,03,61,TAMPA PADANG,MAMUJU,MJU,93.40,"16,105.11","16,148.52"
2024,03,62,F.L. TOBING,PINANGSORI,FLZ,91.10,"15,693.30","15,735.60"
2024,03,63,MOZES KILANGIN,TIMIKA,TIM,93.40,"16,116.24","16,159.68"
2024,03,64,H.A.S. HANANDJOEDDIN,TANJUNG PANDAN,TJQ,91.80,"15,860.25","15,903.00"
2024,03,65,BLIMBINGSARI,BANYUWANGI,BWX,91.20,"15,726.69","15,769.08"
2024,03,66,TAMBOLAKA,SUMBA BARAT,TMC,94.00,"16,249.80","16,293.60"
2024,03,67,BINAKA,GUNUNGSITOLI,GNS,91.10,"15,693.30","15,735.60"
2024,03,68,KULONPROGO,YOGYAKARTA,YIA,91.90,"15,860.25","15,903.00"
2024,03,69,KUABANG,HALMAHERA UTARA,KAZ,94.00,"16,249.80","16,293.60"
2024,03,70,JENDERAL BESAR SOEDIRMAN,PURBALINGGA,PWL,92.00,"15,860.25","15,903.00"
2024,03,71,MATHILDA BATLAYERI,SAUMLAKI,SXK,93.60,"16,249.80","16,293.60"
2024,03,72,BUDIARTO,CURUG,BTO,91.70,-,#VALUE!
2024,04,1,APT PRANOTO,SAMARINDA,AAP,93.20,"16,027.20","16,070.40"
2024,04,2,PATTIMURA,AMBON,AMQ,94.90,"16,205.28","16,248.96"
2024,04,3,SYAMSUDDIN NOOR,BANJARMASIN,BDJ,93.20,"16,027.20","16,070.40"
2024,04,4,HUSEIN SASTRANEGARA,BANDUNG,BDO,91.70,"15,771.21","15,813.72"
2024,04,5,FRANS KAISIEPO,BIAK,BIK,94.90,"16,338.84","16,382.88"
2024,04,6,FATMAWATI SOEKARNOPUTRI,BENGKULU,BKS,93.90,"16,183.02","16,226.64"
2024,04,7,M. SALAHUDDIN,BIMA,BMU,91.20,"15,693.30","15,735.60"
2024,04,8,SEPINGGAN,BALIKPAPAN,BPN,90.80,"15,604.26","15,646.32"
2024,04,9,HANG NADIM,BATAM,BTH,91.10,"14,112.21","14,154.42"
2024,04,10,SULTAN ISKANDAR MUDA,BANDA ACEH,BTJ,91.10,"15,659.91","15,702.12"
2024,04,11,SOEKARNO HATTA,CENGKARENG,CGK,80.20,"13,767.81","13,804.92"
2024,04,12,TUNGGUL WULUNG,CILACAP,CXP,92.00,"15,826.86","15,869.52"
2024,04,13,SULTAN THAHA,JAMBI,DJB,91.10,"15,704.43","15,746.76"
2024,04,14,SENTANI,JAYAPURA,DJJ,93.80,"16,082.85","16,126.20"
2024,04,15,NGURAH RAI,DENPASAR,DPS,90.20,"15,481.83","15,523.56"
2024,04,16,PINANG KAMPAI,DUMAI,DUM,91.10,"15,659.91","15,702.12"
2024,04,17,H. AROEBOESMAN,ENDE,ENE,91.20,"15,693.30","15,735.60"
2024,04,18,JALALUDDIN,GORONTALO,GTO,94.60,"16,283.19","16,327.08"
2024,04,19,HALIM PERDANAKUSUMA,JAKARTA,HLP,87.20,"14,992.11","15,032.52"
2024,04,20,ADISUCIPTO,YOGYAKARTA,JOG,92.10,"15,826.86","15,869.52"
2024,04,21,WOLTER MONGINSIDI,KENDARI,KDI,94.60,"16,283.19","16,327.08"
2024,04,22,UTAROM,KAIMANA,KNG,94.90,"16,338.84","16,382.88"
2024,04,23,ELTARI,KUPANG,KOE,89.00,"15,259.23","15,300.36"
2024,04,24,LOMBOK INTERNATIONAL,MATARAM,LOP,80.20,"13,767.81","13,804.92"
2024,04,25,BUBUNG,LUWUK,LUW,94.60,"16,283.19","16,327.08"
2024,04,26,SAM RATULANGI,MANADO,MDC,94.60,"16,027.20","16,070.40"
2024,04,27,POLONIA,MEDAN,MES,91.10,"15,659.91","15,702.12"
2024,04,28,MOPAH,MERAUKE,MKQ,94.90,"16,338.84","16,382.88"
2024,04,29,RENDANI,MANOKWARI,MKW,94.90,"16,338.84","16,382.88"
2024,04,30,KERTAJATI,MAJALENGKA,KJT,86.60,"14,880.81","14,920.92"
2024,04,31,ABDURACHMAN SALEH,MALANG,MLG,91.30,"15,704.43","15,746.76"
2024,04,32,WAI OTI,MAUMERE,MOF,91.20,"15,693.30","15,735.60"
2024,04,33,PANIAI,NABIRE,NBX,94.90,"16,205.28","16,248.96"
2024,04,34,RANAI,NATUNA,NTX,91.10,"15,659.91","15,702.12"
2024,04,35,PONDOK CABE,JAKARTA,PCB,91.70,"15,771.21","15,813.72"
2024,04,36,MINANGKABAU,PADANG,PDG,91.10,"15,659.91","15,702.12"
2024,04,37,DEPATI AMIR,PANGKAL PINANG,PGK,91.00,"15,659.91","15,702.12"
2024,04,38,ISKANDAR,PANGKALAN BUN,PKN,93.20,"16,027.20","16,070.40"
2024,04,39,SULTAN SYARIF KASIM II,PEKANBARU,PKU,91.10,"15,659.91","15,702.12"
2024,04,40,TJILIK RIWUT,PALANGKARAYA,PKY,93.20,"16,027.20","16,070.40"
2024,04,41,SULTAN MAHMUD BADARUDDIN II,PALEMBANG,PLM,91.00,"15,659.91","15,702.12"
2024,04,42,MUTIARA,PALU,PLW,94.60,"16,283.19","16,327.08"
2024,04,43,SUPADIO,PONTIANAK,PNK,93.20,"16,027.20","16,070.40"
2024,04,44,H. ASAN,SAMPIT,SMQ,93.20,"16,027.20","16,070.40"
2024,04,45,ADISUMARMO,SOLO,SOC,92.00,"15,826.86","15,869.52"
2024,04,46,SORONG DARATAN,SORONG,SOQ,94.90,"16,338.84","16,382.88"
2024,04,47,ACHMAD YANI,SEMARANG,SRG,91.70,"15,771.21","15,813.72"
2024,04,48,JUANDA,SURABAYA,SUB,89.80,"15,415.05","15,456.60"
2024,04,49,RADEN INTEN II,BANDAR LAMPUNG,TKG,89.70,"15,570.87","15,612.84"
2024,04,50,KIJANG,TANJUNG PINANG,TNJ,91.50,"15,748.95","15,791.40"
2024,04,51,JUWATA,TARAKAN,TRK,93.20,"16,027.20","16,070.40"
2024,04,52,BABULLAH,TERNATE,TTE,94.90,"16,338.84","16,382.88"
2024,04,53,HASANUDDIN,UJUNG PANDANG,UPG,92.70,"15,904.77","15,947.64"
2024,04,54,MAU HAU,WAINGAPU,WGP,91.20,"15,693.30","15,735.60"
2024,04,55,ISWAHYUDI,MADIUN,WIAR (ICAO),91.10,"15,704.43","15,746.76"
2024,04,56,DUMATUBUN,TUAL,LUV,94.10,"16,205.28","16,248.96"
2024,04,57,SILANGIT,SIBORONG-BORONG,DTB,80.20,"13,767.81","13,804.92"
2024,04,58,KALIMARAU,BERAU,BEJ,93.20,"16,027.20","16,070.40"
2024,04,59,KOMODO,LABUAN BAJO,LBJ,80.20,"13,767.81","13,804.92"
2024,04,60,KUALANAMU,DELI SERDANG,KNO,90.10,"15,459.57","15,501.24"
2024,04,61,TAMPA PADANG,MAMUJU,MJU,93.50,"16,071.72","16,115.04"
2024,04,62,F.L. TOBING,PINANGSORI,FLZ,91.10,"15,659.91","15,702.12"
2024,04,63,MOZES KILANGIN,TIMIKA,TIM,94.90,"16,338.84","16,382.88"
2024,04,64,H.A.S. HANANDJOEDDIN,TANJUNG PANDAN,TJQ,94.50,"16,305.45","16,349.40"
2024,04,65,BLIMBINGSARI,BANYUWANGI,BWX,91.20,"15,693.30","15,735.60"
2024,04,66,TAMBOLAKA,SUMBA BARAT,TMC,94.00,"16,205.28","16,248.96"
2024,04,67,BINAKA,GUNUNGSITOLI,GNS,91.10,"15,659.91","15,702.12"
2024,04,68,KULONPROGO,YOGYAKARTA,YIA,92.00,"15,826.86","15,869.52"
2024,04,69,KUABANG,HALMAHERA UTARA,KAZ,94.00,"16,205.28","16,248.96"
2024,04,70,JENDERAL BESAR SOEDIRMAN,PURBALINGGA,PWL,92.00,"15,826.86","15,869.52"
2024,04,71,MATHILDA BATLAYERI,SAUMLAKI,SXK,95.10,"16,472.40","16,516.80"
2024,04,72,BUDIARTO,CURUG,BTO,91.70,-,#VALUE!
2024,05,1,APT PRANOTO,SAMARINDA,AAP,94.40,"16,539.18","16,583.76"
2024,05,2,PATTIMURA,AMBON,AMQ,96.10,"16,717.26","16,762.32"
2024,05,3,SYAMSUDDIN NOOR,BANJARMASIN,BDJ,94.40,"16,539.18","16,583.76"
2024,05,4,HUSEIN SASTRANEGARA,BANDUNG,BDO,92.90,"16,272.06","16,315.92"
2024,05,5,FRANS KAISIEPO,BIAK,BIK,96.10,"16,850.82","16,896.24"
2024,05,6,FATMAWATI SOEKARNOPUTRI,BENGKULU,BKS,95.10,"16,706.13","16,751.16"
2024,05,7,M. SALAHUDDIN,BIMA,BMU,92.40,"16,194.15","16,237.80"
2024,05,8,SEPINGGAN,BALIKPAPAN,BPN,92.00,"16,116.24","16,159.68"
2024,05,9,HANG NADIM,BATAM,BTH,92.30,"14,563.56","14,607.12"
2024,05,10,SULTAN ISKANDAR MUDA,BANDA ACEH,BTJ,93.30,"16,349.97","16,394.04"
2024,05,11,SOEKARNO HATTA,CENGKARENG,CGK,81.60,"14,268.66","14,307.12"
2024,05,12,TUNGGUL WULUNG,CILACAP,CXP,93.20,"16,327.71","16,371.72"
2024,05,13,SULTAN THAHA,JAMBI,DJB,92.30,"16,216.41","16,260.12"
2024,05,14,SENTANI,JAYAPURA,DJJ,94.90,"16,594.83","16,639.56"
2024,05,15,NGURAH RAI,DENPASAR,DPS,91.40,"15,982.68","16,025.76"
2024,05,16,PINANG KAMPAI,DUMAI,DUM,93.30,"16,349.97","16,394.04"
2024,05,17,H. AROEBOESMAN,ENDE,ENE,92.40,"16,194.15","16,237.80"
2024,05,18,JALALUDDIN,GORONTALO,GTO,95.80,"16,795.17","16,840.44"
2024,05,19,HALIM PERDANAKUSUMA,JAKARTA,HLP,88.50,"15,492.96","15,534.72"
2024,05,20,ADISUCIPTO,YOGYAKARTA,JOG,93.30,"16,327.71","16,371.72"
2024,05,21,WOLTER MONGINSIDI,KENDARI,KDI,95.80,"16,795.17","16,840.44"
2024,05,22,UTAROM,KAIMANA,KNG,96.10,"16,850.82","16,896.24"
2024,05,23,ELTARI,KUPANG,KOE,90.20,"15,760.08","15,802.56"
2024,05,24,LOMBOK INTERNATIONAL,MATARAM,LOP,81.60,"14,268.66","14,307.12"
2024,05,25,BUBUNG,LUWUK,LUW,95.80,"16,795.17","16,840.44"
2024,05,26,SAM RATULANGI,MANADO,MDC,95.80,"16,528.05","16,572.60"
2024,05,27,POLONIA,MEDAN,MES,93.30,"16,349.97","16,394.04"
2024,05,28,MOPAH,MERAUKE,MKQ,96.10,"16,850.82","16,896.24"
2024,05,29,RENDANI,MANOKWARI,MKW,96.10,"16,850.82","16,896.24"
2024,05,30,KERTAJATI,MAJALENGKA,KJT,87.90,"15,381.66","15,423.12"
2024,05,31,ABDURACHMAN SALEH,MALANG,MLG,92.50,"16,205.28","16,248.96"
2024,05,32,WAI OTI,MAUMERE,MOF,92.40,"16,194.15","16,237.80"
2024,05,33,PANIAI,NABIRE,NBX,96.10,"16,717.26","16,762.32"
2024,05,34,RANAI,NATUNA,NTX,93.30,"16,349.97","16,394.04"
2024,05,35,PONDOK CABE,JAKARTA,PCB,92.90,"16,283.19","16,327.08"
2024,05,36,MINANGKABAU,PADANG,PDG,93.30,"16,160.76","16,204.32"
2024,05,37,DEPATI AMIR,PANGKAL PINANG,PGK,92.30,"16,171.89","16,215.48"
2024,05,38,ISKANDAR,PANGKALAN BUN,PKN,94.40,"16,539.18","16,583.76"
2024,05,39,SULTAN SYARIF KASIM II,PEKANBARU,PKU,93.30,"16,349.97","16,394.04"
2024,05,40,TJILIK RIWUT,PALANGKARAYA,PKY,94.40,"16,539.18","16,583.76"
2024,05,41,SULTAN MAHMUD BADARUDDIN II,PALEMBANG,PLM,92.30,"16,171.89","16,215.48"
2024,05,42,MUTIARA,PALU,PLW,95.80,"16,795.17","16,840.44"
2024,05,43,SUPADIO,PONTIANAK,PNK,94.40,"16,539.18","16,583.76"
2024,05,44,H. ASAN,SAMPIT,SMQ,94.40,"16,539.18","16,583.76"
2024,05,45,ADISUMARMO,SOLO,SOC,93.20,"16,327.71","16,371.72"
2024,05,46,SORONG DARATAN,SORONG,SOQ,96.10,"16,594.83","16,639.56"
2024,05,47,ACHMAD YANI,SEMARANG,SRG,93.00,"16,272.06","16,315.92"
2024,05,48,JUANDA,SURABAYA,SUB,91.10,"15,915.90","15,958.80"
2024,05,49,RADEN INTEN II,BANDAR LAMPUNG,TKG,90.90,"16,082.85","16,126.20"
2024,05,50,KIJANG,TANJUNG PINANG,TNJ,92.70,"16,249.80","16,293.60"
2024,05,51,JUWATA,TARAKAN,TRK,94.40,"16,539.18","16,583.76"
2024,05,52,BABULLAH,TERNATE,TTE,96.10,"16,850.82","16,896.24"
2024,05,53,HASANUDDIN,UJUNG PANDANG,UPG,93.90,"16,405.62","16,449.84"
2024,05,54,MAU HAU,WAINGAPU,WGP,92.40,"16,194.15","16,237.80"
2024,05,55,ISWAHYUDI,MADIUN,WIAR (ICAO),92.30,"16,205.28","16,248.96"
2024,05,56,DUMATUBUN,TUAL,LUV,95.30,"16,717.26","16,762.32"
2024,05,57,SILANGIT,SIBORONG-BORONG,DTB,81.60,"14,268.66","14,307.12"
2024,05,58,KALIMARAU,BERAU,BEJ,94.40,"16,539.18","16,583.76"
2024,05,59,KOMODO,LABUAN BAJO,LBJ,81.60,"14,268.66","14,307.12"
2024,05,60,KUALANAMU,DELI SERDANG,KNO,92.40,"16,149.63","16,193.16"
2024,05,61,TAMPA PADANG,MAMUJU,MJU,94.70,"16,572.57","16,617.24"
2024,05,62,F.L. TOBING,PINANGSORI,FLZ,93.30,"16,349.97","16,394.04"
2024,05,63,MOZES KILANGIN,TIMIKA,TIM,96.10,"16,850.82","16,896.24"
2024,05,64,H.A.S. HANANDJOEDDIN,TANJUNG PANDAN,TJQ,95.70,"16,817.43","16,862.76"
2024,05,65,BLIMBINGSARI,BANYUWANGI,BWX,92.40,"16,194.15","16,237.80"
2024,05,66,TAMBOLAKA,SUMBA BARAT,TMC,95.20,"16,717.26","16,762.32"
2024,05,67,BINAKA,GUNUNGSITOLI,GNS,93.30,"16,349.97","16,394.04"
2024,05,68,KULONPROGO,YOGYAKARTA,YIA,93.20,"16,327.71","16,371.72"
2024,05,69,KUABANG,HALMAHERA UTARA,KAZ,95.20,"16,717.26","16,762.32"
2024,05,70,JENDERAL BESAR SOEDIRMAN,PURBALINGGA,PWL,93.20,"16,327.71","16,371.72"
2024,05,71,MATHILDA BATLAYERI,SAUMLAKI,SXK,96.30,"16,984.38","17,030.16"
2024,05,72,BUDIARTO,CURUG,BTO,92.90,-,#VALUE!
2024,06,1,APT PRANOTO,SAMARINDA,AAP,90.60,"16,004.94","16,048.08"
2024,06,2,PATTIMURA,AMBON,AMQ,91.90,"16,116.24","16,159.68"
2024,06,3,SYAMSUDDIN NOOR,BANJARMASIN,BDJ,90.60,"16,004.94","16,048.08"
2024,06,4,HUSEIN SASTRANEGARA,BANDUNG,BDO,89.00,"15,737.82","15,780.24"
2024,06,5,FRANS KAISIEPO,BIAK,BIK,91.90,"16,249.80","16,293.60"
2024,06,6,FATMAWATI SOEKARNOPUTRI,BENGKULU,BKS,91.20,"16,171.89","16,215.48"
2024,06,7,M. SALAHUDDIN,BIMA,BMU,88.60,"15,659.91","15,702.12"
2024,06,8,SEPINGGAN,BALIKPAPAN,BPN,88.20,"15,582.00","15,624.00"
2024,06,9,HANG NADIM,BATAM,BTH,88.50,"14,082.12","14,124.24"
2024,06,10,SULTAN ISKANDAR MUDA,BANDA ACEH,BTJ,89.50,"15,815.73","15,858.36"
2024,06,11,SOEKARNO HATTA,CENGKARENG,CGK,77.90,"13,734.42","13,771.44"
2024,06,12,TUNGGUL WULUNG,CILACAP,CXP,89.40,"15,793.47","15,836.04"
2024,06,13,SULTAN THAHA,JAMBI,DJB,88.50,"15,682.17","15,724.44"
2024,06,14,SENTANI,JAYAPURA,DJJ,90.70,"15,993.81","16,036.92"
2024,06,15,NGURAH RAI,DENPASAR,DPS,87.60,"15,448.44","15,490.08"
2024,06,16,PINANG KAMPAI,DUMAI,DUM,89.50,"15,815.73","15,858.36"
2024,06,17,H. AROEBOESMAN,ENDE,ENE,88.60,"15,659.91","15,702.12"
2024,06,18,JALALUDDIN,GORONTALO,GTO,91.90,"16,260.93","16,304.76"
2024,06,19,HALIM PERDANAKUSUMA,JAKARTA,HLP,84.70,"14,958.72","14,999.04"
2024,06,20,ADISUCIPTO,YOGYAKARTA,JOG,89.40,"15,793.47","15,836.04"
2024,06,21,WOLTER MONGINSIDI,KENDARI,KDI,91.90,"16,260.93","16,304.76"
2024,06,22,UTAROM,KAIMANA,KNG,91.90,"16,249.80","16,293.60"
2024,06,23,ELTARI,KUPANG,KOE,86.40,"15,225.84","15,266.88"
2024,06,24,LOMBOK INTERNATIONAL,MATARAM,LOP,86.40,"13,734.42","13,771.44"
2024,06,25,BUBUNG,LUWUK,LUW,91.90,"16,260.93","16,304.76"
2024,06,26,SAM RATULANGI,MANADO,MDC,91.90,"15,993.81","16,036.92"
2024,06,27,POLONIA,MEDAN,MES,89.50,"15,815.73","15,858.36"
2024,06,28,MOPAH,MERAUKE,MKQ,91.90,"16,249.80","16,293.60"
2024,06,29,RENDANI,MANOKWARI,MKW,91.90,"16,249.80","16,293.60"
2024,06,30,KERTAJATI,MAJALENGKA,KJT,84.10,"14,847.42","14,887.44"
2024,06,31,ABDURACHMAN SALEH,MALANG,MLG,88.70,"15,671.04","15,713.28"
2024,06,32,WAI OTI,MAUMERE,MOF,88.60,"15,659.91","15,702.12"
2024,06,33,PANIAI,NABIRE,NBX,91.90,"16,116.24","16,159.68"
2024,06,34,RANAI,NATUNA,NTX,89.50,"15,815.73","15,858.36"
2024,06,35,PONDOK CABE,JAKARTA,PCB,89.00,"15,737.82","15,780.24"
2024,06,36,MINANGKABAU,PADANG,PDG,89.50,"15,626.52","15,668.64"
2024,06,37,DEPATI AMIR,PANGKAL PINANG,PGK,88.40,"15,637.65","15,679.80"
2024,06,38,ISKANDAR,PANGKALAN BUN,PKN,90.60,"16,004.94","16,048.08"
2024,06,39,SULTAN SYARIF KASIM II,PEKANBARU,PKU,89.50,"15,815.73","15,858.36"
2024,06,40,TJILIK RIWUT,PALANGKARAYA,PKY,90.60,"16,004.94","16,048.08"
2024,06,41,SULTAN MAHMUD BADARUDDIN II,PALEMBANG,PLM,88.40,"15,637.65","15,679.80"
2024,06,42,MUTIARA,PALU,PLW,91.90,"16,260.93","16,304.76"
2024,06,43,SUPADIO,PONTIANAK,PNK,90.60,"16,004.94","16,048.08"
2024,06,44,H. ASAN,SAMPIT,SMQ,90.60,"16,004.94","16,048.08"
2024,06,45,ADISUMARMO,SOLO,SOC,89.40,"15,793.47","15,836.04"
2024,06,46,SORONG DARATAN,SORONG,SOQ,91.90,"15,993.81","16,036.92"
2024,06,47,ACHMAD YANI,SEMARANG,SRG,89.10,"15,737.82","15,780.24"
2024,06,48,JUANDA,SURABAYA,SUB,87.20,"15,381.66","15,423.12"
2024,06,49,RADEN INTEN II,BANDAR LAMPUNG,TKG,87.10,"15,548.61","15,590.52"
2024,06,50,KIJANG,TANJUNG PINANG,TNJ,88.90,"15,715.56","15,757.92"
2024,06,51,JUWATA,TARAKAN,TRK,90.60,"16,004.94","16,048.08"
2024,06,52,BABULLAH,TERNATE,TTE,91.90,"16,249.80","16,293.60"
2024,06,53,HASANUDDIN,UJUNG PANDANG,UPG,90.00,"15,871.38","15,914.16"
2024,06,54,MAU HAU,WAINGAPU,WGP,88.60,"15,659.91","15,702.12"
2024,06,55,ISWAHYUDI,MADIUN,WIAR (ICAO),88.50,"15,671.04","15,713.28"
2024,06,56,DUMATUBUN,TUAL,LUV,91.10,"16,116.24","16,159.68"
2024,06,57,SILANGIT,SIBORONG-BORONG,DTB,86.40,"13,734.42","13,771.44"
2024,06,58,KALIMARAU,BERAU,BEJ,90.60,"16,004.94","16,048.08"
2024,06,59,KOMODO,LABUAN BAJO,LBJ,87.50,"13,734.42","13,771.44"
2024,06,60,KUALANAMU,DELI SERDANG,KNO,88.60,"15,615.39","15,657.48"
2024,06,61,TAMPA PADANG,MAMUJU,MJU,90.80,"16,038.33","16,081.56"
2024,06,62,F.L. TOBING,PINANGSORI,FLZ,89.50,"15,815.73","15,858.36"
2024,06,63,MOZES KILANGIN,TIMIKA,TIM,91.90,"16,249.80","16,293.60"
2024,06,64,H.A.S. HANANDJOEDDIN,TANJUNG PANDAN,TJQ,91.90,"16,294.32","16,338.24"
2024,06,65,BLIMBINGSARI,BANYUWANGI,BWX,88.60,"15,659.91","15,702.12"
2024,06,66,TAMBOLAKA,SUMBA BARAT,TMC,91.30,"16,183.02","16,226.64"
2024,06,67,BINAKA,GUNUNGSITOLI,GNS,89.50,"15,815.73","15,858.36"
2024,06,68,KULONPROGO,YOGYAKARTA,YIA,89.30,"15,793.47","15,836.04"
2024,06,69,KUABANG,HALMAHERA UTARA,KAZ,91.00,"16,116.24","16,159.68"
2024,06,70,JENDERAL BESAR SOEDIRMAN,PURBALINGGA,PWL,89.40,"15,793.47","15,836.04"
2024,06,71,MATHILDA BATLAYERI,SAUMLAKI,SXK,91.70,"16,316.58","16,360.56"
2024,06,72,BUDIARTO,CURUG,BTO,89.10,-,#VALUE!
2024,07,1,APT PRANOTO,SAMARINDA,AAP,90.70,"16,183.02","16,226.64"
2024,07,2,PATTIMURA,AMBON,AMQ,92.10,"16,305.45","16,349.40"
2024,07,3,SYAMSUDDIN NOOR,BANJARMASIN,BDJ,90.70,"16,183.02","16,226.64"
2024,07,4,HUSEIN SASTRANEGARA,BANDUNG,BDO,89.20,"15,915.90","15,958.80"
2024,07,5,FRANS KAISIEPO,BIAK,BIK,92.10,"16,439.01","16,483.32"
2024,07,6,FATMAWATI SOEKARNOPUTRI,BENGKULU,BKS,91.40,"16,361.10","16,405.20"
2024,07,7,M. SALAHUDDIN,BIMA,BMU,88.80,"15,837.99","15,880.68"
2024,07,8,SEPINGGAN,BALIKPAPAN,BPN,88.40,"15,760.08","15,802.56"
2024,07,9,HANG NADIM,BATAM,BTH,88.70,"14,242.60","14,285.20"
2024,07,10,SULTAN ISKANDAR MUDA,BANDA ACEH,BTJ,89.70,"15,993.81","16,036.92"
2024,07,11,SOEKARNO HATTA,CENGKARENG,CGK,78.10,"13,912.50","13,950.00"
2024,07,12,TUNGGUL WULUNG,CILACAP,CXP,89.60,"15,971.55","16,014.60"
2024,07,13,SULTAN THAHA,JAMBI,DJB,88.70,"15,860.25","15,903.00"
2024,07,14,SENTANI,JAYAPURA,DJJ,90.90,"16,171.89","16,215.48"
2024,07,15,NGURAH RAI,DENPASAR,DPS,88.80,"15,804.60","15,847.20"
2024,07,16,PINANG KAMPAI,DUMAI,DUM,89.70,"15,993.81","16,036.92"
2024,07,17,H. AROEBOESMAN,ENDE,ENE,88.80,"15,837.99","15,880.68"
2024,07,18,JALALUDDIN,GORONTALO,GTO,92.10,"16,439.01","16,483.32"
2024,07,19,HALIM PERDANAKUSUMA,JAKARTA,HLP,84.90,"15,136.80","15,177.60"
2024,07,20,ADISUCIPTO,YOGYAKARTA,JOG,89.60,"15,971.55","16,014.60"
2024,07,21,WOLTER MONGINSIDI,KENDARI,KDI,92.10,"16,439.01","16,483.32"
2024,07,22,UTAROM,KAIMANA,KNG,92.10,"16,439.01","16,483.32"
2024,07,23,ELTARI,KUPANG,KOE,86.60,"15,403.92","15,445.44"
2024,07,24,LOMBOK INTERNATIONAL,MATARAM,LOP,86.70,"13,912.50","13,950.00"
2024,07,25,BUBUNG,LUWUK,LUW,92.10,"16,439.01","16,483.32"
2024,07,26,SAM RATULANGI,MANADO,MDC,92.10,"16,183.02","16,226.64"
2024,07,27,POLONIA,MEDAN,MES,89.70,"15,993.81","16,036.92"
2024,07,28,MOPAH,MERAUKE,MKQ,92.10,"16,439.01","16,483.32"
2024,07,29,RENDANI,MANOKWARI,MKW,92.10,"16,439.01","16,483.32"
2024,07,30,KERTAJATI,MAJALENGKA,KJT,84.30,"15,025.50","15,066.00"
2024,07,31,ABDURACHMAN SALEH,MALANG,MLG,88.90,"15,849.12","15,891.84"
2024,07,32,WAI OTI,MAUMERE,MOF,88.80,"15,837.99","15,880.68"
2024,07,33,PANIAI,NABIRE,NBX,92.10,"16,305.45","16,349.40"
2024,07,34,RANAI,NATUNA,NTX,89.70,"15,993.81","16,036.92"
2024,07,35,PONDOK CABE,JAKARTA,PCB,89.20,"15,915.90","15,958.80"
2024,07,36,MINANGKABAU,PADANG,PDG,89.70,"15,804.60","15,847.20"
2024,07,37,DEPATI AMIR,PANGKAL PINANG,PGK,88.60,"15,815.73","15,858.36"
2024,07,38,ISKANDAR,PANGKALAN BUN,PKN,90.70,"16,183.02","16,226.64"
2024,07,39,SULTAN SYARIF KASIM II,PEKANBARU,PKU,89.70,"15,993.81","16,036.92"
2024,07,40,TJILIK RIWUT,PALANGKARAYA,PKY,90.70,"16,183.02","16,226.64"
2024,07,41,SULTAN MAHMUD BADARUDDIN II,PALEMBANG,PLM,88.60,"15,815.73","15,858.36"
2024,07,42,MUTIARA,PALU,PLW,92.10,"16,439.01","16,483.32"
2024,07,43,SUPADIO,PONTIANAK,PNK,90.70,"16,183.02","16,226.64"
2024,07,44,H. ASAN,SAMPIT,SMQ,90.70,"16,183.02","16,226.64"
2024,07,45,ADISUMARMO,SOLO,SOC,89.60,"15,971.55","16,014.60"
2024,07,46,SORONG DARATAN,SORONG,SOQ,92.10,"16,171.89","16,215.48"
2024,07,47,ACHMAD YANI,SEMARANG,SRG,89.30,"15,915.90","15,958.80"
2024,07,48,JUANDA,SURABAYA,SUB,87.40,"15,559.74","15,601.68"
2024,07,49,RADEN INTEN II,BANDAR LAMPUNG,TKG,87.30,"15,726.69","15,769.08"
2024,07,50,KIJANG,TANJUNG PINANG,TNJ,89.10,"15,904.77","15,947.64"
2024,07,51,JUWATA,TARAKAN,TRK,90.70,"16,183.02","16,226.64"
2024,07,52,BABULLAH,TERNATE,TTE,92.10,"16,439.01","16,483.32"
2024,07,53,HASANUDDIN,UJUNG PANDANG,UPG,90.20,"16,049.46","16,092.72"
2024,07,54,MAU HAU,WAINGAPU,WGP,88.80,"15,837.99","15,880.68"
2024,07,55,ISWAHYUDI,MADIUN,WIAR (ICAO),88.70,"15,849.12","15,891.84"
2024,07,56,DUMATUBUN,TUAL,LUV,91.30,"16,305.45","16,349.40"
2024,07,57,SILANGIT,SIBORONG-BORONG,DTB,86.60,"13,912.50","13,950.00"
2024,07,58,KALIMARAU,BERAU,BEJ,90.70,"16,183.02","16,226.64"
2024,07,59,KOMODO,LABUAN BAJO,LBJ,87.80,"13,912.50","13,950.00"
2024,07,60,KUALANAMU,DELI SERDANG,KNO,88.70,"15,793.47","15,836.04"
2024,07,61,TAMPA PADANG,MAMUJU,MJU,91.00,"16,216.41","16,260.12"
2024,07,62,F.L. TOBING,PINANGSORI,FLZ,89.70,"15,993.81","16,036.92"
2024,07,63,MOZES KILANGIN,TIMIKA,TIM,92.10,"16,439.01","16,483.32"
2024,07,64,H.A.S. HANANDJOEDDIN,TANJUNG PANDAN,TJQ,92.10,"16,472.40","16,516.80"
2024,07,65,BLIMBINGSARI,BANYUWANGI,BWX,88.80,"15,837.99","15,880.68"
2024,07,66,TAMBOLAKA,SUMBA BARAT,TMC,91.50,"16,361.10","16,405.20"
2024,07,67,BINAKA,GUNUNGSITOLI,GNS,89.70,"15,993.81","16,036.92"
2024,07,68,KULONPROGO,YOGYAKARTA,YIA,89.50,"15,971.55","16,014.60"
2024,07,69,KUABANG,HALMAHERA UTARA,KAZ,91.20,"16,305.45","16,349.40"
2024,07,70,JENDERAL BESAR SOEDIRMAN,PURBALINGGA,PWL,89.60,"15,971.55","16,014.60"
2024,07,71,MATHILDA BATLAYERI,SAUMLAKI,SXK,91.90,"16,494.66","16,539.12"
2024,07,72,BUDIARTO,CURUG,BTO,89.30,-,#VALUE!
2024,07,73,DHOHO,KEDIRI,DHX,87.80,"15,626.52","15,668.64"
2024,08,1,APT PRANOTO,SAMARINDA,AAP,91.90,"16,427.88","16,472.16"
2024,08,2,PATTIMURA,AMBON,AMQ,92.50,"16,539.18","16,583.76"
2024,08,3,SYAMSUDDIN NOOR,BANJARMASIN,BDJ,91.90,"16,427.88","16,472.16"
2024,08,4,HUSEIN SASTRANEGARA,BANDUNG,BDO,90.40,"16,160.76","16,204.32"
2024,08,5,FRANS KAISIEPO,BIAK,BIK,92.50,"16,539.18","16,583.76"
2024,08,6,FATMAWATI SOEKARNOPUTRI,BENGKULU,BKS,92.30,"16,539.18","16,583.76"
2024,08,7,M. SALAHUDDIN,BIMA,BMU,89.90,"16,082.85","16,126.20"
2024,08,8,SEPINGGAN,BALIKPAPAN,BPN,89.50,"15,993.81","16,036.92"
2024,08,9,HANG NADIM,BATAM,BTH,89.80,"14,463.26","14,506.52"
2024,08,10,SULTAN ISKANDAR MUDA,BANDA ACEH,BTJ,90.80,"16,238.67","16,282.44"
2024,08,11,SOEKARNO HATTA,CENGKARENG,CGK,79.30,"14,157.36","14,195.52"
2024,08,12,TUNGGUL WULUNG,CILACAP,CXP,90.70,"16,216.41","16,260.12"
2024,08,13,SULTAN THAHA,JAMBI,DJB,89.80,"16,105.11","16,148.52"
2024,08,14,SENTANI,JAYAPURA,DJJ,92.10,"16,416.75","16,461.00"
2024,08,15,NGURAH RAI,DENPASAR,DPS,91.00,"16,227.54","16,271.28"
2024,08,16,PINANG KAMPAI,DUMAI,DUM,90.80,"16,238.67","16,282.44"
2024,08,17,H. AROEBOESMAN,ENDE,ENE,89.90,"16,082.85","16,126.20"
2024,08,18,JALALUDDIN,GORONTALO,GTO,92.10,"16,483.53","16,527.96"
2024,08,19,HALIM PERDANAKUSUMA,JAKARTA,HLP,86.10,"15,381.66","15,423.12"
2024,08,20,ADISUCIPTO,YOGYAKARTA,JOG,90.80,"16,216.41","16,260.12"
2024,08,21,WOLTER MONGINSIDI,KENDARI,KDI,92.10,"16,483.53","16,527.96"
2024,08,22,UTAROM,KAIMANA,KNG,92.50,"16,539.18","16,583.76"
2024,08,23,ELTARI,KUPANG,KOE,87.80,"15,648.78","15,690.96"
2024,08,24,LOMBOK INTERNATIONAL,MATARAM,LOP,88.70,"14,157.36","14,195.52"
2024,08,25,BUBUNG,LUWUK,LUW,92.10,"16,483.53","16,527.96"
2024,08,26,SAM RATULANGI,MANADO,MDC,92.10,"16,416.75","16,461.00"
2024,08,27,POLONIA,MEDAN,MES,90.80,"16,238.67","16,282.44"
2024,08,28,MOPAH,MERAUKE,MKQ,92.50,"16,539.18","16,583.76"
2024,08,29,RENDANI,MANOKWARI,MKW,92.50,"16,539.18","16,583.76"
2024,08,30,KERTAJATI,MAJALENGKA,KJT,85.50,"15,270.36","15,311.52"
2024,08,31,ABDURACHMAN SALEH,MALANG,MLG,90.00,"16,093.98","16,137.36"
2024,08,32,WAI OTI,MAUMERE,MOF,89.90,"16,082.85","16,126.20"
2024,08,33,PANIAI,NABIRE,NBX,92.50,"16,539.18","16,583.76"
2024,08,34,RANAI,NATUNA,NTX,90.80,"16,238.67","16,282.44"
2024,08,35,PONDOK CABE,JAKARTA,PCB,90.40,"16,160.76","16,204.32"
2024,08,36,MINANGKABAU,PADANG,PDG,90.80,"16,049.46","16,092.72"
2024,08,37,DEPATI AMIR,PANGKAL PINANG,PGK,89.80,"16,049.46","16,092.72"
2024,08,38,ISKANDAR,PANGKALAN BUN,PKN,91.90,"16,427.88","16,472.16"
2024,08,39,SULTAN SYARIF KASIM II,PEKANBARU,PKU,90.80,"16,238.67","16,282.44"
2024,08,40,TJILIK RIWUT,PALANGKARAYA,PKY,91.90,"16,427.88","16,472.16"
2024,08,41,SULTAN MAHMUD BADARUDDIN II,PALEMBANG,PLM,89.80,"16,049.46","16,092.72"
2024,08,42,MUTIARA,PALU,PLW,92.10,"16,483.53","16,527.96"
2024,08,43,SUPADIO,PONTIANAK,PNK,91.90,"16,427.88","16,472.16"
2024,08,44,H. ASAN,SAMPIT,SMQ,91.90,"16,427.88","16,472.16"
2024,08,45,ADISUMARMO,SOLO,SOC,90.70,"16,216.41","16,260.12"
2024,08,46,SORONG DARATAN,SORONG,SOQ,92.50,"16,416.75","16,461.00"
2024,08,47,ACHMAD YANI,SEMARANG,SRG,90.50,"16,160.76","16,204.32"
2024,08,48,JUANDA,SURABAYA,SUB,88.60,"15,804.60","15,847.20"
2024,08,49,RADEN INTEN II,BANDAR LAMPUNG,TKG,88.40,"15,960.42","16,003.44"
2024,08,50,KIJANG,TANJUNG PINANG,TNJ,90.20,"16,138.50","16,182.00"
2024,08,51,JUWATA,TARAKAN,TRK,91.90,"16,427.88","16,472.16"
2024,08,52,BABULLAH,TERNATE,TTE,92.50,"16,539.18","16,583.76"
2024,08,53,HASANUDDIN,UJUNG PANDANG,UPG,91.30,"16,294.32","16,338.24"
2024,08,54,MAU HAU,WAINGAPU,WGP,89.90,"16,082.85","16,126.20"
2024,08,55,ISWAHYUDI,MADIUN,WIAR (ICAO),89.90,"16,093.98","16,137.36"
2024,08,56,DUMATUBUN,TUAL,LUV,92.40,"16,539.18","16,583.76"
2024,08,57,SILANGIT,SIBORONG-BORONG,DTB,88.60,"14,157.36","14,195.52"
2024,08,58,KALIMARAU,BERAU,BEJ,91.90,"16,427.88","16,472.16"
2024,08,59,KOMODO,LABUAN BAJO,LBJ,89.70,"14,157.36","14,195.52"
2024,08,60,KUALANAMU,DELI SERDANG,KNO,89.90,"16,027.20","16,070.40"
2024,08,61,TAMPA PADANG,MAMUJU,MJU,92.10,"16,461.27","16,505.64"
2024,08,62,F.L. TOBING,PINANGSORI,FLZ,90.80,"16,238.67","16,282.44"
2024,08,63,MOZES KILANGIN,TIMIKA,TIM,92.50,"16,539.18","16,583.76"
2024,08,64,H.A.S. HANANDJOEDDIN,TANJUNG PANDAN,TJQ,92.20,"16,539.18","16,583.76"
2024,08,65,BLIMBINGSARI,BANYUWANGI,BWX,89.90,"16,082.85","16,126.20"
2024,08,66,TAMBOLAKA,SUMBA BARAT,TMC,92.60,"16,605.96","16,650.72"
2024,08,67,BINAKA,GUNUNGSITOLI,GNS,90.80,"16,238.67","16,282.44"
2024,08,68,KULONPROGO,YOGYAKARTA,YIA,90.70,"16,216.41","16,260.12"
2024,08,69,KUABANG,HALMAHERA UTARA,KAZ,92.30,"16,539.18","16,583.76"
2024,08,70,JENDERAL BESAR SOEDIRMAN,PURBALINGGA,PWL,90.70,"16,216.41","16,260.12"
2024,08,71,MATHILDA BATLAYERI,SAUMLAKI,SXK,91.90,"16,539.18","16,583.76"
2024,08,72,BUDIARTO,CURUG,BTO,90.40,-,#VALUE!
2024,08,73,DHOHO,KEDIRI,DHX,89.00,"15,871.38","15,914.16"
2024,09,1,APT PRANOTO,SAMARINDA,AAP,88.20,"15,459.57","15,501.24"
2024,09,2,PATTIMURA,AMBON,AMQ,88.80,"15,570.87","15,612.84"
2024,09,3,SYAMSUDDIN NOOR,BANJARMASIN,BDJ,88.20,"15,459.57","15,501.24"
2024,09,4,HUSEIN SASTRANEGARA,BANDUNG,BDO,86.80,"15,214.71","15,255.72"
2024,09,5,FRANS KAISIEPO,BIAK,BIK,88.80,"15,570.87","15,612.84"
2024,09,6,FATMAWATI SOEKARNOPUTRI,BENGKULU,BKS,88.60,"15,570.87","15,612.84"
2024,09,7,M. SALAHUDDIN,BIMA,BMU,87.20,"15,292.62","15,333.84"
2024,09,8,SEPINGGAN,BALIKPAPAN,BPN,85.80,"15,036.63","15,077.16"
2024,09,9,HANG NADIM,BATAM,BTH,86.10,"13,590.65","13,631.30"
2024,09,10,SULTAN ISKANDAR MUDA,BANDA ACEH,BTJ,87.10,"15,270.36","15,311.52"
2024,09,11,SOEKARNO HATTA,CENGKARENG,CGK,75.50,"13,211.31","13,246.92"
2024,09,12,TUNGGUL WULUNG,CILACAP,CXP,87.00,"15,248.10","15,289.20"
2024,09,13,SULTAN THAHA,JAMBI,DJB,86.10,"15,136.80","15,177.60"
2024,09,14,SENTANI,JAYAPURA,DJJ,88.40,"15,448.44","15,490.08"
2024,09,15,NGURAH RAI,DENPASAR,DPS,87.20,"15,259.23","15,300.36"
2024,09,16,PINANG KAMPAI,DUMAI,DUM,87.10,"15,270.36","15,311.52"
2024,09,17,H. AROEBOESMAN,ENDE,ENE,87.20,"15,292.62","15,333.84"
2024,09,18,JALALUDDIN,GORONTALO,GTO,88.50,"15,515.22","15,557.04"
2024,09,19,HALIM PERDANAKUSUMA,JAKARTA,HLP,82.40,"14,435.61","14,474.52"
2024,09,20,ADISUCIPTO,YOGYAKARTA,JOG,87.10,"15,248.10","15,289.20"
2024,09,21,WOLTER MONGINSIDI,KENDARI,KDI,88.50,"15,515.22","15,557.04"
2024,09,22,UTAROM,KAIMANA,KNG,88.80,"15,570.87","15,612.84"
2024,09,23,ELTARI,KUPANG,KOE,85.00,"14,858.55","14,898.60"
2024,09,24,LOMBOK INTERNATIONAL,MATARAM,LOP,84.20,"14,758.38","14,798.16"
2024,09,25,BUBUNG,LUWUK,LUW,88.50,"15,515.22","15,557.04"
2024,09,26,SAM RATULANGI,MANADO,MDC,88.50,"15,448.44","15,490.08"
2024,09,27,POLONIA,MEDAN,MES,87.10,"15,270.36","15,311.52"
2024,09,28,MOPAH,MERAUKE,MKQ,88.80,"15,570.87","15,612.84"
2024,09,29,RENDANI,MANOKWARI,MKW,88.80,"15,570.87","15,612.84"
2024,09,30,KERTAJATI,MAJALENGKA,KJT,81.80,"13,211.31","13,246.92"
2024,09,31,ABDURACHMAN SALEH,MALANG,MLG,87.30,"15,303.75","15,345.00"
2024,09,32,WAI OTI,MAUMERE,MOF,87.20,"15,292.62","15,333.84"
2024,09,33,PANIAI,NABIRE,NBX,88.80,"15,570.87","15,612.84"
2024,09,34,RANAI,NATUNA,NTX,87.10,"15,270.36","15,311.52"
2024,09,35,PONDOK CABE,JAKARTA,PCB,86.80,"15,214.71","15,255.72"
2024,09,36,MINANGKABAU,PADANG,PDG,87.10,"15,081.15","15,121.80"
2024,09,37,DEPATI AMIR,PANGKAL PINANG,PGK,86.10,"15,092.28","15,132.96"
2024,09,38,ISKANDAR,PANGKALAN BUN,PKN,88.20,"15,459.57","15,501.24"
2024,09,39,SULTAN SYARIF KASIM II,PEKANBARU,PKU,87.10,"15,270.36","15,311.52"
2024,09,40,TJILIK RIWUT,PALANGKARAYA,PKY,88.20,"15,459.57","15,501.24"
2024,09,41,SULTAN MAHMUD BADARUDDIN II,PALEMBANG,PLM,86.10,"15,092.28","15,132.96"
2024,09,42,MUTIARA,PALU,PLW,88.50,"15,515.22","15,557.04"
2024,09,43,SUPADIO,PONTIANAK,PNK,88.20,"15,459.57","15,501.24"
2024,09,44,H. ASAN,SAMPIT,SMQ,88.20,"15,459.57","15,501.24"
2024,09,45,ADISUMARMO,SOLO,SOC,87.00,"15,248.10","15,289.20"
2024,09,46,SORONG DARATAN,SORONG,SOQ,88.80,"15,448.44","15,490.08"
2024,09,47,ACHMAD YANI,SEMARANG,SRG,86.80,"15,192.45","15,233.40"
2024,09,48,JUANDA,SURABAYA,SUB,85.90,"15,014.37","15,054.84"
2024,09,49,RADEN INTEN II,BANDAR LAMPUNG,TKG,84.70,"15,003.24","15,043.68"
2024,09,50,KIJANG,TANJUNG PINANG,TNJ,86.50,"15,170.19","15,211.08"
2024,09,51,JUWATA,TARAKAN,TRK,88.20,"15,459.57","15,501.24"
2024,09,52,BABULLAH,TERNATE,TTE,88.80,"15,570.87","15,612.84"
2024,09,53,HASANUDDIN,UJUNG PANDANG,UPG,87.70,"15,326.01","15,367.32"
2024,09,54,MAU HAU,WAINGAPU,WGP,87.20,"15,292.62","15,333.84"
2024,09,55,ISWAHYUDI,MADIUN,WIAR (ICAO),87.10,"15,303.75","15,345.00"
2024,09,56,DUMATUBUN,TUAL,LUV,88.80,"15,570.87","15,612.84"
2024,09,57,SILANGIT,SIBORONG-BORONG,DTB,84.20,"14,747.25","14,787.00"
2024,09,58,KALIMARAU,BERAU,BEJ,88.20,"15,459.57","15,501.24"
2024,09,59,KOMODO,LABUAN BAJO,LBJ,85.30,"14,947.59","14,987.88"
2024,09,60,KUALANAMU,DELI SERDANG,KNO,86.20,"15,058.89","15,099.48"
2024,09,61,TAMPA PADANG,MAMUJU,MJU,88.40,"15,492.96","15,534.72"
2024,09,62,F.L. TOBING,PINANGSORI,FLZ,87.10,"15,270.36","15,311.52"
2024,09,63,MOZES KILANGIN,TIMIKA,TIM,88.80,"15,570.87","15,612.84"
2024,09,64,H.A.S. HANANDJOEDDIN,TANJUNG PANDAN,TJQ,88.50,"15,559.74","15,601.68"
2024,09,65,BLIMBINGSARI,BANYUWANGI,BWX,87.20,"15,292.62","15,333.84"
2024,09,66,TAMBOLAKA,SUMBA BARAT,TMC,90.00,"15,815.73","15,858.36"
2024,09,67,BINAKA,GUNUNGSITOLI,GNS,87.10,"15,270.36","15,311.52"
2024,09,68,KULONPROGO,YOGYAKARTA,YIA,87.00,"15,248.10","15,289.20"
2024,09,69,KUABANG,HALMAHERA UTARA,KAZ,88.70,"15,570.87","15,612.84"
2024,09,70,JENDERAL BESAR SOEDIRMAN,PURBALINGGA,PWL,87.00,"15,248.10","15,289.20"
2024,09,71,MATHILDA BATLAYERI,SAUMLAKI,SXK,88.30,"15,570.87","15,612.84"
2024,09,72,BUDIARTO,CURUG,BTO,86.80,-,#VALUE!
2024,09,73,DHOHO,KEDIRI,DHX,86.20,"15,081.15","15,121.80"
2024,10,1,APT PRANOTO,SAMARINDA,AAP,84.60,"14,290.92","14,329.44"
2024,10,2,PATTIMURA,AMBON,AMQ,85.30,"14,424.48","14,463.36"
2024,10,3,SYAMSUDDIN NOOR,BANJARMASIN,BDJ,84.60,"14,290.92","14,329.44"
2024,10,4,HUSEIN SASTRANEGARA,BANDUNG,BDO,83.20,"14,057.19","14,095.08"
2024,10,5,FRANS KAISIEPO,BIAK,BIK,85.30,"14,413.35","14,452.20"
2024,10,6,FATMAWATI SOEKARNOPUTRI,BENGKULU,BKS,85.00,"14,391.09","14,429.88"
2024,10,7,M. SALAHUDDIN,BIMA,BMU,83.60,"14,135.10","14,173.20"
2024,10,8,SEPINGGAN,BALIKPAPAN,BPN,82.20,"13,867.98","13,905.36"
2024,10,9,HANG NADIM,BATAM,BTH,82.50,"12,547.53","12,585.06"
2024,10,10,SULTAN ISKANDAR MUDA,BANDA ACEH,BTJ,83.50,"14,101.71","14,139.72"
2024,10,11,SOEKARNO HATTA,CENGKARENG,CGK,71.50,"12,053.79","12,086.28"
2024,10,12,TUNGGUL WULUNG,CILACAP,CXP,83.40,"14,090.58","14,128.56"
2024,10,13,SULTAN THAHA,JAMBI,DJB,82.50,"13,979.28","14,016.96"
2024,10,14,SENTANI,JAYAPURA,DJJ,84.90,"14,290.92","14,329.44"
2024,10,15,NGURAH RAI,DENPASAR,DPS,83.60,"14,090.58","14,128.56"
2024,10,16,PINANG KAMPAI,DUMAI,DUM,83.50,"14,101.71","14,139.72"
2024,10,17,H. AROEBOESMAN,ENDE,ENE,83.60,"14,135.10","14,173.20"
2024,10,18,JALALUDDIN,GORONTALO,GTO,84.90,"14,357.70","14,396.40"
2024,10,19,HALIM PERDANAKUSUMA,JAKARTA,HLP,78.70,"13,278.09","13,313.88"
2024,10,20,ADISUCIPTO,YOGYAKARTA,JOG,83.50,"14,090.58","14,128.56"
2024,10,21,WOLTER MONGINSIDI,KENDARI,KDI,84.90,"14,357.70","14,396.40"
2024,10,22,UTAROM,KAIMANA,KNG,85.30,"14,413.35","14,452.20"
2024,10,23,ELTARI,KUPANG,KOE,81.30,"13,701.03","13,737.96"
2024,10,24,LOMBOK INTERNATIONAL,MATARAM,LOP,80.60,"13,611.99","13,648.68"
2024,10,25,BUBUNG,LUWUK,LUW,84.90,"14,357.70","14,396.40"
2024,10,26,SAM RATULANGI,MANADO,MDC,84.90,"14,290.92","14,329.44"
2024,10,27,POLONIA,MEDAN,MES,83.50,"14,101.71","14,139.72"
2024,10,28,MOPAH,MERAUKE,MKQ,85.30,"14,413.35","14,452.20"
2024,10,29,RENDANI,MANOKWARI,MKW,85.30,"14,413.35","14,452.20"
2024,10,30,KERTAJATI,MAJALENGKA,KJT,78.00,"12,053.79","12,086.28"
2024,10,31,ABDURACHMAN SALEH,MALANG,MLG,83.70,"14,146.23","14,184.36"
2024,10,32,WAI OTI,MAUMERE,MOF,83.60,"14,135.10","14,173.20"
2024,10,33,PANIAI,NABIRE,NBX,85.30,"14,424.48","14,463.36"
2024,10,34,RANAI,NATUNA,NTX,83.50,"14,101.71","14,139.72"
2024,10,35,PONDOK CABE,JAKARTA,PCB,83.20,"14,068.32","14,106.24"
2024,10,36,MINANGKABAU,PADANG,PDG,83.50,"13,923.63","13,961.16"
2024,10,37,DEPATI AMIR,PANGKAL PINANG,PGK,82.40,"13,923.63","13,961.16"
2024,10,38,ISKANDAR,PANGKALAN BUN,PKN,84.60,"14,290.92","14,329.44"
2024,10,39,SULTAN SYARIF KASIM II,PEKANBARU,PKU,83.50,"14,101.71","14,139.72"
2024,10,40,TJILIK RIWUT,PALANGKARAYA,PKY,84.60,"14,290.92","14,329.44"
2024,10,41,SULTAN MAHMUD BADARUDDIN II,PALEMBANG,PLM,82.40,"13,923.63","13,961.16"
2024,10,42,MUTIARA,PALU,PLW,84.90,"14,357.70","14,396.40"
2024,10,43,SUPADIO,PONTIANAK,PNK,84.60,"14,290.92","14,329.44"
2024,10,44,H. ASAN,SAMPIT,SMQ,84.60,"14,290.92","14,329.44"
2024,10,45,ADISUMARMO,SOLO,SOC,83.40,"14,090.58","14,128.56"
2024,10,46,SORONG DARATAN,SORONG,SOQ,85.30,"14,290.92","14,329.44"
2024,10,47,ACHMAD YANI,SEMARANG,SRG,83.20,"14,034.93","14,072.76"
2024,10,48,JUANDA,SURABAYA,SUB,82.20,"13,856.85","13,894.20"
2024,10,49,RADEN INTEN II,BANDAR LAMPUNG,TKG,81.10,"13,834.59","13,871.88"
2024,10,50,KIJANG,TANJUNG PINANG,TNJ,82.90,"14,012.67","14,050.44"
2024,10,51,JUWATA,TARAKAN,TRK,84.60,"14,290.92","14,329.44"
2024,10,52,BABULLAH,TERNATE,TTE,85.30,"14,413.35","14,452.20"
2024,10,53,HASANUDDIN,UJUNG PANDANG,UPG,84.10,"14,179.62","14,217.84"
2024,10,54,MAU HAU,WAINGAPU,WGP,83.60,"14,135.10","14,173.20"
2024,10,55,ISWAHYUDI,MADIUN,WIAR (ICAO),83.50,"14,146.23","14,184.36"
2024,10,56,DUMATUBUN,TUAL,LUV,85.30,"14,424.48","14,463.36"
2024,10,57,SILANGIT,SIBORONG-BORONG,DTB,80.50,"13,600.86","13,637.52"
2024,10,58,KALIMARAU,BERAU,BEJ,84.60,"14,290.92","14,329.44"
2024,10,59,KOMODO,LABUAN BAJO,LBJ,81.70,"13,801.20","13,838.40"
2024,10,60,KUALANAMU,DELI SERDANG,KNO,82.60,"13,901.37","13,938.84"
2024,10,61,TAMPA PADANG,MAMUJU,MJU,84.90,"14,335.44","14,374.08"
2024,10,62,F.L. TOBING,PINANGSORI,FLZ,83.50,"14,101.71","14,139.72"
2024,10,63,MOZES KILANGIN,TIMIKA,TIM,85.30,"14,413.35","14,452.20"
2024,10,64,H.A.S. HANANDJOEDDIN,TANJUNG PANDAN,TJQ,85.00,"14,391.09","14,429.88"
2024,10,65,BLIMBINGSARI,BANYUWANGI,BWX,83.60,"14,135.10","14,173.20"
2024,10,66,TAMBOLAKA,SUMBA BARAT,TMC,86.50,"14,647.08","14,686.56"
2024,10,67,BINAKA,GUNUNGSITOLI,GNS,83.50,"14,101.71","14,139.72"
2024,10,68,KULONPROGO,YOGYAKARTA,YIA,83.40,"14,090.58","14,128.56"
2024,10,69,KUABANG,HALMAHERA UTARA,KAZ,85.20,"14,424.48","14,463.36"
2024,10,70,JENDERAL BESAR SOEDIRMAN,PURBALINGGA,PWL,83.40,"14,090.58","14,128.56"
2024,10,71,MATHILDA BATLAYERI,SAUMLAKI,SXK,84.80,"14,424.48","14,463.36"
2024,10,72,BUDIARTO,CURUG,BTO,83.30,-,#VALUE!
2024,10,73,DHOHO,KEDIRI,DHX,82.60,"13,923.63","13,961.16"
2024,11,1,APT PRANOTO,SAMARINDA,AAP,85.60,"14,491.26","14,530.32"
2024,11,2,PATTIMURA,AMBON,AMQ,86.30,"14,624.82","14,664.24"
2024,11,3,SYAMSUDDIN NOOR,BANJARMASIN,BDJ,85.60,"14,491.26","14,530.32"
2024,11,4,HUSEIN SASTRANEGARA,BANDUNG,BDO,84.30,"14,268.66","14,307.12"
2024,11,5,FRANS KAISIEPO,BIAK,BIK,86.30,"14,613.69","14,653.08"
2024,11,6,FATMAWATI SOEKARNOPUTRI,BENGKULU,BKS,86.00,"14,591.43","14,630.76"
2024,11,7,M. SALAHUDDIN,BIMA,BMU,84.70,"14,335.44","14,374.08"
2024,11,8,SEPINGGAN,BALIKPAPAN,BPN,83.20,"14,068.32","14,106.24"
2024,11,9,HANG NADIM,BATAM,BTH,83.50,"12,738.10","12,776.20"
2024,11,10,SULTAN ISKANDAR MUDA,BANDA ACEH,BTJ,84.50,"14,302.05","14,340.60"
2024,11,11,SOEKARNO HATTA,CENGKARENG,CGK,72.60,"12,265.26","12,298.32"
2024,11,12,TUNGGUL WULUNG,CILACAP,CXP,84.50,"14,302.05","14,340.60"
2024,11,13,SULTAN THAHA,JAMBI,DJB,83.60,"14,179.62","14,217.84"
2024,11,14,SENTANI,JAYAPURA,DJJ,85.90,"14,502.39","14,541.48"
2024,11,15,NGURAH RAI,DENPASAR,DPS,84.70,"14,302.05","14,340.60"
2024,11,16,PINANG KAMPAI,DUMAI,DUM,84.50,"14,302.05","14,340.60"
2024,11,17,H. AROEBOESMAN,ENDE,ENE,84.70,"14,335.44","14,374.08"
2024,11,18,JALALUDDIN,GORONTALO,GTO,86.00,"14,558.04","14,597.28"
2024,11,19,HALIM PERDANAKUSUMA,JAKARTA,HLP,79.70,"13,489.56","13,525.92"
2024,11,20,ADISUCIPTO,YOGYAKARTA,JOG,84.50,"14,302.05","14,340.60"
2024,11,21,WOLTER MONGINSIDI,KENDARI,KDI,86.00,"14,558.04","14,597.28"
2024,11,22,UTAROM,KAIMANA,KNG,86.30,"14,613.69","14,653.08"
2024,11,23,ELTARI,KUPANG,KOE,82.40,"13,901.37","13,938.84"
2024,11,24,LOMBOK INTERNATIONAL,MATARAM,LOP,81.70,"13,823.46","13,860.72"
2024,11,25,BUBUNG,LUWUK,LUW,86.00,"14,558.04","14,597.28"
2024,11,26,SAM RATULANGI,MANADO,MDC,86.00,"14,502.39","14,541.48"
2024,11,27,POLONIA,MEDAN,MES,84.50,"14,302.05","14,340.60"
2024,11,28,MOPAH,MERAUKE,MKQ,86.30,"14,613.69","14,653.08"
2024,11,29,RENDANI,MANOKWARI,MKW,86.30,"14,613.69","14,653.08"
2024,11,30,KERTAJATI,MAJALENGKA,KJT,79.10,"12,265.26","12,298.32"
2024,11,31,ABDURACHMAN SALEH,MALANG,MLG,84.70,"14,346.57","14,385.24"
2024,11,32,WAI OTI,MAUMERE,MOF,84.70,"14,335.44","14,374.08"
2024,11,33,PANIAI,NABIRE,NBX,86.30,"14,624.82","14,664.24"
2024,11,34,RANAI,NATUNA,NTX,84.50,"14,302.05","14,340.60"
2024,11,35,PONDOK CABE,JAKARTA,PCB,84.30,"14,268.66","14,307.12"
2024,11,36,MINANGKABAU,PADANG,PDG,84.50,"14,135.10","14,173.20"
2024,11,37,DEPATI AMIR,PANGKAL PINANG,PGK,83.40,"14,123.97","14,162.04"
2024,11,38,ISKANDAR,PANGKALAN BUN,PKN,85.60,"14,491.26","14,530.32"
2024,11,39,SULTAN SYARIF KASIM II,PEKANBARU,PKU,84.50,"14,302.05","14,340.60"
2024,11,40,TJILIK RIWUT,PALANGKARAYA,PKY,85.60,"14,491.26","14,530.32"
2024,11,41,SULTAN MAHMUD BADARUDDIN II,PALEMBANG,PLM,83.40,"14,123.97","14,162.04"
2024,11,42,MUTIARA,PALU,PLW,86.00,"14,558.04","14,597.28"
2024,11,43,SUPADIO,PONTIANAK,PNK,85.60,"14,491.26","14,530.32"
2024,11,44,H. ASAN,SAMPIT,SMQ,85.60,"14,491.26","14,530.32"
2024,11,45,ADISUMARMO,SOLO,SOC,84.50,"14,302.05","14,340.60"
2024,11,46,SORONG DARATAN,SORONG,SOQ,86.30,"14,502.39","14,541.48"
2024,11,47,ACHMAD YANI,SEMARANG,SRG,84.20,"14,246.40","14,284.80"
2024,11,48,JUANDA,SURABAYA,SUB,83.30,"14,057.19","14,095.08"
2024,11,49,RADEN INTEN II,BANDAR LAMPUNG,TKG,82.10,"14,034.93","14,072.76"
2024,11,50,KIJANG,TANJUNG PINANG,TNJ,83.90,"14,224.14","14,262.48"
2024,11,51,JUWATA,TARAKAN,TRK,85.60,"14,491.26","14,530.32"
2024,11,52,BABULLAH,TERNATE,TTE,86.30,"14,613.69","14,653.08"
2024,11,53,HASANUDDIN,UJUNG PANDANG,UPG,85.20,"14,379.96","14,418.72"
2024,11,54,MAU HAU,WAINGAPU,WGP,84.70,"14,335.44","14,374.08"
2024,11,55,ISWAHYUDI,MADIUN,WIAR (ICAO),84.60,"14,346.57","14,385.24"
2024,11,56,DUMATUBUN,TUAL,LUV,86.30,"14,624.82","14,664.24"
2024,11,57,SILANGIT,SIBORONG-BORONG,DTB,81.60,"13,812.33","13,849.56"
2024,11,58,KALIMARAU,BERAU,BEJ,85.60,"14,491.26","14,530.32"
2024,11,59,KOMODO,LABUAN BAJO,LBJ,82.80,"14,012.67","14,050.44"
2024,11,60,KUALANAMU,DELI SERDANG,KNO,83.60,"14,112.84","14,150.88"
2024,11,61,TAMPA PADANG,MAMUJU,MJU,86.00,"14,546.91","14,586.12"
2024,11,62,F.L. TOBING,PINANGSORI,FLZ,84.50,"14,302.05","14,340.60"
2024,11,63,MOZES KILANGIN,TIMIKA,TIM,86.30,"14,613.69","14,653.08"
2024,11,64,H.A.S. HANANDJOEDDIN,TANJUNG PANDAN,TJQ,86.00,"14,602.56","14,641.92"
2024,11,65,BLIMBINGSARI,BANYUWANGI,BWX,84.70,"14,335.44","14,374.08"
2024,11,66,TAMBOLAKA,SUMBA BARAT,TMC,87.50,"14,858.55","14,898.60"
2024,11,67,BINAKA,GUNUNGSITOLI,GNS,84.50,"14,302.05","14,340.60"
2024,11,68,KULONPROGO,YOGYAKARTA,YIA,84.40,"14,302.05","14,340.60"
2024,11,69,KUABANG,HALMAHERA UTARA,KAZ,86.20,"14,624.82","14,664.24"
2024,11,70,JENDERAL BESAR SOEDIRMAN,PURBALINGGA,PWL,84.50,"14,302.05","14,340.60"
2024,11,71,MATHILDA BATLAYERI,SAUMLAKI,SXK,85.80,"14,624.82","14,664.24"
2024,11,72,BUDIARTO,CURUG,BTO,84.30,-,#VALUE!
2024,11,73,DHOHO,KEDIRI,DHX,83.60,"14,123.97","14,162.04"
2024,12,1,APT PRANOTO,SAMARINDA,AAP,86.30,"14,914.20","14,954.40"
2024,12,2,PATTIMURA,AMBON,AMQ,86.90,"15,047.76","15,088.32"
2024,12,3,SYAMSUDDIN NOOR,BANJARMASIN,BDJ,86.30,"14,914.20","14,954.40"
2024,12,4,HUSEIN SASTRANEGARA,BANDUNG,BDO,85.00,"14,691.60","14,731.20"
2024,12,5,FRANS KAISIEPO,BIAK,BIK,86.90,"15,036.63","15,077.16"
2024,12,6,FATMAWATI SOEKARNOPUTRI,BENGKULU,BKS,86.60,"15,014.37","15,054.84"
2024,12,7,M. SALAHUDDIN,BIMA,BMU,85.30,"14,758.38","14,798.16"
2024,12,8,SEPINGGAN,BALIKPAPAN,BPN,83.90,"14,491.26","14,530.32"
2024,12,9,HANG NADIM,BATAM,BTH,84.20,"13,119.24","13,158.48"
2024,12,10,SULTAN ISKANDAR MUDA,BANDA ACEH,BTJ,85.20,"14,724.99","14,764.68"
2024,12,11,SOEKARNO HATTA,CENGKARENG,CGK,73.50,"12,688.20","12,722.40"
2024,12,12,TUNGGUL WULUNG,CILACAP,CXP,85.20,"14,724.99","14,764.68"
2024,12,13,SULTAN THAHA,JAMBI,DJB,84.20,"14,602.56","14,641.92"
2024,12,14,SENTANI,JAYAPURA,DJJ,86.60,"14,925.33","14,965.56"
2024,12,15,NGURAH RAI,DENPASAR,DPS,85.30,"14,724.99","14,764.68"
2024,12,16,PINANG KAMPAI,DUMAI,DUM,85.20,"14,724.99","14,764.68"
2024,12,17,H. AROEBOESMAN,ENDE,ENE,85.30,"14,758.38","14,798.16"
2024,12,18,JALALUDDIN,GORONTALO,GTO,86.60,"14,980.98","15,021.36"
2024,12,19,HALIM PERDANAKUSUMA,JAKARTA,HLP,80.50,"13,912.50","13,950.00"
2024,12,20,ADISUCIPTO,YOGYAKARTA,JOG,85.20,"14,724.99","14,764.68"
2024,12,21,WOLTER MONGINSIDI,KENDARI,KDI,86.60,"14,980.98","15,021.36"
2024,12,22,UTAROM,KAIMANA,KNG,86.90,"15,036.63","15,077.16"
2024,12,23,ELTARI,KUPANG,KOE,83.10,"14,324.31","14,362.92"
2024,12,24,LOMBOK INTERNATIONAL,MATARAM,LOP,82.40,"14,246.40","14,284.80"
2024,12,25,BUBUNG,LUWUK,LUW,86.60,"14,980.98","15,021.36"
2024,12,26,SAM RATULANGI,MANADO,MDC,86.60,"14,925.33","14,965.56"
2024,12,27,POLONIA,MEDAN,MES,85.20,"14,724.99","14,764.68"
2024,12,28,MOPAH,MERAUKE,MKQ,86.90,"15,036.63","15,077.16"
2024,12,29,RENDANI,MANOKWARI,MKW,86.90,"15,036.63","15,077.16"
2024,12,30,KERTAJATI,MAJALENGKA,KJT,79.90,"12,688.20","12,722.40"
2024,12,31,ABDURACHMAN SALEH,MALANG,MLG,85.40,"14,769.51","14,809.32"
2024,12,32,WAI OTI,MAUMERE,MOF,85.30,"14,758.38","14,798.16"
2024,12,33,PANIAI,NABIRE,NBX,86.90,"15,047.76","15,088.32"
2024,12,34,RANAI,NATUNA,NTX,85.20,"14,724.99","14,764.68"
2024,12,35,PONDOK CABE,JAKARTA,PCB,85.00,"14,691.60","14,731.20"
2024,12,36,MINANGKABAU,PADANG,PDG,85.20,"14,558.04","14,597.28"
2024,12,37,DEPATI AMIR,PANGKAL PINANG,PGK,84.10,"14,546.91","14,586.12"
2024,12,38,ISKANDAR,PANGKALAN BUN,PKN,86.30,"14,914.20","14,954.40"
2024,12,39,SULTAN SYARIF KASIM II,PEKANBARU,PKU,85.20,"14,724.99","14,764.68"
2024,12,40,TJILIK RIWUT,PALANGKARAYA,PKY,86.30,"14,914.20","14,954.40"
2024,12,41,SULTAN MAHMUD BADARUDDIN II,PALEMBANG,PLM,84.10,"14,546.91","14,586.12"
2024,12,42,MUTIARA,PALU,PLW,86.60,"14,980.98","15,021.36"
2024,12,43,SUPADIO,PONTIANAK,PNK,86.30,"14,914.20","14,954.40"
2024,12,44,H. ASAN,SAMPIT,SMQ,86.30,"14,914.20","14,954.40"
2024,12,45,ADISUMARMO,SOLO,SOC,85.20,"14,724.99","14,764.68"
2024,12,46,SORONG DARATAN,SORONG,SOQ,86.90,"14,925.33","14,965.56"
2024,12,47,ACHMAD YANI,SEMARANG,SRG,84.90,"14,669.34","14,708.88"
2024,12,48,JUANDA,SURABAYA,SUB,84.00,"14,480.13","14,519.16"
2024,12,49,RADEN INTEN II,BANDAR LAMPUNG,TKG,82.80,"14,457.87","14,496.84"
2024,12,50,KIJANG,TANJUNG PINANG,TNJ,84.60,"14,647.08","14,686.56"
2024,12,51,JUWATA,TARAKAN,TRK,86.30,"14,914.20","14,954.40"
2024,12,52,BABULLAH,TERNATE,TTE,86.90,"15,036.63","15,077.16"
2024,12,53,HASANUDDIN,UJUNG PANDANG,UPG,85.80,"14,802.90","14,842.80"
2024,12,54,MAU HAU,WAINGAPU,WGP,85.30,"14,758.38","14,798.16"
2024,12,55,ISWAHYUDI,MADIUN,WIAR (ICAO),85.30,"14,769.51","14,809.32"
2024,12,56,DUMATUBUN,TUAL,LUV,86.90,"15,047.76","15,088.32"
2024,12,57,SILANGIT,SIBORONG-BORONG,DTB,82.30,"14,235.27","14,273.64"
2024,12,58,KALIMARAU,BERAU,BEJ,86.30,"14,914.20","14,954.40"
2024,12,59,KOMODO,LABUAN BAJO,LBJ,83.50,"14,435.61","14,474.52"
2024,12,60,KUALANAMU,DELI SERDANG,KNO,84.30,"14,535.78","14,574.96"
2024,12,61,TAMPA PADANG,MAMUJU,MJU,86.60,"14,969.85","15,010.20"
2024,12,62,F.L. TOBING,PINANGSORI,FLZ,85.20,"14,724.99","14,764.68"
2024,12,63,MOZES KILANGIN,TIMIKA,TIM,86.90,"15,036.63","15,077.16"
2024,12,64,H.A.S. HANANDJOEDDIN,TANJUNG PANDAN,TJQ,86.70,"15,025.50","15,066.00"
2024,12,65,BLIMBINGSARI,BANYUWANGI,BWX,85.30,"14,758.38","14,798.16"
2024,12,66,TAMBOLAKA,SUMBA BARAT,TMC,86.60,"15,025.50","15,066.00"
2024,12,67,BINAKA,GUNUNGSITOLI,GNS,85.20,"14,724.99","14,764.68"
2024,12,68,KULONPROGO,YOGYAKARTA,YIA,85.10,"14,724.99","14,764.68"
2024,12,69,KUABANG,HALMAHERA UTARA,KAZ,86.80,"15,047.76","15,088.32"
2024,12,70,JENDERAL BESAR SOEDIRMAN,PURBALINGGA,PWL,85.20,"14,724.99","14,764.68"
2024,12,71,MATHILDA BATLAYERI,SAUMLAKI,SXK,86.40,"15,047.76","15,088.32"
2024,12,72,BUDIARTO,CURUG,BTO,85.00,-,#VALUE!
2024,12,73,DHOHO,KEDIRI,DHX,84.30,"14,546.91","14,586.12"