Negara,Waktu Id (Dim Waktu Bulanan.Csv),Kategori,Avg Kurs Tengah,Jumlah Penumpang
AUSTRALIA,202001,INTERNASIONAL,13732.23,20564
SELANDIA BARU,202001,INTERNASIONAL,13732.23,8765
MALAYSIA,202001,INTERNASIONAL,13732.23,876
THAILAND,202001,INTERNASIONAL,13732.23,38723
THAILAND,202001,INTERNASIONAL,13732.23,17127
AUSTRALIA,202001,INTERNASIONAL,13732.23,34541
CHINA,202001,INTERNASIONAL,13732.23,24445
CHINA,202001,INTERNASIONAL,13732.23,41111
CHINA,202001,INTERNASIONAL,13732.23,4862
AUSTRALIA,202001,INTERNASIONAL,13732.23,5778
CHINA,202001,INTERNASIONAL,13732.23,5309
TIMOR LESTE,202001,INTERNASIONAL,13732.23,8801
QATAR,202001,INTERNASIONAL,13732.23,56208
HONG KONG,202001,INTERNASIONAL,13732.23,15757
ARAB SAUDI,202001,INTERNASIONAL,13732.23,4789
ARAB SAUDI,202001,INTERNASIONAL,13732.23,26465
MALAYSIA,202001,INTERNASIONAL,13732.23,5834
MALAYSIA,202001,INTERNASIONAL,13732.23,10593
MALAYSIA,202001,INTERNASIONAL,13732.23,13551
MALAYSIA,202001,INTERNASIONAL,13732.23,24850
MALAYSIA,202001,INTERNASIONAL,13732.23,24915
MALAYSIA,202001,INTERNASIONAL,13732.23,12843
MALAYSIA,202001,INTERNASIONAL,13732.23,8293
MALAYSIA,202001,INTERNASIONAL,13732.23,3197
MALAYSIA,202001,INTERNASIONAL,13732.23,9221
MALAYSIA,202001,INTERNASIONAL,13732.23,60341
MALAYSIA,202001,INTERNASIONAL,13732.23,9774
ARAB SAUDI,202001,INTERNASIONAL,13732.23,9102
MALAYSIA,202001,INTERNASIONAL,13732.23,1652
MALAYSIA,202001,INTERNASIONAL,13732.23,5799
SINGAPURA,202001,INTERNASIONAL,13732.23,8329
SINGAPURA,202001,INTERNASIONAL,13732.23,71105
SINGAPURA,202001,INTERNASIONAL,13732.23,3281
AUSTRALIA,202002,INTERNASIONAL,13776.15,34165
SELANDIA BARU,202002,INTERNASIONAL,13776.15,5847
BELANDA,202002,INTERNASIONAL,13776.15,4061
THAILAND,202002,INTERNASIONAL,13776.15,25452
THAILAND,202002,INTERNASIONAL,13776.15,15888
AUSTRALIA,202002,INTERNASIONAL,13776.15,48027
CHINA,202002,INTERNASIONAL,13776.15,2641
CHINA,202002,INTERNASIONAL,13776.15,1523
AUSTRALIA,202002,INTERNASIONAL,13776.15,10838
TIMOR LESTE,202002,INTERNASIONAL,13776.15,5741
QATAR,202002,INTERNASIONAL,13776.15,52010
HONG KONG,202002,INTERNASIONAL,13776.15,5698
ARAB SAUDI,202002,INTERNASIONAL,13776.15,4328
ARAB SAUDI,202002,INTERNASIONAL,13776.15,26604
ARAB SAUDI,202002,INTERNASIONAL,13776.15,5055
MALAYSIA,202002,INTERNASIONAL,13776.15,4365
MALAYSIA,202002,INTERNASIONAL,13776.15,7871
MALAYSIA,202002,INTERNASIONAL,13776.15,10890
MALAYSIA,202002,INTERNASIONAL,13776.15,20085
MALAYSIA,202002,INTERNASIONAL,13776.15,14928
MALAYSIA,202002,INTERNASIONAL,13776.15,8131
MALAYSIA,202002,INTERNASIONAL,13776.15,6503
MALAYSIA,202002,INTERNASIONAL,13776.15,2249
MALAYSIA,202002,INTERNASIONAL,13776.15,7596
MALAYSIA,202002,INTERNASIONAL,13776.15,43713
MALAYSIA,202002,INTERNASIONAL,13776.15,7733
ARAB SAUDI,202002,INTERNASIONAL,13776.15,8594
MALAYSIA,202002,INTERNASIONAL,13776.15,2588
MALAYSIA,202002,INTERNASIONAL,13776.15,4959
SINGAPURA,202002,INTERNASIONAL,13776.15,4898
SINGAPURA,202002,INTERNASIONAL,13776.15,40868
SINGAPURA,202002,INTERNASIONAL,13776.15,1828
AUSTRALIA,202003,INTERNASIONAL,15194.57,9282
SELANDIA BARU,202003,INTERNASIONAL,15194.57,4053
BELANDA,202003,INTERNASIONAL,15194.57,9943
THAILAND,202003,INTERNASIONAL,15194.57,8014
THAILAND,202003,INTERNASIONAL,15194.57,7272
AUSTRALIA,202003,INTERNASIONAL,15194.57,19370
AUSTRALIA,202003,INTERNASIONAL,15194.57,3093
TIMOR LESTE,202003,INTERNASIONAL,15194.57,3573
QATAR,202003,INTERNASIONAL,15194.57,40168
HONG KONG,202003,INTERNASIONAL,15194.57,3007
ARAB SAUDI,202003,INTERNASIONAL,15194.57,2361
ARAB SAUDI,202003,INTERNASIONAL,15194.57,5650
ARAB SAUDI,202003,INTERNASIONAL,15194.57,1050
MALAYSIA,202003,INTERNASIONAL,15194.57,2360
MALAYSIA,202003,INTERNASIONAL,15194.57,3729
MALAYSIA,202003,INTERNASIONAL,15194.57,6248
MALAYSIA,202003,INTERNASIONAL,15194.57,8958
MALAYSIA,202003,INTERNASIONAL,15194.57,7137
MALAYSIA,202003,INTERNASIONAL,15194.57,3388
MALAYSIA,202003,INTERNASIONAL,15194.57,2305
MALAYSIA,202003,INTERNASIONAL,15194.57,3568
MALAYSIA,202003,INTERNASIONAL,15194.57,23066
MALAYSIA,202003,INTERNASIONAL,15194.57,3277
MALAYSIA,202003,INTERNASIONAL,15194.57,2126
SINGAPURA,202003,INTERNASIONAL,15194.57,2399
SINGAPURA,202003,INTERNASIONAL,15194.57,13414
SINGAPURA,202003,INTERNASIONAL,15194.57,693
BELANDA,202004,INTERNASIONAL,15867.43,2279
THAILAND,202004,INTERNASIONAL,15867.43,436
QATAR,202004,INTERNASIONAL,15867.43,2773
MALAYSIA,202004,INTERNASIONAL,15867.43,2005
BELANDA,202005,INTERNASIONAL,14906.19,1149
THAILAND,202005,INTERNASIONAL,14906.19,170
MALAYSIA,202005,INTERNASIONAL,14906.19,486
MALAYSIA,202005,INTERNASIONAL,14906.19,639
BELANDA,202006,INTERNASIONAL,14195.96,1296
THAILAND,202006,INTERNASIONAL,14195.96,110
MALAYSIA,202006,INTERNASIONAL,14195.96,1997
BELANDA,202007,INTERNASIONAL,14582.41,1665
THAILAND,202007,INTERNASIONAL,14582.41,216
QATAR,202007,INTERNASIONAL,14582.41,2414
ARAB SAUDI,202007,INTERNASIONAL,14582.41,22
MALAYSIA,202007,INTERNASIONAL,14582.41,1363
MALAYSIA,202007,INTERNASIONAL,14582.41,2896
SINGAPURA,202007,INTERNASIONAL,14582.41,151
BELANDA,202008,INTERNASIONAL,14724.5,1409
THAILAND,202008,INTERNASIONAL,14724.5,118
QATAR,202008,INTERNASIONAL,14724.5,841
MALAYSIA,202008,INTERNASIONAL,14724.5,1370
MALAYSIA,202008,INTERNASIONAL,14724.5,217
MALAYSIA,202008,INTERNASIONAL,14724.5,2552
MALAYSIA,202008,INTERNASIONAL,14724.5,273
SINGAPURA,202008,INTERNASIONAL,14724.5,244
BELANDA,202009,INTERNASIONAL,14847.96,2180
THAILAND,202009,INTERNASIONAL,14847.96,380
CHINA,202009,INTERNASIONAL,14847.96,320
QATAR,202009,INTERNASIONAL,14847.96,216
MALAYSIA,202009,INTERNASIONAL,14847.96,1460
MALAYSIA,202009,INTERNASIONAL,14847.96,59
MALAYSIA,202009,INTERNASIONAL,14847.96,87
MALAYSIA,202009,INTERNASIONAL,14847.96,2131
MALAYSIA,202009,INTERNASIONAL,14847.96,189
SINGAPURA,202009,INTERNASIONAL,14847.96,483
SINGAPURA,202009,INTERNASIONAL,14847.96,11
BELANDA,202010,INTERNASIONAL,14749.14,2698
THAILAND,202010,INTERNASIONAL,14749.14,555
CHINA,202010,INTERNASIONAL,14749.14,1500
HONG KONG,202010,INTERNASIONAL,14749.14,399
MALAYSIA,202010,INTERNASIONAL,14749.14,1315
MALAYSIA,202010,INTERNASIONAL,14749.14,50
MALAYSIA,202010,INTERNASIONAL,14749.14,3887
MALAYSIA,202010,INTERNASIONAL,14749.14,228
SINGAPURA,202010,INTERNASIONAL,14749.14,1010
SINGAPURA,202010,INTERNASIONAL,14749.14,17
BELANDA,202011,INTERNASIONAL,14236.81,2120
THAILAND,202011,INTERNASIONAL,14236.81,528
CHINA,202011,INTERNASIONAL,14236.81,1815
HONG KONG,202011,INTERNASIONAL,14236.81,526
MALAYSIA,202011,INTERNASIONAL,14236.81,1145
MALAYSIA,202011,INTERNASIONAL,14236.81,1681
SINGAPURA,202011,INTERNASIONAL,14236.81,1113
BELANDA,202012,INTERNASIONAL,14173.09,3558
THAILAND,202012,INTERNASIONAL,14173.09,541
CHINA,202012,INTERNASIONAL,14173.09,1940
HONG KONG,202012,INTERNASIONAL,14173.09,648
MALAYSIA,202012,INTERNASIONAL,14173.09,794
MALAYSIA,202012,INTERNASIONAL,14173.09,1797
MALAYSIA,202012,INTERNASIONAL,14173.09,82
SINGAPURA,202012,INTERNASIONAL,14173.09,1273
BELANDA,202101,INTERNASIONAL,14061.9,796
THAILAND,202101,INTERNASIONAL,14061.9,1157
AUSTRALIA,202101,INTERNASIONAL,14061.9,167
CHINA,202101,INTERNASIONAL,14061.9,1852
CHINA,202101,INTERNASIONAL,14061.9,350
MALAYSIA,202101,INTERNASIONAL,14061.9,1466
MALAYSIA,202101,INTERNASIONAL,14061.9,3412
SINGAPURA,202101,INTERNASIONAL,14061.9,1874
BELANDA,202102,INTERNASIONAL,14042.1,565
THAILAND,202102,INTERNASIONAL,14042.1,772
AUSTRALIA,202102,INTERNASIONAL,14042.1,152
CHINA,202102,INTERNASIONAL,14042.1,1426
CHINA,202102,INTERNASIONAL,14042.1,505
MALAYSIA,202102,INTERNASIONAL,14042.1,1432
MALAYSIA,202102,INTERNASIONAL,14042.1,3126
SINGAPURA,202102,INTERNASIONAL,14042.1,2464
BELANDA,202103,INTERNASIONAL,14417.39,466
THAILAND,202103,INTERNASIONAL,14417.39,844
CHINA,202103,INTERNASIONAL,14417.39,1838
CHINA,202103,INTERNASIONAL,14417.39,784
HONG KONG,202103,INTERNASIONAL,14417.39,700
MALAYSIA,202103,INTERNASIONAL,14417.39,2161
MALAYSIA,202103,INTERNASIONAL,14417.39,5476
SINGAPURA,202103,INTERNASIONAL,14417.39,4546
BELANDA,202104,INTERNASIONAL,14558.18,719
THAILAND,202104,INTERNASIONAL,14558.18,529
CHINA,202104,INTERNASIONAL,14558.18,1897
CHINA,202104,INTERNASIONAL,14558.18,700
HONG KONG,202104,INTERNASIONAL,14558.18,1463
MALAYSIA,202104,INTERNASIONAL,14558.18,2240
MALAYSIA,202104,INTERNASIONAL,14558.18,10425
SINGAPURA,202104,INTERNASIONAL,14558.18,5935
BELANDA,202105,INTERNASIONAL,14323.19,629
THAILAND,202105,INTERNASIONAL,14323.19,410
CHINA,202105,INTERNASIONAL,14323.19,3429
CHINA,202105,INTERNASIONAL,14323.19,417
HONG KONG,202105,INTERNASIONAL,14323.19,1059
MALAYSIA,202105,INTERNASIONAL,14323.19,5954
SINGAPURA,202105,INTERNASIONAL,14323.19,4544
BELANDA,202106,INTERNASIONAL,14338.23,761
THAILAND,202106,INTERNASIONAL,14338.23,393
CHINA,202106,INTERNASIONAL,14338.23,2027
CHINA,202106,INTERNASIONAL,14338.23,652
HONG KONG,202106,INTERNASIONAL,14338.23,1172
MALAYSIA,202106,INTERNASIONAL,14338.23,1848
SINGAPURA,202106,INTERNASIONAL,14338.23,2622
BELANDA,202107,INTERNASIONAL,14511.19,797
THAILAND,202107,INTERNASIONAL,14511.19,359
CHINA,202107,INTERNASIONAL,14511.19,343
HONG KONG,202107,INTERNASIONAL,14511.19,906
MALAYSIA,202107,INTERNASIONAL,14511.19,318
SINGAPURA,202107,INTERNASIONAL,14511.19,4511
BELANDA,202108,INTERNASIONAL,14397.7,905
THAILAND,202108,INTERNASIONAL,14397.7,418
HONG KONG,202108,INTERNASIONAL,14397.7,617
MALAYSIA,202108,INTERNASIONAL,14397.7,149
SINGAPURA,202108,INTERNASIONAL,14397.7,5710
BELANDA,202109,INTERNASIONAL,14256.96,639
THAILAND,202109,INTERNASIONAL,14256.96,587
HONG KONG,202109,INTERNASIONAL,14256.96,383
MALAYSIA,202109,INTERNASIONAL,14256.96,946
SINGAPURA,202109,INTERNASIONAL,14256.96,3412
BELANDA,202110,INTERNASIONAL,14198.45,673
THAILAND,202110,INTERNASIONAL,14198.45,470
BELANDA,202111,INTERNASIONAL,14263.5,576
THAILAND,202111,INTERNASIONAL,14263.5,719
BELANDA,202112,INTERNASIONAL,14328.92,767
THAILAND,202112,INTERNASIONAL,14328.92,869
CHINA,202112,INTERNASIONAL,14328.92,401
CHINA,202112,INTERNASIONAL,14328.92,130
BELANDA,202201,INTERNASIONAL,14335.24,711
THAILAND,202201,INTERNASIONAL,14335.24,599
CHINA,202201,INTERNASIONAL,14335.24,793
MALAYSIA,202201,INTERNASIONAL,14335.24,124
BELANDA,202202,INTERNASIONAL,14351.06,474
THAILAND,202202,INTERNASIONAL,14351.06,522
CHINA,202202,INTERNASIONAL,14351.06,948
BELANDA,202203,INTERNASIONAL,14348.64,804
THAILAND,202203,INTERNASIONAL,14348.64,1524
CHINA,202203,INTERNASIONAL,14348.64,510
QATAR,202203,INTERNASIONAL,14348.64,897
CHINA,202203,INTERNASIONAL,14348.64,162
MALAYSIA,202203,INTERNASIONAL,14348.64,1309
SINGAPURA,202203,INTERNASIONAL,14348.64,1445
BELANDA,202204,INTERNASIONAL,14368.74,1559
THAILAND,202204,INTERNASIONAL,14368.74,4325
CHINA,202204,INTERNASIONAL,14368.74,392
QATAR,202204,INTERNASIONAL,14368.74,7076
HONG KONG,202204,INTERNASIONAL,14368.74,378
MALAYSIA,202204,INTERNASIONAL,14368.74,10435
MALAYSIA,202204,INTERNASIONAL,14368.74,461
MALAYSIA,202204,INTERNASIONAL,14368.74,194
SINGAPURA,202204,INTERNASIONAL,14368.74,17173
AUSTRALIA,202205,INTERNASIONAL,14608,3253
BELANDA,202205,INTERNASIONAL,14608,
THAILAND,202205,INTERNASIONAL,14608,6289
THAILAND,202205,INTERNASIONAL,14608,
AUSTRALIA,202205,INTERNASIONAL,14608,6673
CHINA,202205,INTERNASIONAL,14608,338
AUSTRALIA,202205,INTERNASIONAL,14608,1852
QATAR,202205,INTERNASIONAL,14608,8315
MALAYSIA,202205,INTERNASIONAL,14608,1317
MALAYSIA,202205,INTERNASIONAL,14608,3359
MALAYSIA,202205,INTERNASIONAL,14608,21239
MALAYSIA,202205,INTERNASIONAL,14608,1952
MALAYSIA,202205,INTERNASIONAL,14608,1789
MALAYSIA,202205,INTERNASIONAL,14608,1929
SINGAPURA,202205,INTERNASIONAL,14608,26272
AUSTRALIA,202206,INTERNASIONAL,14688.57,6595
BELANDA,202206,INTERNASIONAL,14688.57,2578
THAILAND,202206,INTERNASIONAL,14688.57,10439
THAILAND,202206,INTERNASIONAL,14688.57,11482
AUSTRALIA,202206,INTERNASIONAL,14688.57,17115
CHINA,202206,INTERNASIONAL,14688.57,491
AUSTRALIA,202206,INTERNASIONAL,14688.57,3245
TIMOR LESTE,202206,INTERNASIONAL,14688.57,1249
QATAR,202206,INTERNASIONAL,14688.57,14787
HONG KONG,202206,INTERNASIONAL,14688.57,353
MALAYSIA,202206,INTERNASIONAL,14688.57,2467
MALAYSIA,202206,INTERNASIONAL,14688.57,5946
MALAYSIA,202206,INTERNASIONAL,14688.57,22593
MALAYSIA,202206,INTERNASIONAL,14688.57,2532
MALAYSIA,202206,INTERNASIONAL,14688.57,2231
MALAYSIA,202206,INTERNASIONAL,14688.57,
SINGAPURA,202206,INTERNASIONAL,14688.57,26736
AUSTRALIA,202207,INTERNASIONAL,14984.38,9423
BELANDA,202207,INTERNASIONAL,14984.38,2609
THAILAND,202207,INTERNASIONAL,14984.38,12763
THAILAND,202207,INTERNASIONAL,14984.38,16327
AUSTRALIA,202207,INTERNASIONAL,14984.38,
CHINA,202207,INTERNASIONAL,14984.38,2035
AUSTRALIA,202207,INTERNASIONAL,14984.38,3766
TIMOR LESTE,202207,INTERNASIONAL,14984.38,2677
QATAR,202207,INTERNASIONAL,14984.38,16961
MALAYSIA,202207,INTERNASIONAL,14984.38,2782
MALAYSIA,202207,INTERNASIONAL,14984.38,6832
MALAYSIA,202207,INTERNASIONAL,14984.38,22222
MALAYSIA,202207,INTERNASIONAL,14984.38,2907
MALAYSIA,202207,INTERNASIONAL,14984.38,2924
MALAYSIA,202207,INTERNASIONAL,14984.38,3222
SINGAPURA,202207,INTERNASIONAL,14984.38,
AUSTRALIA,202208,INTERNASIONAL,14850.64,9922
BELANDA,202208,INTERNASIONAL,14850.64,2346
THAILAND,202208,INTERNASIONAL,14850.64,14077
THAILAND,202208,INTERNASIONAL,14850.64,16654
AUSTRALIA,202208,INTERNASIONAL,14850.64,33112
CHINA,202208,INTERNASIONAL,14850.64,2695
AUSTRALIA,202208,INTERNASIONAL,14850.64,2558
TIMOR LESTE,202208,INTERNASIONAL,14850.64,3257
QATAR,202208,INTERNASIONAL,14850.64,23991
MALAYSIA,202208,INTERNASIONAL,14850.64,2267
MALAYSIA,202208,INTERNASIONAL,14850.64,8553
MALAYSIA,202208,INTERNASIONAL,14850.64,25756
MALAYSIA,202208,INTERNASIONAL,14850.64,2492
MALAYSIA,202208,INTERNASIONAL,14850.64,2625
MALAYSIA,202208,INTERNASIONAL,14850.64,2585
SINGAPURA,202208,INTERNASIONAL,14850.64,27974
AUSTRALIA,202209,INTERNASIONAL,14971.77,9911
BELANDA,202209,INTERNASIONAL,14971.77,2742
THAILAND,202209,INTERNASIONAL,14971.77,14052
THAILAND,202209,INTERNASIONAL,14971.77,16013
AUSTRALIA,202209,INTERNASIONAL,14971.77,35572
CHINA,202209,INTERNASIONAL,14971.77,
TIMOR LESTE,202209,INTERNASIONAL,14971.77,4064
QATAR,202209,INTERNASIONAL,14971.77,23922
HONG KONG,202209,INTERNASIONAL,14971.77,566
MALAYSIA,202209,INTERNASIONAL,14971.77,2864
MALAYSIA,202209,INTERNASIONAL,14971.77,8835
MALAYSIA,202209,INTERNASIONAL,14971.77,26422
MALAYSIA,202209,INTERNASIONAL,14971.77,2778
MALAYSIA,202209,INTERNASIONAL,14971.77,2912
MALAYSIA,202209,INTERNASIONAL,14971.77,2053
MALAYSIA,202209,INTERNASIONAL,14971.77,2917
SINGAPURA,202209,INTERNASIONAL,14971.77,33649
AUSTRALIA,202210,INTERNASIONAL,15417.48,10562
BELANDA,202210,INTERNASIONAL,15417.48,2666
THAILAND,202210,INTERNASIONAL,15417.48,18819
THAILAND,202210,INTERNASIONAL,15417.48,15767
AUSTRALIA,202210,INTERNASIONAL,15417.48,35246
CHINA,202210,INTERNASIONAL,15417.48,2123
TIMOR LESTE,202210,INTERNASIONAL,15417.48,4582
QATAR,202210,INTERNASIONAL,15417.48,24231
HONG KONG,202210,INTERNASIONAL,15417.48,938
MALAYSIA,202210,INTERNASIONAL,15417.48,3291
MALAYSIA,202210,INTERNASIONAL,15417.48,9455
MALAYSIA,202210,INTERNASIONAL,15417.48,2908
MALAYSIA,202210,INTERNASIONAL,15417.48,5325
MALAYSIA,202210,INTERNASIONAL,15417.48,31457
MALAYSIA,202210,INTERNASIONAL,15417.48,2899
MALAYSIA,202210,INTERNASIONAL,15417.48,4979
MALAYSIA,202210,INTERNASIONAL,15417.48,
MALAYSIA,202210,INTERNASIONAL,15417.48,2526
SINGAPURA,202210,INTERNASIONAL,15417.48,39026
SINGAPURA,202210,INTERNASIONAL,15417.48,668
SINGAPURA,202210,INTERNASIONAL,15417.48,1885
AUSTRALIA,202211,INTERNASIONAL,15658.73,8845
BELANDA,202211,INTERNASIONAL,15658.73,2182
THAILAND,202211,INTERNASIONAL,15658.73,25041
THAILAND,202211,INTERNASIONAL,15658.73,11269
AUSTRALIA,202211,INTERNASIONAL,15658.73,28181
CHINA,202211,INTERNASIONAL,15658.73,5937
TIMOR LESTE,202211,INTERNASIONAL,15658.73,3976
QATAR,202211,INTERNASIONAL,15658.73,20449
HONG KONG,202211,INTERNASIONAL,15658.73,1074
MALAYSIA,202211,INTERNASIONAL,15658.73,4061
MALAYSIA,202211,INTERNASIONAL,15658.73,9088
MALAYSIA,202211,INTERNASIONAL,15658.73,3957
MALAYSIA,202211,INTERNASIONAL,15658.73,6595
MALAYSIA,202211,INTERNASIONAL,15658.73,33519
MALAYSIA,202211,INTERNASIONAL,15658.73,2864
MALAYSIA,202211,INTERNASIONAL,15658.73,4897
MALAYSIA,202211,INTERNASIONAL,15658.73,2195
MALAYSIA,202211,INTERNASIONAL,15658.73,3447
SINGAPURA,202211,INTERNASIONAL,15658.73,42247
SINGAPURA,202211,INTERNASIONAL,15658.73,2294
SINGAPURA,202211,INTERNASIONAL,15658.73,3166
AUSTRALIA,202212,INTERNASIONAL,15615,13931
BELANDA,202212,INTERNASIONAL,15615,2627
THAILAND,202212,INTERNASIONAL,15615,27349
THAILAND,202212,INTERNASIONAL,15615,14883
AUSTRALIA,202212,INTERNASIONAL,15615,34075
CHINA,202212,INTERNASIONAL,15615,8396
AUSTRALIA,202212,INTERNASIONAL,15615,858
TIMOR LESTE,202212,INTERNASIONAL,15615,
QATAR,202212,INTERNASIONAL,15615,31414
HONG KONG,202212,INTERNASIONAL,15615,1491
MALAYSIA,202212,INTERNASIONAL,15615,4812
MALAYSIA,202212,INTERNASIONAL,15615,8629
MALAYSIA,202212,INTERNASIONAL,15615,10812
MALAYSIA,202212,INTERNASIONAL,15615,12234
MALAYSIA,202212,INTERNASIONAL,15615,
MALAYSIA,202212,INTERNASIONAL,15615,5661
MALAYSIA,202212,INTERNASIONAL,15615,8959
MALAYSIA,202212,INTERNASIONAL,15615,2523
MALAYSIA,202212,INTERNASIONAL,15615,
SINGAPURA,202212,INTERNASIONAL,15615,49017
SINGAPURA,202212,INTERNASIONAL,15615,3865
SINGAPURA,202212,INTERNASIONAL,15615,7506
AUSTRALIA,202301,INTERNASIONAL,15295.24,18868
BELANDA,202301,INTERNASIONAL,15295.24,2043
THAILAND,202301,INTERNASIONAL,15295.24,23713
THAILAND,202301,INTERNASIONAL,15295.24,13005
AUSTRALIA,202301,INTERNASIONAL,15295.24,36418
CHINA,202301,INTERNASIONAL,15295.24,10152
AUSTRALIA,202301,INTERNASIONAL,15295.24,3461
TIMOR LESTE,202301,INTERNASIONAL,15295.24,4735
QATAR,202301,INTERNASIONAL,15295.24,40983
CHINA,202301,INTERNASIONAL,15295.24,1094
HONG KONG,202301,INTERNASIONAL,15295.24,5242
MALAYSIA,202301,INTERNASIONAL,15295.24,4790
MALAYSIA,202301,INTERNASIONAL,15295.24,8627
MALAYSIA,202301,INTERNASIONAL,15295.24,13049
MALAYSIA,202301,INTERNASIONAL,15295.24,16628
MALAYSIA,202301,INTERNASIONAL,15295.24,38208
MALAYSIA,202301,INTERNASIONAL,15295.24,6209
MALAYSIA,202301,INTERNASIONAL,15295.24,11495
MALAYSIA,202301,INTERNASIONAL,15295.24,2460
MALAYSIA,202301,INTERNASIONAL,15295.24,3417
SINGAPURA,202301,INTERNASIONAL,15295.24,48203
SINGAPURA,202301,INTERNASIONAL,15295.24,5942
SINGAPURA,202301,INTERNASIONAL,15295.24,8200
AUSTRALIA,202302,INTERNASIONAL,15126,11796
BELANDA,202302,INTERNASIONAL,15126,1878
THAILAND,202302,INTERNASIONAL,15126,24781
THAILAND,202302,INTERNASIONAL,15126,10293
AUSTRALIA,202302,INTERNASIONAL,15126,30495
CHINA,202302,INTERNASIONAL,15126,9927
CHINA,202302,INTERNASIONAL,15126,2529
AUSTRALIA,202302,INTERNASIONAL,15126,3876
TIMOR LESTE,202302,INTERNASIONAL,15126,4843
QATAR,202302,INTERNASIONAL,15126,36297
CHINA,202302,INTERNASIONAL,15126,3335
HONG KONG,202302,INTERNASIONAL,15126,5316
MALAYSIA,202302,INTERNASIONAL,15126,4701
MALAYSIA,202302,INTERNASIONAL,15126,8026
MALAYSIA,202302,INTERNASIONAL,15126,12224
MALAYSIA,202302,INTERNASIONAL,15126,13754
MALAYSIA,202302,INTERNASIONAL,15126,36554
MALAYSIA,202302,INTERNASIONAL,15126,5805
MALAYSIA,202302,INTERNASIONAL,15126,12808
MALAYSIA,202302,INTERNASIONAL,15126,2370
MALAYSIA,202302,INTERNASIONAL,15126,3872
SINGAPURA,202302,INTERNASIONAL,15126,43514
SINGAPURA,202302,INTERNASIONAL,15126,4665
SINGAPURA,202302,INTERNASIONAL,15126,9139
AUSTRALIA,202303,INTERNASIONAL,15300.71,13419
SELANDIA BARU,202303,INTERNASIONAL,15300.71,700
BELANDA,202303,INTERNASIONAL,15300.71,2541
THAILAND,202303,INTERNASIONAL,15300.71,30574
THAILAND,202303,INTERNASIONAL,15300.71,11380
AUSTRALIA,202303,INTERNASIONAL,15300.71,32785
CHINA,202303,INTERNASIONAL,15300.71,11782
CHINA,202303,INTERNASIONAL,15300.71,4575
AUSTRALIA,202303,INTERNASIONAL,15300.71,4106
TIMOR LESTE,202303,INTERNASIONAL,15300.71,5977
QATAR,202303,INTERNASIONAL,15300.71,41788
CHINA,202303,INTERNASIONAL,15300.71,4043
HONG KONG,202303,INTERNASIONAL,15300.71,7085
MALAYSIA,202303,INTERNASIONAL,15300.71,4998
MALAYSIA,202303,INTERNASIONAL,15300.71,9301
MALAYSIA,202303,INTERNASIONAL,15300.71,11824
MALAYSIA,202303,INTERNASIONAL,15300.71,13846
MALAYSIA,202303,INTERNASIONAL,15300.71,41413
MALAYSIA,202303,INTERNASIONAL,15300.71,5768
MALAYSIA,202303,INTERNASIONAL,15300.71,11045
MALAYSIA,202303,INTERNASIONAL,15300.71,2188
MALAYSIA,202303,INTERNASIONAL,15300.71,4169
SINGAPURA,202303,INTERNASIONAL,15300.71,46909
SINGAPURA,202303,INTERNASIONAL,15300.71,4935
SINGAPURA,202303,INTERNASIONAL,15300.71,10560
AUSTRALIA,202304,INTERNASIONAL,14866.71,24519
SELANDIA BARU,202304,INTERNASIONAL,14866.71,6192
BELANDA,202304,INTERNASIONAL,14866.71,4114
THAILAND,202304,INTERNASIONAL,14866.71,22541
THAILAND,202304,INTERNASIONAL,14866.71,12687
AUSTRALIA,202304,INTERNASIONAL,14866.71,33551
CHINA,202304,INTERNASIONAL,14866.71,11153
CHINA,202304,INTERNASIONAL,14866.71,548
CHINA,202304,INTERNASIONAL,14866.71,3178
AUSTRALIA,202304,INTERNASIONAL,14866.71,4078
TIMOR LESTE,202304,INTERNASIONAL,14866.71,5411
QATAR,202304,INTERNASIONAL,14866.71,40298
CHINA,202304,INTERNASIONAL,14866.71,3593
HONG KONG,202304,INTERNASIONAL,14866.71,8704
MALAYSIA,202304,INTERNASIONAL,14866.71,4775
MALAYSIA,202304,INTERNASIONAL,14866.71,9185
MALAYSIA,202304,INTERNASIONAL,14866.71,15073
MALAYSIA,202304,INTERNASIONAL,14866.71,17617
MALAYSIA,202304,INTERNASIONAL,14866.71,42664
MALAYSIA,202304,INTERNASIONAL,14866.71,7354
MALAYSIA,202304,INTERNASIONAL,14866.71,12777
MALAYSIA,202304,INTERNASIONAL,14866.71,1319
MALAYSIA,202304,INTERNASIONAL,14866.71,4106
SINGAPURA,202304,INTERNASIONAL,14866.71,52329
SINGAPURA,202304,INTERNASIONAL,14866.71,4603
SINGAPURA,202304,INTERNASIONAL,14866.71,13843
AUSTRALIA,202305,INTERNASIONAL,14810.86,13723
SELANDIA BARU,202305,INTERNASIONAL,14810.86,6642
BELANDA,202305,INTERNASIONAL,14810.86,4104
THAILAND,202305,INTERNASIONAL,14810.86,30186
THAILAND,202305,INTERNASIONAL,14810.86,16104
AUSTRALIA,202305,INTERNASIONAL,14810.86,32631
CHINA,202305,INTERNASIONAL,14810.86,14825
CHINA,202305,INTERNASIONAL,14810.86,4730
CHINA,202305,INTERNASIONAL,14810.86,3095
AUSTRALIA,202305,INTERNASIONAL,14810.86,4188
TIMOR LESTE,202305,INTERNASIONAL,14810.86,4973
QATAR,202305,INTERNASIONAL,14810.86,43579
CHINA,202305,INTERNASIONAL,14810.86,3769
HONG KONG,202305,INTERNASIONAL,14810.86,10170
MALAYSIA,202305,INTERNASIONAL,14810.86,5105
MALAYSIA,202305,INTERNASIONAL,14810.86,9523
MALAYSIA,202305,INTERNASIONAL,14810.86,18838
MALAYSIA,202305,INTERNASIONAL,14810.86,16932
MALAYSIA,202305,INTERNASIONAL,14810.86,48263
MALAYSIA,202305,INTERNASIONAL,14810.86,8467
MALAYSIA,202305,INTERNASIONAL,14810.86,16971
MALAYSIA,202305,INTERNASIONAL,14810.86,1658
MALAYSIA,202305,INTERNASIONAL,14810.86,4089
SINGAPURA,202305,INTERNASIONAL,14810.86,61602
SINGAPURA,202305,INTERNASIONAL,14810.86,6120
SINGAPURA,202305,INTERNASIONAL,14810.86,17827
AUSTRALIA,202306,INTERNASIONAL,14932,16078
SELANDIA BARU,202306,INTERNASIONAL,14932,8405
BELANDA,202306,INTERNASIONAL,14932,4397
THAILAND,202306,INTERNASIONAL,14932,30248
THAILAND,202306,INTERNASIONAL,14932,16390
AUSTRALIA,202306,INTERNASIONAL,14932,34584
CHINA,202306,INTERNASIONAL,14932,14630
CHINA,202306,INTERNASIONAL,14932,4816
CHINA,202306,INTERNASIONAL,14932,2931
AUSTRALIA,202306,INTERNASIONAL,14932,4343
TIMOR LESTE,202306,INTERNASIONAL,14932,5517
QATAR,202306,INTERNASIONAL,14932,46070
CHINA,202306,INTERNASIONAL,14932,2822
HONG KONG,202306,INTERNASIONAL,14932,9704
MALAYSIA,202306,INTERNASIONAL,14932,4713
MALAYSIA,202306,INTERNASIONAL,14932,9470
MALAYSIA,202306,INTERNASIONAL,14932,20833
MALAYSIA,202306,INTERNASIONAL,14932,19170
MALAYSIA,202306,INTERNASIONAL,14932,44524
MALAYSIA,202306,INTERNASIONAL,14932,9872
MALAYSIA,202306,INTERNASIONAL,14932,18998
MALAYSIA,202306,INTERNASIONAL,14932,1759
MALAYSIA,202306,INTERNASIONAL,14932,4141
SINGAPURA,202306,INTERNASIONAL,14932,63816
SINGAPURA,202306,INTERNASIONAL,14932,6404
SINGAPURA,202306,INTERNASIONAL,14932,21085
AUSTRALIA,202307,INTERNASIONAL,15039.75,30221
SELANDIA BARU,202307,INTERNASIONAL,15039.75,11990
BELANDA,202307,INTERNASIONAL,15039.75,5138
THAILAND,202307,INTERNASIONAL,15039.75,33465
THAILAND,202307,INTERNASIONAL,15039.75,18186
AUSTRALIA,202307,INTERNASIONAL,15039.75,36120
CHINA,202307,INTERNASIONAL,15039.75,17004
CHINA,202307,INTERNASIONAL,15039.75,11553
CHINA,202307,INTERNASIONAL,15039.75,4983
AUSTRALIA,202307,INTERNASIONAL,15039.75,4467
TIMOR LESTE,202307,INTERNASIONAL,15039.75,9315
QATAR,202307,INTERNASIONAL,15039.75,61397
CHINA,202307,INTERNASIONAL,15039.75,3376
HONG KONG,202307,INTERNASIONAL,15039.75,11726
MALAYSIA,202307,INTERNASIONAL,15039.75,6786
MALAYSIA,202307,INTERNASIONAL,15039.75,10139
MALAYSIA,202307,INTERNASIONAL,15039.75,22424
MALAYSIA,202307,INTERNASIONAL,15039.75,19728
MALAYSIA,202307,INTERNASIONAL,15039.75,53317
MALAYSIA,202307,INTERNASIONAL,15039.75,9265
MALAYSIA,202307,INTERNASIONAL,15039.75,21551
MALAYSIA,202307,INTERNASIONAL,15039.75,1203
MALAYSIA,202307,INTERNASIONAL,15039.75,7021
SINGAPURA,202307,INTERNASIONAL,15039.75,68049
SINGAPURA,202307,INTERNASIONAL,15039.75,7604
SINGAPURA,202307,INTERNASIONAL,15039.75,22623
AUSTRALIA,202308,INTERNASIONAL,15245.14,18262
SELANDIA BARU,202308,INTERNASIONAL,15245.14,7537
BELANDA,202308,INTERNASIONAL,15245.14,4906
THAILAND,202308,INTERNASIONAL,15245.14,29876
THAILAND,202308,INTERNASIONAL,15245.14,17534
AUSTRALIA,202308,INTERNASIONAL,15245.14,34852
INDIA,202308,INTERNASIONAL,15245.14,7244
CHINA,202308,INTERNASIONAL,15245.14,16775
CHINA,202308,INTERNASIONAL,15245.14,11443
CHINA,202308,INTERNASIONAL,15245.14,6624
AUSTRALIA,202308,INTERNASIONAL,15245.14,4367
TIMOR LESTE,202308,INTERNASIONAL,15245.14,9890
QATAR,202308,INTERNASIONAL,15245.14,61776
CHINA,202308,INTERNASIONAL,15245.14,4234
HONG KONG,202308,INTERNASIONAL,15245.14,10578
MALAYSIA,202308,INTERNASIONAL,15245.14,5358
MALAYSIA,202308,INTERNASIONAL,15245.14,11253
MALAYSIA,202308,INTERNASIONAL,15245.14,19646
MALAYSIA,202308,INTERNASIONAL,15245.14,21299
MALAYSIA,202308,INTERNASIONAL,15245.14,51075
MALAYSIA,202308,INTERNASIONAL,15245.14,8063
MALAYSIA,202308,INTERNASIONAL,15245.14,19541
MALAYSIA,202308,INTERNASIONAL,15245.14,127
MALAYSIA,202308,INTERNASIONAL,15245.14,8400
SINGAPURA,202308,INTERNASIONAL,15245.14,56431
SINGAPURA,202308,INTERNASIONAL,15245.14,6167
SINGAPURA,202308,INTERNASIONAL,15245.14,18871
AUSTRALIA,202309,INTERNASIONAL,15354.2,24241
SELANDIA BARU,202309,INTERNASIONAL,15354.2,7669
BELANDA,202309,INTERNASIONAL,15354.2,5164
THAILAND,202309,INTERNASIONAL,15354.2,30039
THAILAND,202309,INTERNASIONAL,15354.2,16793
AUSTRALIA,202309,INTERNASIONAL,15354.2,35095
INDIA,202309,INTERNASIONAL,15354.2,8172
CHINA,202309,INTERNASIONAL,15354.2,16248
CHINA,202309,INTERNASIONAL,15354.2,11211
CHINA,202309,INTERNASIONAL,15354.2,8666
AUSTRALIA,202309,INTERNASIONAL,15354.2,4336
TIMOR LESTE,202309,INTERNASIONAL,15354.2,9993
QATAR,202309,INTERNASIONAL,15354.2,59492
CHINA,202309,INTERNASIONAL,15354.2,3213
HONG KONG,202309,INTERNASIONAL,15354.2,13256
MALAYSIA,202309,INTERNASIONAL,15354.2,5610
MALAYSIA,202309,INTERNASIONAL,15354.2,13137
MALAYSIA,202309,INTERNASIONAL,15354.2,19631
MALAYSIA,202309,INTERNASIONAL,15354.2,18764
MALAYSIA,202309,INTERNASIONAL,15354.2,54443
MALAYSIA,202309,INTERNASIONAL,15354.2,7682
MALAYSIA,202309,INTERNASIONAL,15354.2,19956
MALAYSIA,202309,INTERNASIONAL,15354.2,7480
SINGAPURA,202309,INTERNASIONAL,15354.2,57694
SINGAPURA,202309,INTERNASIONAL,15354.2,6317
SINGAPURA,202309,INTERNASIONAL,15354.2,18231
AUSTRALIA,202310,INTERNASIONAL,15741.23,26258
SELANDIA BARU,202310,INTERNASIONAL,15741.23,6468
BELANDA,202310,INTERNASIONAL,15741.23,4580
THAILAND,202310,INTERNASIONAL,15741.23,28593
THAILAND,202310,INTERNASIONAL,15741.23,14399
AUSTRALIA,202310,INTERNASIONAL,15741.23,35963
INDIA,202310,INTERNASIONAL,15741.23,8599
EG,202310,INTERNASIONAL,15741.23,514
CHINA,202310,INTERNASIONAL,15741.23,16232
CHINA,202310,INTERNASIONAL,15741.23,10680
CHINA,202310,INTERNASIONAL,15741.23,8029
AUSTRALIA,202310,INTERNASIONAL,15741.23,4311
TIMOR LESTE,202310,INTERNASIONAL,15741.23,9984
QATAR,202310,INTERNASIONAL,15741.23,59505
CHINA,202310,INTERNASIONAL,15741.23,3300
HONG KONG,202310,INTERNASIONAL,15741.23,14572
MALAYSIA,202310,INTERNASIONAL,15741.23,6364
MALAYSIA,202310,INTERNASIONAL,15741.23,13814
MALAYSIA,202310,INTERNASIONAL,15741.23,23654
MALAYSIA,202310,INTERNASIONAL,15741.23,28178
MALAYSIA,202310,INTERNASIONAL,15741.23,64767
MALAYSIA,202310,INTERNASIONAL,15741.23,8457
MALAYSIA,202310,INTERNASIONAL,15741.23,15720
MALAYSIA,202310,INTERNASIONAL,15741.23,6907
SINGAPURA,202310,INTERNASIONAL,15741.23,61220
SINGAPURA,202310,INTERNASIONAL,15741.23,6581
SINGAPURA,202310,INTERNASIONAL,15741.23,18260
AUSTRALIA,202311,INTERNASIONAL,15617.41,16830
BELANDA,202311,INTERNASIONAL,15617.41,2522
THAILAND,202311,INTERNASIONAL,15617.41,32297
THAILAND,202311,INTERNASIONAL,15617.41,10609
AUSTRALIA,202311,INTERNASIONAL,15617.41,35913
INDIA,202311,INTERNASIONAL,15617.41,7477
EG,202311,INTERNASIONAL,15617.41,2925
CHINA,202311,INTERNASIONAL,15617.41,10852
CHINA,202311,INTERNASIONAL,15617.41,9755
CHINA,202311,INTERNASIONAL,15617.41,6553
AUSTRALIA,202311,INTERNASIONAL,15617.41,4350
TIMOR LESTE,202311,INTERNASIONAL,15617.41,10032
QATAR,202311,INTERNASIONAL,15617.41,53333
CHINA,202311,INTERNASIONAL,15617.41,1978
HONG KONG,202311,INTERNASIONAL,15617.41,14238
MALAYSIA,202311,INTERNASIONAL,15617.41,6765
MALAYSIA,202311,INTERNASIONAL,15617.41,12796
MALAYSIA,202311,INTERNASIONAL,15617.41,27355
MALAYSIA,202311,INTERNASIONAL,15617.41,34086
MALAYSIA,202311,INTERNASIONAL,15617.41,61812
MALAYSIA,202311,INTERNASIONAL,15617.41,7324
MALAYSIA,202311,INTERNASIONAL,15617.41,17941
MALAYSIA,202311,INTERNASIONAL,15617.41,7095
SINGAPURA,202311,INTERNASIONAL,15617.41,56822
SINGAPURA,202311,INTERNASIONAL,15617.41,6668
SINGAPURA,202311,INTERNASIONAL,15617.41,19090
AUSTRALIA,202312,INTERNASIONAL,15513.37,27229
BELANDA,202312,INTERNASIONAL,15513.37,4117
THAILAND,202312,INTERNASIONAL,15513.37,32827
THAILAND,202312,INTERNASIONAL,15513.37,12545
AUSTRALIA,202312,INTERNASIONAL,15513.37,37787
INDIA,202312,INTERNASIONAL,15513.37,8235
EG,202312,INTERNASIONAL,15513.37,3501
CHINA,202312,INTERNASIONAL,15513.37,17995
CHINA,202312,INTERNASIONAL,15513.37,10775
CHINA,202312,INTERNASIONAL,15513.37,4701
AUSTRALIA,202312,INTERNASIONAL,15513.37,3669
INDIA,202312,INTERNASIONAL,15513.37,10158
TIMOR LESTE,202312,INTERNASIONAL,15513.37,12863
QATAR,202312,INTERNASIONAL,15513.37,51984
CHINA,202312,INTERNASIONAL,15513.37,1276
HONG KONG,202312,INTERNASIONAL,15513.37,14194
MALAYSIA,202312,INTERNASIONAL,15513.37,6970
MALAYSIA,202312,INTERNASIONAL,15513.37,15077
MALAYSIA,202312,INTERNASIONAL,15513.37,33298
MALAYSIA,202312,INTERNASIONAL,15513.37,34145
MALAYSIA,202312,INTERNASIONAL,15513.37,72174
MALAYSIA,202312,INTERNASIONAL,15513.37,8068
MALAYSIA,202312,INTERNASIONAL,15513.37,20192
MALAYSIA,202312,INTERNASIONAL,15513.37,6675
SINGAPURA,202312,INTERNASIONAL,15513.37,62432
SINGAPURA,202312,INTERNASIONAL,15513.37,6536
SINGAPURA,202312,INTERNASIONAL,15513.37,22608
AUSTRALIA,202401,INTERNASIONAL,15610.82,35571
BELANDA,202401,INTERNASIONAL,15610.82,3894
THAILAND,202401,INTERNASIONAL,15610.82,30221
THAILAND,202401,INTERNASIONAL,15610.82,9623
AUSTRALIA,202401,INTERNASIONAL,15610.82,36807
INDIA,202401,INTERNASIONAL,15610.82,9286
EG,202401,INTERNASIONAL,15610.82,3796
CHINA,202401,INTERNASIONAL,15610.82,21521
CHINA,202401,INTERNASIONAL,15610.82,10839
CHINA,202401,INTERNASIONAL,15610.82,6137
AUSTRALIA,202401,INTERNASIONAL,15610.82,4237
INDIA,202401,INTERNASIONAL,15610.82,9951
TIMOR LESTE,202401,INTERNASIONAL,15610.82,10997
QATAR,202401,INTERNASIONAL,15610.82,54350
QATAR,202401,INTERNASIONAL,15610.82,1200
CHINA,202401,INTERNASIONAL,15610.82,1689
HONG KONG,202401,INTERNASIONAL,15610.82,12646
MALAYSIA,202401,INTERNASIONAL,15610.82,7630
MALAYSIA,202401,INTERNASIONAL,15610.82,14191
MALAYSIA,202401,INTERNASIONAL,15610.82,30940
MALAYSIA,202401,INTERNASIONAL,15610.82,37717
MALAYSIA,202401,INTERNASIONAL,15610.82,68722
MALAYSIA,202401,INTERNASIONAL,15610.82,9399
MALAYSIA,202401,INTERNASIONAL,15610.82,19759
MALAYSIA,202401,INTERNASIONAL,15610.82,7964
SINGAPURA,202401,INTERNASIONAL,15610.82,61619
SINGAPURA,202401,INTERNASIONAL,15610.82,5714
SINGAPURA,202401,INTERNASIONAL,15610.82,19244
AUSTRALIA,202402,INTERNASIONAL,15665.33,15626
BELANDA,202402,INTERNASIONAL,15665.33,3919
MALAYSIA,202402,INTERNASIONAL,15665.33,3242
THAILAND,202402,INTERNASIONAL,15665.33,32042
THAILAND,202402,INTERNASIONAL,15665.33,10984
AUSTRALIA,202402,INTERNASIONAL,15665.33,35698
INDIA,202402,INTERNASIONAL,15665.33,9782
EG,202402,INTERNASIONAL,15665.33,4007
CHINA,202402,INTERNASIONAL,15665.33,23893
CHINA,202402,INTERNASIONAL,15665.33,10480
CHINA,202402,INTERNASIONAL,15665.33,4228
AUSTRALIA,202402,INTERNASIONAL,15665.33,4356
INDIA,202402,INTERNASIONAL,15665.33,9643
TIMOR LESTE,202402,INTERNASIONAL,15665.33,8501
QATAR,202402,INTERNASIONAL,15665.33,53864
QATAR,202402,INTERNASIONAL,15665.33,2963
CHINA,202402,INTERNASIONAL,15665.33,1701
HONG KONG,202402,INTERNASIONAL,15665.33,12529
MALAYSIA,202402,INTERNASIONAL,15665.33,7230
MALAYSIA,202402,INTERNASIONAL,15665.33,16070
MALAYSIA,202402,INTERNASIONAL,15665.33,32912
MALAYSIA,202402,INTERNASIONAL,15665.33,38174
MALAYSIA,202402,INTERNASIONAL,15665.33,71408
MALAYSIA,202402,INTERNASIONAL,15665.33,8905
MALAYSIA,202402,INTERNASIONAL,15665.33,19228
MALAYSIA,202402,INTERNASIONAL,15665.33,6506
SINGAPURA,202402,INTERNASIONAL,15665.33,52194
SINGAPURA,202402,INTERNASIONAL,15665.33,4013
SINGAPURA,202402,INTERNASIONAL,15665.33,16881
AUSTRALIA,202403,INTERNASIONAL,15702.61,17426
SELANDIA BARU,202403,INTERNASIONAL,15702.61,459
BELANDA,202403,INTERNASIONAL,15702.61,4170
MALAYSIA,202403,INTERNASIONAL,15702.61,2999
THAILAND,202403,INTERNASIONAL,15702.61,32451
THAILAND,202403,INTERNASIONAL,15702.61,11280
INDIA,202403,INTERNASIONAL,15702.61,1032
AUSTRALIA,202403,INTERNASIONAL,15702.61,36830
INDIA,202403,INTERNASIONAL,15702.61,8965
EG,202403,INTERNASIONAL,15702.61,1868
CHINA,202403,INTERNASIONAL,15702.61,28904
CHINA,202403,INTERNASIONAL,15702.61,10827
CHINA,202403,INTERNASIONAL,15702.61,7700
AUSTRALIA,202403,INTERNASIONAL,15702.61,3967
INDIA,202403,INTERNASIONAL,15702.61,9792
TIMOR LESTE,202403,INTERNASIONAL,15702.61,9828
QATAR,202403,INTERNASIONAL,15702.61,56500
QATAR,202403,INTERNASIONAL,15702.61,2277
CHINA,202403,INTERNASIONAL,15702.61,1707
HONG KONG,202403,INTERNASIONAL,15702.61,13319
MALAYSIA,202403,INTERNASIONAL,15702.61,7214
MALAYSIA,202403,INTERNASIONAL,15702.61,18607
MALAYSIA,202403,INTERNASIONAL,15702.61,19453
MALAYSIA,202403,INTERNASIONAL,15702.61,23175
MALAYSIA,202403,INTERNASIONAL,15702.61,70044
MALAYSIA,202403,INTERNASIONAL,15702.61,7010
MALAYSIA,202403,INTERNASIONAL,15702.61,14598
MALAYSIA,202403,INTERNASIONAL,15702.61,8317
SINGAPURA,202403,INTERNASIONAL,15702.61,53566
SINGAPURA,202403,INTERNASIONAL,15702.61,3756
SINGAPURA,202403,INTERNASIONAL,15702.61,16650
AUSTRALIA,202404,INTERNASIONAL,16100,28317
SELANDIA BARU,202404,INTERNASIONAL,16100,12002
BELANDA,202404,INTERNASIONAL,16100,4892
MALAYSIA,202404,INTERNASIONAL,16100,3057
THAILAND,202404,INTERNASIONAL,16100,35117
THAILAND,202404,INTERNASIONAL,16100,14885
INDIA,202404,INTERNASIONAL,16100,9640
AUSTRALIA,202404,INTERNASIONAL,16100,34060
INDIA,202404,INTERNASIONAL,16100,8184
EG,202404,INTERNASIONAL,16100,3821
CHINA,202404,INTERNASIONAL,16100,29885
CHINA,202404,INTERNASIONAL,16100,11063
CHINA,202404,INTERNASIONAL,16100,4552
AUSTRALIA,202404,INTERNASIONAL,16100,5295
INDIA,202404,INTERNASIONAL,16100,12690
TIMOR LESTE,202404,INTERNASIONAL,16100,9330
QATAR,202404,INTERNASIONAL,16100,60921
QATAR,202404,INTERNASIONAL,16100,3324
CHINA,202404,INTERNASIONAL,16100,2655
HONG KONG,202404,INTERNASIONAL,16100,15796
ARAB SAUDI,202404,INTERNASIONAL,16100,390
MALAYSIA,202404,INTERNASIONAL,16100,8559
MALAYSIA,202404,INTERNASIONAL,16100,15061
MALAYSIA,202404,INTERNASIONAL,16100,32945
MALAYSIA,202404,INTERNASIONAL,16100,32730
MALAYSIA,202404,INTERNASIONAL,16100,72950
MALAYSIA,202404,INTERNASIONAL,16100,6639
MALAYSIA,202404,INTERNASIONAL,16100,20150
MALAYSIA,202404,INTERNASIONAL,16100,8715
SINGAPURA,202404,INTERNASIONAL,16100,61524
SINGAPURA,202404,INTERNASIONAL,16100,4528
SINGAPURA,202404,INTERNASIONAL,16100,17027
AUSTRALIA,202405,INTERNASIONAL,16083.94,19296
SELANDIA BARU,202405,INTERNASIONAL,16083.94,10691
BELANDA,202405,INTERNASIONAL,16083.94,4473
MALAYSIA,202405,INTERNASIONAL,16083.94,3595
THAILAND,202405,INTERNASIONAL,16083.94,35078
THAILAND,202405,INTERNASIONAL,16083.94,17138
INDIA,202405,INTERNASIONAL,16083.94,10876
AUSTRALIA,202405,INTERNASIONAL,16083.94,35623
INDIA,202405,INTERNASIONAL,16083.94,8422
EG,202405,INTERNASIONAL,16083.94,2813
CHINA,202405,INTERNASIONAL,16083.94,34331
CHINA,202405,INTERNASIONAL,16083.94,11951
CHINA,202405,INTERNASIONAL,16083.94,5782
AUSTRALIA,202405,INTERNASIONAL,16083.94,5748
INDIA,202405,INTERNASIONAL,16083.94,17466
TIMOR LESTE,202405,INTERNASIONAL,16083.94,10231
QATAR,202405,INTERNASIONAL,16083.94,62989
QATAR,202405,INTERNASIONAL,16083.94,1643
CHINA,202405,INTERNASIONAL,16083.94,1203
HONG KONG,202405,INTERNASIONAL,16083.94,15777
MALAYSIA,202405,INTERNASIONAL,16083.94,9196
MALAYSIA,202405,INTERNASIONAL,16083.94,16999
MALAYSIA,202405,INTERNASIONAL,16083.94,8949
MALAYSIA,202405,INTERNASIONAL,16083.94,31355
MALAYSIA,202405,INTERNASIONAL,16083.94,69438
MALAYSIA,202405,INTERNASIONAL,16083.94,6121
MALAYSIA,202405,INTERNASIONAL,16083.94,22287
MALAYSIA,202405,INTERNASIONAL,16083.94,4321
SINGAPURA,202405,INTERNASIONAL,16083.94,59865
SINGAPURA,202405,INTERNASIONAL,16083.94,4125
SINGAPURA,202405,INTERNASIONAL,16083.94,16124
AUSTRALIA,202406,INTERNASIONAL,16329.39,21183
SELANDIA BARU,202406,INTERNASIONAL,16329.39,14662
BELANDA,202406,INTERNASIONAL,16329.39,4836
MALAYSIA,202406,INTERNASIONAL,16329.39,3833
THAILAND,202406,INTERNASIONAL,16329.39,39532
THAILAND,202406,INTERNASIONAL,16329.39,18719
INDIA,202406,INTERNASIONAL,16329.39,10413
AUSTRALIA,202406,INTERNASIONAL,16329.39,38401
INDIA,202406,INTERNASIONAL,16329.39,5727
EG,202406,INTERNASIONAL,16329.39,1737
CHINA,202406,INTERNASIONAL,16329.39,32628
CHINA,202406,INTERNASIONAL,16329.39,11518
CHINA,202406,INTERNASIONAL,16329.39,5991
AUSTRALIA,202406,INTERNASIONAL,16329.39,5640
INDIA,202406,INTERNASIONAL,16329.39,17669
TIMOR LESTE,202406,INTERNASIONAL,16329.39,10736
QATAR,202406,INTERNASIONAL,16329.39,61813
CHINA,202406,INTERNASIONAL,16329.39,1691
HONG KONG,202406,INTERNASIONAL,16329.39,15742
ARAB SAUDI,202406,INTERNASIONAL,16329.39,683
MALAYSIA,202406,INTERNASIONAL,16329.39,4199
MALAYSIA,202406,INTERNASIONAL,16329.39,16542
MALAYSIA,202406,INTERNASIONAL,16329.39,31834
MALAYSIA,202406,INTERNASIONAL,16329.39,30553
MALAYSIA,202406,INTERNASIONAL,16329.39,54224
MALAYSIA,202406,INTERNASIONAL,16329.39,5851
MALAYSIA,202406,INTERNASIONAL,16329.39,18020
MALAYSIA,202406,INTERNASIONAL,16329.39,5580
SINGAPURA,202406,INTERNASIONAL,16329.39,58306
SINGAPURA,202406,INTERNASIONAL,16329.39,3633
SINGAPURA,202406,INTERNASIONAL,16329.39,15427
AUSTRALIA,202407,INTERNASIONAL,16261.65,29761
SELANDIA BARU,202407,INTERNASIONAL,16261.65,18717
BELANDA,202407,INTERNASIONAL,16261.65,4731
MALAYSIA,202407,INTERNASIONAL,16261.65,3430
THAILAND,202407,INTERNASIONAL,16261.65,42483
THAILAND,202407,INTERNASIONAL,16261.65,21255
INDIA,202407,INTERNASIONAL,16261.65,10039
AUSTRALIA,202407,INTERNASIONAL,16261.65,43278
INDIA,202407,INTERNASIONAL,16261.65,10600
EG,202407,INTERNASIONAL,16261.65,4066
CHINA,202407,INTERNASIONAL,16261.65,34012
CHINA,202407,INTERNASIONAL,16261.65,13884
CHINA,202407,INTERNASIONAL,16261.65,6811
AUSTRALIA,202407,INTERNASIONAL,16261.65,2298
AUSTRALIA,202407,INTERNASIONAL,16261.65,5704
INDIA,202407,INTERNASIONAL,16261.65,16841
TIMOR LESTE,202407,INTERNASIONAL,16261.65,12388
QATAR,202407,INTERNASIONAL,16261.65,62001
CHINA,202407,INTERNASIONAL,16261.65,2004
HONG KONG,202407,INTERNASIONAL,16261.65,16101
MALAYSIA,202407,INTERNASIONAL,16261.65,5753
MALAYSIA,202407,INTERNASIONAL,16261.65,16759
MALAYSIA,202407,INTERNASIONAL,16261.65,37946
MALAYSIA,202407,INTERNASIONAL,16261.65,35318
MALAYSIA,202407,INTERNASIONAL,16261.65,66390
MALAYSIA,202407,INTERNASIONAL,16261.65,9258
MALAYSIA,202407,INTERNASIONAL,16261.65,22450
MALAYSIA,202407,INTERNASIONAL,16261.65,4150
SINGAPURA,202407,INTERNASIONAL,16261.65,64215
SINGAPURA,202407,INTERNASIONAL,16261.65,4643
SINGAPURA,202407,INTERNASIONAL,16261.65,10553
AUSTRALIA,202408,INTERNASIONAL,15793.18,14604
SELANDIA BARU,202408,INTERNASIONAL,15793.18,17916
BELANDA,202408,INTERNASIONAL,15793.18,5037
MALAYSIA,202408,INTERNASIONAL,15793.18,3983
MALAYSIA,202408,INTERNASIONAL,15793.18,2861
THAILAND,202408,INTERNASIONAL,15793.18,43037
THAILAND,202408,INTERNASIONAL,15793.18,20526
INDIA,202408,INTERNASIONAL,15793.18,10631
AUSTRALIA,202408,INTERNASIONAL,15793.18,39264
INDIA,202408,INTERNASIONAL,15793.18,10830
EG,202408,INTERNASIONAL,15793.18,6680
CHINA,202408,INTERNASIONAL,15793.18,35164
CHINA,202408,INTERNASIONAL,15793.18,22765
CHINA,202408,INTERNASIONAL,15793.18,8494
AUSTRALIA,202408,INTERNASIONAL,15793.18,891
AUSTRALIA,202408,INTERNASIONAL,15793.18,7474
INDIA,202408,INTERNASIONAL,15793.18,16922
TIMOR LESTE,202408,INTERNASIONAL,15793.18,13163
QATAR,202408,INTERNASIONAL,15793.18,62694
CHINA,202408,INTERNASIONAL,15793.18,3733
HONG KONG,202408,INTERNASIONAL,15793.18,16563
MALAYSIA,202408,INTERNASIONAL,15793.18,5269
MALAYSIA,202408,INTERNASIONAL,15793.18,18910
MALAYSIA,202408,INTERNASIONAL,15793.18,32840
MALAYSIA,202408,INTERNASIONAL,15793.18,37931
MALAYSIA,202408,INTERNASIONAL,15793.18,79261
MALAYSIA,202408,INTERNASIONAL,15793.18,9467
MALAYSIA,202408,INTERNASIONAL,15793.18,20833
MALAYSIA,202408,INTERNASIONAL,15793.18,4552
SINGAPURA,202408,INTERNASIONAL,15793.18,61012
SINGAPURA,202408,INTERNASIONAL,15793.18,4203
SINGAPURA,202408,INTERNASIONAL,15793.18,8629
AUSTRALIA,202409,INTERNASIONAL,15341.25,15407
SELANDIA BARU,202409,INTERNASIONAL,15341.25,14508
BELANDA,202409,INTERNASIONAL,15341.25,4969
MALAYSIA,202409,INTERNASIONAL,15341.25,4307
MALAYSIA,202409,INTERNASIONAL,15341.25,3592
MALAYSIA,202409,INTERNASIONAL,15341.25,2559
THAILAND,202409,INTERNASIONAL,15341.25,39993
THAILAND,202409,INTERNASIONAL,15341.25,19828
INDIA,202409,INTERNASIONAL,15341.25,10011
AUSTRALIA,202409,INTERNASIONAL,15341.25,37662
INDIA,202409,INTERNASIONAL,15341.25,10221
EG,202409,INTERNASIONAL,15341.25,4918
CHINA,202409,INTERNASIONAL,15341.25,34374
CHINA,202409,INTERNASIONAL,15341.25,21288
CHINA,202409,INTERNASIONAL,15341.25,8604
AUSTRALIA,202409,INTERNASIONAL,15341.25,862
AUSTRALIA,202409,INTERNASIONAL,15341.25,9470
INDIA,202409,INTERNASIONAL,15341.25,14450
TIMOR LESTE,202409,INTERNASIONAL,15341.25,12459
QATAR,202409,INTERNASIONAL,15341.25,67566
CHINA,202409,INTERNASIONAL,15341.25,3407
HONG KONG,202409,INTERNASIONAL,15341.25,16336
ARAB SAUDI,202409,INTERNASIONAL,15341.25,2196
MALAYSIA,202409,INTERNASIONAL,15341.25,5457
MALAYSIA,202409,INTERNASIONAL,15341.25,17909
MALAYSIA,202409,INTERNASIONAL,15341.25,34305
MALAYSIA,202409,INTERNASIONAL,15341.25,35542
MALAYSIA,202409,INTERNASIONAL,15341.25,69018
MALAYSIA,202409,INTERNASIONAL,15341.25,8131
MALAYSIA,202409,INTERNASIONAL,15341.25,21389
MALAYSIA,202409,INTERNASIONAL,15341.25,4002
SINGAPURA,202409,INTERNASIONAL,15341.25,52655
SINGAPURA,202409,INTERNASIONAL,15341.25,4140
SINGAPURA,202409,INTERNASIONAL,15341.25,8350
AUSTRALIA,202410,INTERNASIONAL,15541.35,16778
SELANDIA BARU,202410,INTERNASIONAL,15541.35,12390
BELANDA,202410,INTERNASIONAL,15541.35,4536
MALAYSIA,202410,INTERNASIONAL,15541.35,2807
MALAYSIA,202410,INTERNASIONAL,15541.35,3261
MALAYSIA,202410,INTERNASIONAL,15541.35,1982
THAILAND,202410,INTERNASIONAL,15541.35,33910
THAILAND,202410,INTERNASIONAL,15541.35,19233
INDIA,202410,INTERNASIONAL,15541.35,10256
AUSTRALIA,202410,INTERNASIONAL,15541.35,39990
INDIA,202410,INTERNASIONAL,15541.35,10594
EG,202410,INTERNASIONAL,15541.35,4741
CHINA,202410,INTERNASIONAL,15541.35,33432
CHINA,202410,INTERNASIONAL,15541.35,18348
CHINA,202410,INTERNASIONAL,15541.35,8205
AUSTRALIA,202410,INTERNASIONAL,15541.35,973
AUSTRALIA,202410,INTERNASIONAL,15541.35,8869
INDIA,202410,INTERNASIONAL,15541.35,11872
TIMOR LESTE,202410,INTERNASIONAL,15541.35,13420
QATAR,202410,INTERNASIONAL,15541.35,67514
CHINA,202410,INTERNASIONAL,15541.35,3765
HONG KONG,202410,INTERNASIONAL,15541.35,16878
ARAB SAUDI,202410,INTERNASIONAL,15541.35,2026
MALAYSIA,202410,INTERNASIONAL,15541.35,4992
MALAYSIA,202410,INTERNASIONAL,15541.35,17835
MALAYSIA,202410,INTERNASIONAL,15541.35,37576
MALAYSIA,202410,INTERNASIONAL,15541.35,33843
MALAYSIA,202410,INTERNASIONAL,15541.35,60432
MALAYSIA,202410,INTERNASIONAL,15541.35,8012
MALAYSIA,202410,INTERNASIONAL,15541.35,18545
MALAYSIA,202410,INTERNASIONAL,15541.35,4590
SINGAPURA,202410,INTERNASIONAL,15541.35,59204
SINGAPURA,202410,INTERNASIONAL,15541.35,4061
SINGAPURA,202410,INTERNASIONAL,15541.35,9215
AUSTRALIA,202411,INTERNASIONAL,15812.35,15670
SELANDIA BARU,202411,INTERNASIONAL,15812.35,5502
BELANDA,202411,INTERNASIONAL,15812.35,4383
MALAYSIA,202411,INTERNASIONAL,15812.35,3021
MALAYSIA,202411,INTERNASIONAL,15812.35,2993
MALAYSIA,202411,INTERNASIONAL,15812.35,1686
THAILAND,202411,INTERNASIONAL,15812.35,39371
THAILAND,202411,INTERNASIONAL,15812.35,19663
INDIA,202411,INTERNASIONAL,15812.35,8922
AUSTRALIA,202411,INTERNASIONAL,15812.35,35982
INDIA,202411,INTERNASIONAL,15812.35,10365
EG,202411,INTERNASIONAL,15812.35,2938
CHINA,202411,INTERNASIONAL,15812.35,33565
CHINA,202411,INTERNASIONAL,15812.35,15665
CHINA,202411,INTERNASIONAL,15812.35,11388
AUSTRALIA,202411,INTERNASIONAL,15812.35,8633
INDIA,202411,INTERNASIONAL,15812.35,10018
TIMOR LESTE,202411,INTERNASIONAL,15812.35,12680
QATAR,202411,INTERNASIONAL,15812.35,47341
CHINA,202411,INTERNASIONAL,15812.35,1692
HONG KONG,202411,INTERNASIONAL,15812.35,14945
ARAB SAUDI,202411,INTERNASIONAL,15812.35,3060
ARAB SAUDI,202411,INTERNASIONAL,15812.35,7375
MALAYSIA,202411,INTERNASIONAL,15812.35,4775
MALAYSIA,202411,INTERNASIONAL,15812.35,2011
MALAYSIA,202411,INTERNASIONAL,15812.35,15878
MALAYSIA,202411,INTERNASIONAL,15812.35,33571
MALAYSIA,202411,INTERNASIONAL,15812.35,35079
MALAYSIA,202411,INTERNASIONAL,15812.35,65595
MALAYSIA,202411,INTERNASIONAL,15812.35,8922
MALAYSIA,202411,INTERNASIONAL,15812.35,16334
MALAYSIA,202411,INTERNASIONAL,15812.35,4117
SINGAPURA,202411,INTERNASIONAL,15812.35,59812
SINGAPURA,202411,INTERNASIONAL,15812.35,2754
SINGAPURA,202411,INTERNASIONAL,15812.35,9125
AUSTRALIA,202412,INTERNASIONAL,16023.5,17829
SELANDIA BARU,202412,INTERNASIONAL,16023.5,6260
BELANDA,202412,INTERNASIONAL,16023.5,4704
MALAYSIA,202412,INTERNASIONAL,16023.5,4349
MALAYSIA,202412,INTERNASIONAL,16023.5,3284
MALAYSIA,202412,INTERNASIONAL,16023.5,2150
THAILAND,202412,INTERNASIONAL,16023.5,38503
THAILAND,202412,INTERNASIONAL,16023.5,23776
INDIA,202412,INTERNASIONAL,16023.5,9930
AUSTRALIA,202412,INTERNASIONAL,16023.5,42199
INDIA,202412,INTERNASIONAL,16023.5,10539
EG,202412,INTERNASIONAL,16023.5,2535
CHINA,202412,INTERNASIONAL,16023.5,33575
CHINA,202412,INTERNASIONAL,16023.5,19461
CHINA,202412,INTERNASIONAL,16023.5,11400
AUSTRALIA,202412,INTERNASIONAL,16023.5,769
AUSTRALIA,202412,INTERNASIONAL,16023.5,8597
INDIA,202412,INTERNASIONAL,16023.5,13325
TIMOR LESTE,202412,INTERNASIONAL,16023.5,15454
QATAR,202412,INTERNASIONAL,16023.5,44658
CHINA,202412,INTERNASIONAL,16023.5,1685
HONG KONG,202412,INTERNASIONAL,16023.5,14761
ARAB SAUDI,202412,INTERNASIONAL,16023.5,8275
ARAB SAUDI,202412,INTERNASIONAL,16023.5,12856
MALAYSIA,202412,INTERNASIONAL,16023.5,5664
MALAYSIA,202412,INTERNASIONAL,16023.5,19810
MALAYSIA,202412,INTERNASIONAL,16023.5,38585
MALAYSIA,202412,INTERNASIONAL,16023.5,38237
MALAYSIA,202412,INTERNASIONAL,16023.5,66729
MALAYSIA,202412,INTERNASIONAL,16023.5,10271
MALAYSIA,202412,INTERNASIONAL,16023.5,19271
MALAYSIA,202412,INTERNASIONAL,16023.5,4187
SINGAPURA,202412,INTERNASIONAL,16023.5,64787
SINGAPURA,202412,INTERNASIONAL,16023.5,4033
SINGAPURA,202412,INTERNASIONAL,16023.5,10192
