bandara_id,nama_bandara,iata,kota,provinsi,negara
1,AJI PANGERAN TUMENGGUNG PRANOTO INTERNATIONAL AIRPORT,AAP,SAMARINDA,KALIMANTAN TIMUR,INDONESIA
2,HALIWEN AIRPORT,ABU,ATAMBUA,NUSA TENGGARA TIMUR,INDONESIA
3,BOLE INTERNATIONAL AIRPORT,ADD,ADDIS ABABA,ADDIS-ABABA,ET
4,ADELAIDE INTERNATIONAL AIRPORT,ADL,ADELAIDE,SOUTH AUSTRALIA,AUSTRALIA
5,AEK GODANG AIRPORT,AEG,PADANG SIDEMPUAN,SUMATERA UTARA,INDONESIA
6,AUCKLAND INTERNATIONAL AIRPORT,AKL,AUCKLAND,AUCKLAND,SELANDIA BARU
7,PATTIMURA AIRPORT AMBON,AMQ,AMBON,MALUKU,INDONESIA
8,AMSTERDAM AIRPORT SCHIPHOL,AMS,AMSTERDAM,NORTH HOLLAND,BELANDA
9,MALI AIRPORT,ARD,ALOR,NUSA TENGGARA TIMUR,INDONESIA
10,ABU DHABI INTERNATIONAL AIRPORT,AUH,ABU DHABI,ABU DHABI,UNI EMIRAT ARAB
11,AVALON AIRPORT,AVV,GEELONG,VICTORIA,AUSTRALIA
12,SYAMSUDIN NOOR INTERNATIONAL AIRPORT,BDJ,BANJARMASIN,KALIMANTAN SELATAN,INDONESIA
13,HUSEIN SASTRANEGARA INTERNATIONAL AIRPORT,BDO,BANDUNG,JAWA BARAT,INDONESIA
14,KALIMARAU AIRPORT,BEJ,TANJUNG REDEB,KALIMANTAN TIMUR,INDONESIA
15,FRANS KAISIEPO AIRPORT,BIK,BIAK,PAPUA,INDONESIA
16,TURELELO SOA AIRPORT,BJW,BAJAWA,NUSA TENGGARA TIMUR,INDONESIA
17,KOTA KINABALU INTERNATIONAL AIRPORT,BKI,KOTA KINABALU,SABAH,MALAYSIA
18,SUVARNABHUMI AIRPORT,BKK,BANGKOK,SAMUT-PRAKAN,THAILAND
19,PADANG KEMILING (FATMAWATI SOEKARNO) AIRPORT,BKS,BENGKULU,BENGKULU,INDONESIA
20,BENGALURU INTERNATIONAL AIRPORT,BLR,BANGALORE,KARNATAKA,INDIA
21,SULTAN MUHAMMAD SALAHUDIN AIRPORT,BMU,BIMA,NUSA TENGGARA BARAT,INDONESIA
22,BRISBANE INTERNATIONAL AIRPORT,BNE,BRISBANE,QUEENSLAND,AUSTRALIA
23,CHHATRAPATI SHIVAJI INTERNATIONAL AIRPORT,BOM,MUMBAI,MAHARASHTRA,INDIA
24,SEPINGGAN INTERNATIONAL AIRPORT,BPN,BALIKPAPAN,EAST KALIMANTAN,INDONESIA
25,HANG NADIM AIRPORT,BTH,BATAM,RIAU ISLANDS,INDONESIA
26,SULTAN ISKANDARMUDA AIRPORT,BTJ,BANDA ACEH,ACEH,INDONESIA
27,BERSUJUD AIRPORT,BTW,BATULICIN,KALIMANTAN SELATAN,INDONESIA
28,AIRPORT BUU,BUU,BUNGO,UNKNOWN,UNKNOWN
29,BETOAMBARI AIRPORT,BUW,BAU BAU,SOUTHEAST SULAWESI,INDONESIA
30,BRUNEI INTERNATIONAL AIRPORT,BWN,BANDAR SRI BENGAWAN,UNKNOWN,BRUNEI
31,AIRPORT BWX,BWX,BANYUWANGI,UNKNOWN,UNKNOWN
32,BABO AIRPORT,BXB,TELUK BINTONI,PAPUA BARAT,INDONESIA
33,CAIRO INTERNATIONAL AIRPORT,CAI,CAIRO,CAIRO,EG
34,GUANGZHOU BAIYUN INTERNATIONAL AIRPORT,CAN,GUANGZHOU,GUANGDONG,CHINA
35,CANBERRA INTERNATIONAL AIRPORT,CBR,CANBERRA,ACT,AUSTRALIA
36,SOEKARNO-HATTA INTERNATIONAL AIRPORT,CGK,JAKARTA,JAKARTA,INDONESIA
37,XINZHENG AIRPORT,CGO,ZHENGSHOU,HENAN,CHINA
38,NUSAWIRU AIRPORT,CJN,PANGANDARAN,JAWA BARAT,INDONESIA
39,BANDARANAIKE INTERNATIONAL APT COLOMBO AIRPORT,CMB,COLOMBO,WESTERN PROVINCE,SRI LANKA
40,CAIRNS INTERNATIONAL AIRPORT,CNS,CAIRNS,QUEENSLAND,AUSTRALIA
41,NGLORAM AIRPORT,CPF,CEPU,JAWA TENGAH,INDONESIA
42,CHANGSHA HUANGHUA AIRPORT,CSX,CHANGSHA,HUNAN,CHINA
43,CHENGDU SHUANGLIU INTERNATIONAL AIRPORT,CTU,CHENGDU,SICHUAN,CHINA
44,TUNGGUL WULUNG AIRPORT,CXP,CILACAP,CENTRAL JAVA,INDONESIA
45,INDIRA GANDHI INTERNATIONAL AIRPORT,DEL,DELHI,DELHI,INDIA
46,NOP GOLIAT DEKAI AIRPORT,DEX,YAHUKIMO,PAPUA PEGUNUNGAN,INDONESIA
47,AIRPORT DHX,DHX,DHOHO,UNKNOWN,UNKNOWN
48,PRESIDENTE NICOLAU LOBATO INTERNATIONAL AIRPORT,DIL,DILI,DILI,TIMOR LESTE
49,AIRPORT DIV,DIV,UNKNOWN,UNKNOWN,UNKNOWN
50,SULTAN THAHA AIRPORT,DJB,JAMBI,JAMBI,INDONESIA
51,SENTANI INTERNATIONAL AIRPORT,DJJ,JAYAPURA,PAPUA,INDONESIA
52,DON MUEANG INTERNATIONAL AIRPORT,DMK,BANGKOKDON MUEANG,BANGKOK,THAILAND
53,RAR GWAMAR AIRPORT,DOB,DOBO,MALUKU,INDONESIA
54,HAMAD INTERNATIONAL AIRPORT,DOH,DOHA,BALADIYAT-AD-DAWḨAH,QATAR
55,NGURAH RAI (BALI) INTERNATIONAL AIRPORT,DPS,DENPASAR,BALI,INDONESIA
56,DARWIN INTERNATIONAL AIRPORT,DRW,DARWIN,NORTHERN TERRITORY,AUSTRALIA
57,SILANGIT AIRPORT,DTB,SIBORONGBORONG,NORTH SUMATRA,INDONESIA
58,PINANG KAMPAI AIRPORT,DUM,DUMAI,RIAU,INDONESIA
59,FRANCISCO BANGOY INTERNATIONAL AIRPORT,DVO,BARANGAY BUHANGIN,DAVAO,FILIPINA
60,AL MAKTOUM INTERNATIONAL AIRPORT,DWC,DUBAI  AL MAKTOUM,DUBAI,UNI EMIRAT ARAB
61,DUBAI INTERNATIONAL AIRPORT,DXB,DUBAI,DUBAI,UNI EMIRAT ARAB
62,H. HASAN AROEBOESMAN AIRPORT,ENE,ENDE,NUSA TENGGARA TIMUR,INDONESIA
63,AIRPORT EWE,EWE,MERAUKE,UNKNOWN,UNKNOWN
64,FAKFAK TOREA AIRPORT,FKQ,FAKFAK,PAPUA BARAT,INDONESIA
65,FERDINAND LUMBAN TOBING AIRPORT,FLZ,SIBOLGA,SUMATERA UTARA,INDONESIA
66,FUZHOU CHANGLE INTERNATIONAL AIRPORT,FOC,FUZHOU,FUJIAN,CHINA
67,MELALAN AIRPORT,GHS,MELAK,KALIMANTAN TIMUR,INDONESIA
68,GAMAR MALAMO AIRPORT,GLX,GALELA,MALUKU UTARA,INDONESIA
69,BINAKA AIRPORT,GNS,GUNUNG SITOLI,SUMATERA UTARA,INDONESIA
70,JALALUDDIN AIRPORT,GTO,GORONTALO,GORONTALO,INDONESIA
71,HAIKOU MEILAN INTERNATIONAL AIRPORT,HAK,HAIKOU,HAINAN,CHINA
72,NOI BAI INTERNATIONAL AIRPORT,HAN,HANOI,HA-NỘI,VIETNAM
73,HANGZHOU XIAOSHAN INTERNATIONAL AIRPORT,HGH,HANGZHOU,ZHEJIANG,CHINA
74,CHEK LAP KOK INTERNATIONAL AIRPORT,HKG,HONGKONG,UNKNOWN,HONG KONG
75,PHUKET INTERNATIONAL AIRPORT,HKT,PHUKET,PHUKET,THAILAND
76,HALIM PERDANAKUSUMA INTERNATIONAL AIRPORT,HLP,JAKARTA,DKI JAKARTA,INDONESIA
77,AIRPORT HMS,HMS,MUARA TEWEH,UNKNOWN,UNKNOWN
78,TOKYO INTERNATIONAL AIRPORT,HND,HANEDA,TOKYO,JEPANG
79,MELONGUANE AIRPORT,IAX,KEP.TALAUD,SULAWESI UTARA,INDONESIA
80,INCHEON INTERNATIONAL AIRPORT,ICN,INCHEON,INCHEON,KOREA SELATAN
81,ISTANBUL AIRPORT,IST,ISTANBUL,ISTANBUL,TURKI
82,NOTOHADINEGORO AIRPORT,JBB,JEMBER,JAWA TIMUR,INDONESIA
83,KING ABDULAZIZ INTERNATIONAL AIRPORT,JED,JEDDAH,MAKKAH,ARAB SAUDI
84,SENAI INTERNATIONAL AIRPORT,JHB,JOHOR BARU,JOHOR,MALAYSIA
85,AIRPORT JIO,JIO,MOA,UNKNOWN,UNKNOWN
86,ADISUTJIPTO INTERNATIONAL AIRPORT,JOG,YOGYAKARTA,DI YOGYAKARTA,INDONESIA
87,KAO AIRPORT,KAZ,KAO,MALUKU UTARA,INDONESIA
88,STAGEN AIRPORT,KBU,KOTABARU,SOUTH KALIMANTAN,INDONESIA
89,KUCHING INTERNATIONAL AIRPORT,KCH,KUCHING,SARAWAK,MALAYSIA
90,WOLTER MONGINSIDI AIRPORT,KDI,KENDARI,SOUTHEAST SULAWESI,INDONESIA
91,KEPI AIRPORT,KEI,MAPPI,PAPUA SELATAN,INDONESIA
92,AIRPORT KFR,KFR,KUFARSERAM TIMUR,UNKNOWN,UNKNOWN
93,NANCHANG CHANGBEI INTERNATIONAL AIRPORT,KHN,NANCHANG,JIANGXI,CHINA
94,KANSAI INTERNATIONAL AIRPORT,KIX,OSAKA,OSAKA,JEPANG
95,KERTAJATI INTERNATIONAL AIRPORT,KJT,MAJALENGKA,JAWA BARAT,INDONESIA
96,KUNMING WUJIABA INTERNATIONAL AIRPORT,KMG,KUNMING,YUNNAN,CHINA
97,UTAROM AIRPORT,KNG,KAIMANA,PAPUA BARAT,INDONESIA
98,POLONIA INTERNATIONAL AIRPORT,KNO,LKI  MEDAN,NORTH SUMATRA,INDONESIA
99,EL TARI AIRPORT,KOE,KUPANG,EAST NUSA TENGGARA,INDONESIA
100,DEPATI PARBO AIRPORT,KRC,KERINCI,JAMBI,INDONESIA
101,AIRPORT KSR,KSR,SELAYAR,UNKNOWN,UNKNOWN
102,RAHADI OESMAN AIRPORT,KTG,KETAPANG,KALIMANTAN BARAT,INDONESIA
103,KUALA LUMPUR INTERNATIONAL AIRPORT,KUL,KUALA LUMPUR,UNKNOWN,MALAYSIA
104,DEWADARU AIRPORT,KWB,KARIMUN JAWA,JAWA TENGAH,INDONESIA
105,GUILIN LIANGJIANG INTERNATIONAL AIRPORT,KWL,GUILIN,GUANGXI,CHINA
106,SANGIA NIBANDERA AIRPORT,KXB,KOLAKA,SULAWESI TENGGARA,INDONESIA
107,OESMAN SADIK AIRPORT LABUHA,LAH,LABUHA,NORTH MALUKU,INDONESIA
108,KOMODO (MUTIARA II) AIRPORT,LBJ,LABUHAN BAJO,EAST NUSA TENGGARA,INDONESIA
109,LANGKAWI INTERNATIONAL AIRPORT,LGK,LANGKAWI,KEDAH,MALAYSIA
110,LONDON HEATHROW AIRPORT,LHR,LONDON,ENGLAND,INGGRIS
111,GEWAYANTANA AIRPORT,LKA,LARANTUKA,NUSA TENGGARA TIMUR,INDONESIA
112,AIRPORT LKI,LKI,LASIKIN,UNKNOWN,UNKNOWN
113,SILAMPARI AIRPORT,LLJ,LUBUK LINGGAU,SUMATERA SELATAN,INDONESIA
114,AIRPORT LLO,LLO,UNKNOWN,UNKNOWN,UNKNOWN
115,LETUNG AIRPORT,LMU,ANAMBAS,KEPULAUAN RIAU,INDONESIA
116,ROBERT ATTY BESSING AIRPORT,LNU,MALINAU,KALIMANTAN UTARA,INDONESIA
117,BANDARA INTERNATIONAL LOMBOK AIRPORT,LOP,LOMBOK,WEST NUSA TENGGARA,INDONESIA
118,MALIKUS SALEH AIRPORT,LSW,LHOKSEUMAWE,ACEH,INDONESIA
119,DUMATUBUN AIRPORT,LUV,LANGGUR,MALUKU,INDONESIA
120,SYUKURAN AMINUDDIN AMIR AIRPORT,LUW,LUWUK,SULAWESI TENGAH,INDONESIA
121,LUXEMBOURG-FINDEL INTERNATIONAL AIRPORT,LUX,FINDEL,LUXEMBOURG,LU
122,WUNOPITO AIRPORT,LWE,LEWOLEBA,NUSA TENGGARA TIMUR,INDONESIA
123,CHENNAI INTERNATIONAL AIRPORT,MAA,CHENNAI,TAMIL NADU,INDIA
124,MUSCAT INTERNATIONAL AIRPORT,MCT,MUSCAT,MUSCAT,OM
125,SAM RATULANGI AIRPORT,MDC,MANADO,NORTH SULAWESI,INDONESIA
126,PRINCE MOHAMMAD BIN ABDULAZIZ AIRPORT,MED,MEDINAH,AL-MADINAH-AL-MUNAWWARAH,ARAB SAUDI
127,MELBOURNE INTERNATIONAL AIRPORT,MEL,MELBOURNE,VICTORIA,AUSTRALIA
128,CUT NYAK DHIEN AIRPORT,MEQ,MEULABOH,ACEH,INDONESIA
129,MACAU INTERNATIONAL AIRPORT,MFM,MACAU,UNKNOWN,MO
130,TAMPA PADANG AIRPORT,MJU,MAMUJU,SULAWESI BARAT,INDONESIA
131,MOPAH AIRPORT,MKQ,MERAUKE,PAPUA,INDONESIA
132,RENDANI AIRPORT,MKW,MANOKWARI,WEST PAPUA,INDONESIA
133,MALACCA AIRPORT,MKZ,MALAKA,UNKNOWN,MALAYSIA
134,ABDUL RACHMAN SALEH AIRPORT,MLG,MALANG,EAST JAVA,INDONESIA
135,MELONGUANE AIRPORT,MNA,MELANGGUANE,SULAWESI UTARA,INDONESIA
136,NINOY AQUINO INTERNATIONAL AIRPORT,MNL,MANILA,UNKNOWN,FILIPINA
137,MAUMERE(WAI OTI) AIRPORT,MOF,MAUMERE,EAST NUSA TENGGARA,INDONESIA
138,MALEO AIRPORT,MOH,MOROWALI,SULAWESI TENGAH,INDONESIA
139,MATAK AIRPORT,MWK,MATAK,KEPULAUAN RIAU,INDONESIA
140,NAHA AIRPORT,NAH,TAHUNA,SULAWESI UTARA,INDONESIA
141,NAMLEA AIRPORT,NAM,NAMLEA,MALUKU,INDONESIA
142,DOUW ATURURE AIRPORT,NBX,NABIRE,PAPUA TENGAH,INDONESIA
143,CHUBU CENTRAIR INTERNATIONAL AIRPORT,NGO,NAGOYA,AICHI,JEPANG
144,NANJING LUKOU AIRPORT,NKG,NANJING,JIANGSU,CHINA
145,NANNING WUXU AIRPORT,NNG,NANNING,GUANGXI,CHINA
146,NUNUKAN AIRPORT,NNX,NUNUKAN,KALIMANTAN UTARA,INDONESIA
147,NAMROLE AIRPORT,NRE,NAMROLE,MALUKU,INDONESIA
148,NARITA INTERNATIONAL AIRPORT,NRT,NARITA,CHIBA,JEPANG
149,BINTUNI AIRPORT,NTI,BINTUNI,PAPUA BARAT,INDONESIA
150,RANAI AIRPORT,NTX,NATUNA,KEPULAUAN RIAU,INDONESIA
151,TANJUNG API AIRPORT,OJU,AMPANA,SULAWESI TENGAH,INDONESIA
152,OKSIBIL AIRPORT,OKL,OKSIBIL,PAPUA PEGUNUNGAN,INDONESIA
153,GOLD COAST AIRPORT,OOL,GOLD COAST,QUEENSLAND,AUSTRALIA
154,LEO WATTIMENA AIRPORT,OTI,MOROTAI,MALUKU UTARA,INDONESIA
155,PONDOK CABE AIRPORT,PCB,JAKARTA,BANTEN,INDONESIA
156,MINANGKABAU AIRPORT,PDG,PADANG PARIAMAN,WEST SUMATRA,INDONESIA
157,BEIJING CAPITAL INTERNATIONAL AIRPORT,PEK,BEIJING,BEIJING,CHINA
158,PENANG INTERNATIONAL AIRPORT,PEN,PENANG,UNKNOWN,MALAYSIA
159,PANGKAL PINANG (DEPATI AMIR) AIRPORT,PGK,PANGKAL PINANG,BANGKA BELITUNG ISLANDS,INDONESIA
160,BULI AIRPORT,PGQ,MABA,MALUKU UTARA,INDONESIA
161,PORT HEDLAND INTERNATIONAL AIRPORT,PHE,PORT HEDLAND,WESTERN AUSTRALIA,AUSTRALIA
162,ISKANDAR AIRPORT,PKN,PANGKALAN BUN,KALIMANTAN TENGAH,INDONESIA
163,SULTAN SYARIF KASIM II (SIMPANG TIGA) AIRPORT,PKU,PEKANBARU,RIAU,INDONESIA
164,TJILIK RIWUT AIRPORT,PKY,PALANGKARAYA,KALIMANTAN TENGAH,INDONESIA
165,SULTAN MAHMUD BADARUDDIN II AIRPORT,PLM,PALEMBANG,SOUTH SUMATRA,INDONESIA
166,MUTIARA AIRPORT,PLW,PALU,CENTRAL SULAWESI,INDONESIA
167,AIRPORT PNH,PNH,PHNOM PENH,UNKNOWN,UNKNOWN
168,SUPADIO AIRPORT,PNK,PONTIANAK,WEST KALIMANTAN,INDONESIA
169,PORT MORESBY JACKSONS INTERNATIONAL AIRPORT,POM,PORT MORESBY,NATIONAL CAPITAL,PG
170,KASIGUNCU AIRPORT,PSJ,POSO,SULAWESI TENGAH,INDONESIA
171,PANGSUMA AIRPORT,PSU,PUTU SIBAU,KALIMANTAN BARAT,INDONESIA
172,SANGIA NIBANDERA AIRPORT,PUM,KOLAKA,SULAWESI TENGGARA,INDONESIA
173,GIMHAE INTERNATIONAL AIRPORT,PUS,BUSAN,BUSAN,KOREA SELATAN
174,SHANGHAI PUDONG INTERNATIONAL AIRPORT,PVG,PUDONG,SHANGHAI,CHINA
175,JENDERAL BESAR SUDIRMAN AIRPORT,PWL,BANYUMAS,JAWA TENGAH,INDONESIA
176,ATUNG BUNGSU AIRPORT,PXA,LAHAT,SUMATERA SELATAN,INDONESIA
177,SUGIMANURU AIRPORT,RAQ,MUNA,SULAWESI TENGGARA,INDONESIA
178,ROTUMA AIRPORT,RTA,ROTUMA,ROTUMA,FJ
179,JUAN MANUEL GALVEZ INTERNATIONAL AIRPORT,RTB,ROATAN ISLAND,BAY-ISLANDS,HN
180,FRANS SALES LEGA AIRPORT,RTG,RUTENG,NUSA TENGGARA TIMUR,INDONESIA
181,DAVID CONSTANTIJN SAUDALE AIRPORT,RTI,ROTE,NUSA TENGGARA TIMUR,INDONESIA
182,MARATUA AIRPORT,RTU,KALIMANTAN TIMUR,NORTH-KALIMANTAN,INDONESIA
183,KING KHALED INTERNATIONAL AIRPORT,RUH,RIYADH,UNKNOWN,ARAB SAUDI
184,TARDAMU AIRPORT,SAU,SABU,NUSA TENGGARA TIMUR,INDONESIA
185,TAN SON NHAT INTERNATIONAL AIRPORT,SGN,HO CHI MINH CITY,HO-CHI-MINH-CITY,VIETNAM
186,SINGAPORE CHANGI INTERNATIONAL AIRPORT,SIN,SINGAPURA,NORTH EAST,SINGAPURA
187,DABO AIRPORT,SIQ,SINGKEP,KEPULAUAN RIAU,INDONESIA
188,H. ASAN AIRPORT,SMQ,SAMPIT,KALIMANTAN TENGAH,INDONESIA
189,LASIKIN AIRPORT,SNB,SINABANG,ACEH,INDONESIA
190,ADISUMARMO INTERNATIONAL AIRPORT,SOC,SOLO,JAWA TENGAH,INDONESIA
191,SANTO PEKOA INTERNATIONAL AIRPORT,SON,SANANA,SANMA,VU
192,SORONG (JEFMAN) AIRPORT,SOQ,SORONG,WEST PAPUA,INDONESIA
193,TEBELIAN AIRPORT,SQG,SINTANG,KALIMANTAN BARAT,INDONESIA
194,EMALAMO AIRPORT,SQN,SANANA,MALUKU UTARA,INDONESIA
195,ACHMAD YANI INTERNATIONAL AIRPORT,SRG,SEMARANG,JAWA TENGAH,INDONESIA
196,AIRPORT SRI,SRI,SAMARINDA,UNKNOWN,UNKNOWN
197,JUANDA INTERNATIONAL AIRPORT,SUB,SURABAYA,EAST JAVA,INDONESIA
198,TRUNOJOYO AIRPORT,SUP,SUMENEP,JAWA TIMUR,INDONESIA
199,SHEREMETYEVO INTERNATIONAL AIRPORT,SVO,OBLAST MOSKWA,MOSCOW-OBLAST,RU
200,SULTAN MUHAMMAD KAHARUDDIN III AIRPORT,SWQ,SUMBAWA BESAR,NUSA TENGGARA BARAT,INDONESIA
201,MATHILDA BATLAYERI AIRPORT,SXK,SAUMLAKI,MALUKU,INDONESIA
202,SYDNEY KINGSFORD SMITH INTERNATIONAL AIRPORT,SYD,SYDNEY,NEW SOUTH WALES,AUSTRALIA
203,SULTAN ABDUL AZIZ SHAH INTERNATIONAL AIRPORT,SZB,SUBANG,UNKNOWN,MALAYSIA
204,SHENZHEN BAO'AN INTERNATIONAL AIRPORT,SZX,SHENZHEN,GUANGDONG,CHINA
205,TASHKENT INTERNATIONAL AIRPORT,TAS,TASHKENT,TOSHKENT-SHAHRI,UZ
206,AIRPORT TBX,TBX,TAMBELAN,UNKNOWN,UNKNOWN
207,CHENGDU/TIANFU AIRPORT,TFU,CHENGDU,SICHUAN,CHINA
208,TAUFIQ KIEMAS AIRPORT,TFY,PEAKON SERAI,LAMPUNG,INDONESIA
209,MOZES KILANGIN AIRPORT,TIM,TIMIKA,PAPUA TENGAH,INDONESIA
210,BULUH TUMBANG (H A S HANANDJOEDDIN) AIRPORT,TJQ,TANJUNG PANDAN,BELITUNG,INDONESIA
211,TANJUNG HARAPAN AIRPORT,TJS,TANJUNG SELOR,KALIMANTAN UTARA,INDONESIA
212,RADIN INTEN II (BRANTI) AIRPORT,TKG,BANDAR LAMPUNG,LAMPUNG,INDONESIA
213,SULTAN BANTILAN AIRPORT,TLI,TOLITOLI,SULAWESI TENGAH,INDONESIA
214,TAMBOLAKA AIRPORT,TMC,TAMBOLAKA,NUSA TENGGARA TIMUR,INDONESIA
215,TANAH MERAH AIRPORT,TMH,TANAH MERAH,PAPUA SELATAN,INDONESIA
216,KIJANG AIRPORT,TNJ,TANJUNG PINANG,RIAU ISLANDS,INDONESIA
217,TAIWAN TAOYUAN INTERNATIONAL AIRPORT,TPE,TAIPEI,TAIWAN,TAIWAN
218,JUWATA AIRPORT,TRK,TARAKAN,EAST KALIMANTAN,INDONESIA
219,TORAJA AIRPORT,TRT,TORAJA,SULAWESI SELATAN,INDONESIA
220,WIRIADINATA AIRPORT,TSY,TASIKMALAYA,JAWA BARAT,INDONESIA
221,SULTAN KHAIRUN BABULLAH AIRPORT,TTE,TERNATE,NORTH MALUKU,INDONESIA
222,TAWAU AIRPORT,TWU,TAWAU,SABAH,MALAYSIA
223,AIRPORT TXB,TXB,TELUK BINTONI,UNKNOWN,UNKNOWN
224,REMBELE AIRPORT,TXE,TAKENGON,ACEH,INDONESIA
225,POGOGUL AIRPORT,UOL,BUOL,SULAWESI TENGAH,INDONESIA
226,HASANUDDIN INTERNATIONAL AIRPORT,UPG,MAKASSAR,SOUTH SULAWESI,INDONESIA
227,UMBU MEHANG KUNDA AIRPORT,WGP,WAINGAPU,NUSA TENGGARA TIMUR,INDONESIA
228,WAMENA AIRPORT,WMX,WAMENA,PAPUA PEGUNUNGAN,INDONESIA
229,AIRPORT WNI,WNI,WANGIWANGI,UNKNOWN,UNKNOWN
230,WENZHOU YONGQIANG AIRPORT,WNZ,WENZHOU,ZHEJIANG,CHINA
231,WUHAN TIANHE INTERNATIONAL AIRPORT,WUH,WUHAN,HUBEI,CHINA
232,XI'AN XIANYANG INTERNATIONAL AIRPORT,XIY,XIAN,SHAANXI,CHINA
233,XIAMEN GAOQI INTERNATIONAL AIRPORT,XMN,XIAMEN,FUJIAN,CHINA
234,YOGYAKARTA INTERNATIONAL AIRPORT,YIA,YOGYAKARTA,DI YOGYAKARTA,INDONESIA
235,STEVANUS RUMBEWAS AIRPORT,ZRI,SERUI,PAPUA,INDONESIA
