NO,RUTE ( PP),Jan-21,Feb-21,Mar-21,Apr-21,Mei-21,Jun-21,Jul-21,Agu-21,Sep-21,Okt-21,Nov-21,Des-21,TOTAL 2021,TOTAL 2020,TOTAL 2019
1,Jakarta (CGK) - Denpasar (DPS),107991.0,76081.0,129566.0,145001.0,134284.0,224916.0,48418.0,57157.0,132029.0,261814.0,312199.0,373333.0,2002789.0,1549163.0,4384437.0
2,Jakarta (CGK) - Makassar (UPG),132428.0,117623.0,158762.0,156018.0,124032.0,181164.0,66758.0,88453.0,136606.0,185092.0,206239.0,197107.0,1750282.0,1579052.0,2886112.0
3,Jakarta (CGK) - Medan (KNO),167440.0,110650.0,138147.0,140087.0,133816.0,174006.0,59480.0,75485.0,109426.0,160101.0,202457.0,264694.0,1735789.0,1544801.0,2646246.0
4,Jakarta (CGK) - Surabaya (SUB),96750.0,81057.0,112994.0,126968.0,108625.0,139563.0,35913.0,58657.0,92568.0,132295.0,157680.0,180349.0,1323419.0,1547687.0,3881026.0
5,Makassar (UPG) - Surabaya (SUB),71064.0,57461.0,70670.0,89711.0,83084.0,115223.0,31721.0,39539.0,55130.0,81187.0,91060.0,82935.0,868785.0,775928.0,1197422.0
6,Jakarta (CGK) - Pontianak (PNK),57571.0,48480.0,69529.0,68766.0,56976.0,71569.0,32344.0,51846.0,55370.0,81584.0,95875.0,118917.0,808827.0,894422.0,1547583.0
7,Jakarta (CGK) - Pekanbaru (PKU),60368.0,49249.0,62521.0,65993.0,58284.0,74867.0,23029.0,29668.0,50055.0,65641.0,85646.0,103569.0,728890.0,725399.0,1363231.0
8,Jakarta (CGK) - Batam (BTH),53261.0,53746.0,65466.0,61586.0,47169.0,66613.0,26512.0,38754.0,53632.0,75308.0,87414.0,93533.0,722994.0,620767.0,1092488.0
9,Jakarta (CGK) - Yogyakarta (YIA),44334.0,37765.0,53022.0,63486.0,52399.0,76166.0,16982.0,24865.0,47120.0,73889.0,94903.0,113898.0,698829.0,370933.0,78720.0
10,Jakarta (CGK) - Padang Pariaman (PDG),56740.0,40153.0,53017.0,62080.0,75834.0,91811.0,20843.0,26201.0,35015.0,56202.0,72784.0,96705.0,687385.0,728179.0,1474814.0
11,Jakarta (CGK) - Palembang (PLM),47931.0,41198.0,53859.0,58471.0,55403.0,72889.0,20402.0,25566.0,40986.0,66773.0,90627.0,105764.0,679869.0,741703.0,1727699.0
12,Jakarta (CGK) - Balikpapan (BPN),45075.0,36493.0,49598.0,54640.0,51449.0,65217.0,26515.0,39626.0,52357.0,71281.0,84700.0,90906.0,667857.0,604488.0,1248451.0
13,Surabaya (SUB) - Balikpapan (BPN),44623.0,32130.0,42731.0,51472.0,51473.0,72642.0,20869.0,24889.0,28210.0,47393.0,55810.0,48798.0,521040.0,569223.0,903314.0
14,Jakarta (CGK) - Banjarmasin (BDJ),33195.0,35898.0,45136.0,44202.0,42914.0,58524.0,18957.0,21806.0,34245.0,48795.0,60589.0,69216.0,513477.0,516629.0,1193323.0
15,Surabaya (SUB) - Denpasar (DPS),22328.0,19335.0,32930.0,44170.0,39359.0,74394.0,7375.0,10685.0,30057.0,56782.0,72583.0,86384.0,496382.0,552364.0,1378603.0
16,Jakarta (CGK) - Semarang (SRG),34448.0,29180.0,45310.0,48862.0,40679.0,51091.0,10232.0,18889.0,33364.0,48381.0,55170.0,62756.0,478362.0,646973.0,1736634.0
17,Makassar (UPG) - Kendari (KDI),46354.0,34069.0,45231.0,47955.0,41010.0,56847.0,15233.0,15574.0,24244.0,41004.0,54625.0,52016.0,474162.0,488258.0,738478.0
18,"Jakarta (CGK) - Praya, Lombok (LOP)",33997.0,25626.0,37995.0,39868.0,35760.0,50625.0,16153.0,20456.0,30238.0,44251.0,65212.0,70732.0,470913.0,398833.0,706626.0
19,Surabaya (SUB) - Banjarmasin (BDJ),31682.0,28659.0,39688.0,46113.0,47176.0,65671.0,15560.0,15466.0,21848.0,34726.0,49333.0,55115.0,451037.0,490201.0,935362.0
20,Jakarta (CGK) - Pangkal Pinang (PGK),26478.0,24457.0,34318.0,43550.0,39785.0,51229.0,12210.0,17036.0,25245.0,39687.0,47663.0,61934.0,423592.0,439032.0,968014.0
21,Jakarta (CGK) - Jambi (DJB),29352.0,29344.0,39192.0,40638.0,34500.0,48412.0,11466.0,12757.0,23613.0,35722.0,51432.0,58475.0,414903.0,457132.0,1029017.0
22,Medan (KNO) - Batam (BTH),43618.0,34926.0,39526.0,37043.0,28473.0,43373.0,20501.0,13323.0,20489.0,26234.0,40103.0,45429.0,393038.0,385556.0,566057.0
23,Jakarta (CGK) - Bandar Lampung (TKG),31686.0,24915.0,33891.0,39584.0,43008.0,52565.0,10412.0,9238.0,18283.0,27692.0,44535.0,54935.0,390744.0,523150.0,1411348.0
24,Jakarta (CGK) - Manado (MDC),27504.0,22442.0,30328.0,35736.0,27657.0,38794.0,12890.0,17028.0,25910.0,31934.0,38843.0,43129.0,352195.0,330664.0,724908.0
25,"Surabaya (SUB) - Praya, Lombok (LOP)",26358.0,21778.0,29585.0,29696.0,26557.0,43342.0,9818.0,10728.0,16159.0,27882.0,38609.0,33592.0,314104.0,364885.0,688617.0
26,Makassar (UPG) - Balikpapan (BPN),29149.0,25915.0,28888.0,29928.0,29183.0,40467.0,16393.0,12023.0,15404.0,25507.0,29680.0,28321.0,310858.0,310041.0,433255.0
27,Makassar (UPG) - Manado (MDC),24213.0,21625.0,23341.0,23732.0,19972.0,31586.0,9643.0,10699.0,17799.0,34101.0,36339.0,28741.0,281791.0,266729.0,343117.0
28,Makassar (UPG) - Jayapura (DJJ),27482.0,20659.0,23182.0,22904.0,19597.0,30327.0,15260.0,12442.0,23695.0,30344.0,24705.0,26170.0,276767.0,194319.0,424045.0
29,Jakarta (CGK) - Bengkulu (BKS),22556.0,21454.0,22559.0,25043.0,20711.0,28897.0,6335.0,8734.0,16138.0,27890.0,36254.0,39781.0,276352.0,316274.0,581787.0
30,Surabaya (SUB) - Kupang (KOE),23217.0,13472.0,18062.0,20715.0,20687.0,34639.0,9159.0,14402.0,18198.0,28989.0,37041.0,36192.0,274773.0,292954.0,537465.0
31,Jakarta (CGK) - Solo (SOC),15254.0,15653.0,18304.0,21164.0,18636.0,26121.0,4914.0,8412.0,18698.0,30277.0,39436.0,46110.0,262979.0,298253.0,894545.0
32,Tarakan (TRK) - Balikpapan (BPN),23841.0,23581.0,26293.0,29695.0,24863.0,35848.0,11232.0,10353.0,15391.0,26933.0,20825.0,13979.0,262834.0,295371.0,401646.0
33,Surabaya (SUB) - Batam (BTH),19421.0,19009.0,23785.0,25057.0,18043.0,27452.0,7314.0,8981.0,15610.0,25280.0,32213.0,30204.0,252369.0,281398.0,394712.0
34,Medan (KNO) - Jakarta-HLP (HLP),20677.0,21492.0,29429.0,30577.0,24334.0,31951.0,10408.0,9449.0,13581.0,18537.0,14455.0,20964.0,245854.0,208025.0,490481.0
35,Yogyakarta (YIA) - Balikpapan (BPN),20315.0,15770.0,17261.0,19560.0,17924.0,25272.0,6474.0,12487.0,15973.0,24026.0,31163.0,30753.0,236978.0,144689.0,3407.0
36,Makassar (UPG) - Sorong (SOQ),19164.0,16248.0,19285.0,21233.0,14428.0,25732.0,13159.0,17397.0,21069.0,24898.0,20176.0,20638.0,233427.0,180422.0,302621.0
37,Timika (TIM) - Jayapura (DJJ),16197.0,12875.0,16595.0,17841.0,16075.0,24654.0,13539.0,10242.0,21563.0,27851.0,26330.0,27110.0,230872.0,120392.0,231857.0
38,Makassar (UPG) - Ambon (AMQ),20620.0,15667.0,19271.0,19206.0,14967.0,22435.0,8415.0,9872.0,11737.0,22125.0,32141.0,33428.0,229884.0,216419.0,369976.0
39,Pekanbaru (PKU) - Batam (BTH),20781.0,16937.0,19995.0,20274.0,17213.0,25822.0,12682.0,6080.0,11163.0,17147.0,30130.0,29723.0,227947.0,237794.0,387030.0
40,Makassar (UPG) - Denpasar (DPS),13954.0,11527.0,18664.0,19918.0,13244.0,21886.0,5939.0,4370.0,9083.0,27792.0,38051.0,40908.0,225336.0,193203.0,434356.0
41,Surabaya (SUB) - Samarinda (AAP),19299.0,15206.0,19028.0,25483.0,22912.0,32449.0,4942.0,4565.0,9066.0,15610.0,23271.0,27393.0,219224.0,220999.0,201433.0
42,Makassar (UPG) - Timika (TIM),16554.0,16081.0,18018.0,20191.0,17770.0,26661.0,13045.0,10900.0,19031.0,21262.0,20307.0,17330.0,217150.0,120103.0,182325.0
43,Makassar (UPG) - Palu (PLW),11651.0,10464.0,18915.0,21036.0,17653.0,25448.0,10324.0,12858.0,15061.0,20149.0,23713.0,26172.0,213444.0,198172.0,444500.0
44,Makassar (UPG) - Ternate (TTE),18281.0,16988.0,19588.0,20572.0,16621.0,23584.0,10290.0,13856.0,17392.0,17742.0,18995.0,19379.0,213288.0,182962.0,221385.0
45,Sorong (SOQ) - Manokwari (MKW),16785.0,14549.0,17281.0,19430.0,12366.0,21981.0,10841.0,15725.0,19453.0,21402.0,22060.0,20645.0,212518.0,143270.0,214888.0
46,Surabaya (SUB) - Jakarta-HLP (HLP),3206.0,5038.0,20988.0,20410.0,18518.0,28968.0,1303.0,2848.0,18942.0,27449.0,34323.0,29171.0,211164.0,308889.0,996905.0
47,Jakarta (CGK) - Palangkaraya (PKY),16418.0,15540.0,18838.0,18863.0,11901.0,21691.0,4562.0,9016.0,16197.0,23442.0,27036.0,24909.0,208413.0,204823.0,394099.0
48,Jakarta (CGK) - Tanjung Pandan (TJQ),13283.0,14155.0,19192.0,21225.0,19220.0,24361.0,2851.0,1117.0,9678.0,18159.0,24440.0,29639.0,197320.0,211445.0,560937.0
49,Balikpapan (BPN) - Tanjung Redeb (BEJ),15430.0,14535.0,18012.0,20548.0,14370.0,23144.0,8147.0,9200.0,12356.0,17917.0,18389.0,21026.0,193074.0,200366.0,381426.0
50,Yogyakarta (YIA) - Makassar (UPG),14321.0,11328.0,17921.0,22221.0,17260.0,25460.0,3576.0,3143.0,8079.0,18714.0,23955.0,23335.0,189313.0,134387.0,23871.0
51,Padang Pariaman (PDG) - Batam (BTH),18787.0,16106.0,17832.0,17511.0,14994.0,20522.0,10832.0,5944.0,9156.0,11410.0,18721.0,19282.0,181097.0,196269.0,330916.0
52,Jakarta (CGK) - Samarinda (AAP),16819.0,15075.0,16470.0,16610.0,14219.0,21639.0,5750.0,5639.0,14031.0,16931.0,16982.0,19476.0,179641.0,185676.0,230088.0
53,Makassar (UPG) - Gorontalo (GTO),13868.0,12798.0,19102.0,19203.0,14774.0,22091.0,4039.0,3489.0,8786.0,17808.0,21202.0,19125.0,176285.0,169643.0,308008.0
54,Medan (KNO) - Gunung Sitoli (GNS),16743.0,11926.0,14577.0,16233.0,11714.0,19304.0,10208.0,6817.0,11721.0,15335.0,18030.0,19117.0,171725.0,137156.0,213140.0
55,Medan (KNO) - Banda Aceh (BTJ),12444.0,10334.0,15598.0,16820.0,16389.0,20335.0,7914.0,10076.0,7367.0,10675.0,15225.0,13836.0,157013.0,153385.0,333196.0
56,Surabaya (SUB) - Palangkaraya (PKY),12090.0,9466.0,15545.0,19654.0,10191.0,25991.0,3382.0,5788.0,8378.0,14175.0,16878.0,12161.0,153699.0,142995.0,293872.0
57,Denpasar (DPS) - Bandung (BDO),11435.0,7001.0,10984.0,13895.0,14053.0,23711.0,2167.0,1870.0,4022.0,13423.0,19976.0,30602.0,153139.0,62588.0,258665.0
58,Palembang (PLM) - Jakarta-HLP (HLP),8626.0,12290.0,18480.0,21982.0,22925.0,25837.0,3618.0,2079.0,7038.0,9283.0,8090.0,8296.0,148544.0,182627.0,477954.0
59,Jakarta (CGK) - Banda Aceh (BTJ),12804.0,12588.0,16189.0,15495.0,11211.0,10966.0,4647.0,2208.0,9321.0,16166.0,16400.0,17895.0,145890.0,150467.0,342463.0
60,Jakarta (CGK) - Kendari (KDI),3098.0,8721.0,14294.0,14941.0,13981.0,19227.0,5251.0,6794.0,11843.0,15682.0,14708.0,16366.0,144906.0,93971.0,301838.0
61,Labuhan Bajo (LBJ) - Denpasar (DPS),8653.0,8165.0,13059.0,14729.0,10747.0,17912.0,4186.0,2998.0,9628.0,17957.0,19139.0,16435.0,143608.0,114812.0,325451.0
62,"Praya, Lombok (LOP) - Denpasar (DPS)",9549.0,8407.0,15071.0,16320.0,13120.0,20436.0,2108.0,2160.0,7649.0,15167.0,18470.0,14976.0,143433.0,246289.0,611258.0
63,Jakarta (CGK) - Kupang (KOE),6148.0,7722.0,12533.0,13848.0,9811.0,15079.0,6721.0,9956.0,13120.0,16111.0,15469.0,15364.0,141882.0,61566.0,141397.0
64,Semarang (SRG) - Banjarmasin (BDJ),10389.0,7566.0,9691.0,14230.0,12442.0,15725.0,4740.0,6658.0,9290.0,13681.0,15592.0,17785.0,137789.0,130068.0,223808.0
65,Makassar (UPG) - Manokwari (MKW),16437.0,12336.0,14346.0,14762.0,11408.0,17305.0,2470.0,,5322.0,9445.0,13697.0,17458.0,134986.0,124847.0,144289.0
66,Jakarta-HLP (HLP) - Denpasar (DPS),7874.0,6061.0,6895.0,7971.0,7079.0,12981.0,3975.0,6323.0,6369.0,16686.0,19677.0,28644.0,130535.0,118371.0,304731.0
67,Jakarta (CGK) - Palu (PLW),7852.0,8865.0,11652.0,11801.0,8690.0,12854.0,1466.0,1151.0,7504.0,15376.0,19174.0,19045.0,125430.0,89156.0,274141.0
68,Jakarta (CGK) - Siborong-borong (DTB),16444.0,8964.0,10804.0,10032.0,8843.0,13912.0,4978.0,5902.0,8168.0,9728.0,8512.0,17832.0,124119.0,100590.0,210706.0
69,Jakarta (CGK) - Tanjung Pinang (TNJ),6651.0,6473.0,11853.0,14290.0,12788.0,16537.0,4212.0,5957.0,9111.0,11631.0,11422.0,12263.0,123188.0,101770.0,240859.0
70,Padang Pariaman (PDG) - Jakarta-HLP (HLP),9432.0,14502.0,18062.0,15278.0,14209.0,20681.0,2745.0,,6036.0,8181.0,7402.0,6269.0,122797.0,137069.0,304995.0
71,Jakarta (CGK) - Ambon (AMQ),7747.0,7715.0,10661.0,10660.0,7552.0,11597.0,2954.0,5893.0,12387.0,16852.0,9009.0,11220.0,114247.0,80802.0,154601.0
72,Merauke (MKQ) - Jayapura (DJJ),8173.0,7444.0,9085.0,10098.0,8936.0,13464.0,5299.0,4366.0,7928.0,11619.0,11418.0,13562.0,111392.0,78591.0,187438.0
73,Wamena (WMX) - Jayapura (DJJ),13123.0,10967.0,11340.0,12031.0,4743.0,10906.0,4227.0,3713.0,7375.0,8612.0,9474.0,11994.0,108505.0,112182.0,268710.0
74,Jayapura (DJJ) - Biak (BIK),8162.0,6066.0,7037.0,8500.0,6699.0,8585.0,7467.0,5404.0,9034.0,9904.0,10812.0,17852.0,105522.0,75831.0,135513.0
75,Pontianak (PNK) - Ketapang (KTG),6710.0,6140.0,8234.0,8914.0,6586.0,10247.0,4659.0,5682.0,8578.0,11109.0,13358.0,13870.0,104087.0,119265.0,257059.0
76,Tanjung Pandan (TJQ) - Pangkal Pinang (PGK),4087.0,3423.0,9429.0,10541.0,7453.0,11166.0,6817.0,4881.0,6817.0,11274.0,13187.0,13357.0,102432.0,80532.0,175082.0
77,Makassar (UPG) - Bau Bau (BUW),7843.0,7085.0,10620.0,11121.0,8254.0,13268.0,4126.0,3637.0,5468.0,8528.0,9367.0,8321.0,97638.0,92631.0,121286.0
78,Sorong (SOQ) - Jayapura (DJJ),8597.0,6875.0,9302.0,8402.0,6574.0,11368.0,4730.0,2399.0,3956.0,10507.0,10705.0,13291.0,96706.0,46390.0,149017.0
79,Palembang (PLM) - Batam (BTH),10651.0,10708.0,12459.0,12352.0,9513.0,12255.0,5618.0,3697.0,3391.0,326.0,7883.0,6194.0,95047.0,118270.0,180030.0
80,Semarang (SRG) - Pangkalan Bun (PKN),8386.0,7008.0,10388.0,11221.0,7755.0,15631.0,3467.0,2341.0,2789.0,5849.0,9001.0,10788.0,94624.0,103476.0,235093.0
81,Medan (KNO) - Bandung (BDO),8699.0,7231.0,8397.0,8103.0,6388.0,12530.0,2201.0,1893.0,2315.0,9646.0,11994.0,14990.0,94387.0,40937.0,149674.0
82,Solo (SOC) - Denpasar (DPS),6074.0,3669.0,8476.0,9946.0,7161.0,11057.0,821.0,164.0,5581.0,10884.0,12431.0,14087.0,90351.0,91611.0,240223.0
83,Malang (MLG) - Jakarta-HLP (HLP),7191.0,6889.0,10306.0,10773.0,7362.0,12193.0,841.0,,7601.0,9669.0,8445.0,8298.0,89568.0,147444.0,369549.0
84,Makassar (UPG) - Luwuk (LUW),6369.0,5781.0,8330.0,9079.0,7257.0,10553.0,3571.0,3968.0,7197.0,8927.0,8698.0,9827.0,89557.0,81487.0,144949.0
85,Makassar (UPG) - Biak (BIK),6590.0,5437.0,5895.0,7005.0,6199.0,8197.0,5842.0,4252.0,8185.0,8455.0,8995.0,11752.0,86804.0,72736.0,139836.0
86,Kupang (KOE) - Ende (ENE),6433.0,3517.0,5631.0,6981.0,6168.0,10379.0,5322.0,5282.0,8587.0,10563.0,6787.0,7183.0,82833.0,83415.0,122460.0
87,Yogyakarta (JOG) - Jakarta-HLP (HLP),4372.0,6717.0,8714.0,9136.0,5692.0,7987.0,1169.0,3411.0,8501.0,9403.0,9604.0,8023.0,82729.0,235838.0,901314.0
88,Jakarta (CGK) - Labuhan Bajo (LBJ),6018.0,2571.0,5007.0,5839.0,5212.0,9356.0,3383.0,2121.0,5651.0,10028.0,9670.0,17517.0,82373.0,72521.0,144021.0
89,Kupang (KOE) - Denpasar (DPS),5896.0,4469.0,7414.0,9407.0,7096.0,10535.0,780.0,230.0,5967.0,8819.0,9720.0,10013.0,80346.0,87943.0,206949.0
90,Waingapu (WGP) - Kupang (KOE),5250.0,3480.0,4455.0,5772.0,5862.0,10228.0,4482.0,5014.0,7999.0,9367.0,8030.0,7187.0,77126.0,60248.0,76682.0
91,"Praya, Lombok (LOP) - Bima (BMU)",7325.0,5476.0,6837.0,6720.0,4753.0,8011.0,3738.0,4255.0,6944.0,7496.0,7169.0,8034.0,76758.0,96362.0,177506.0
92,Palembang (PLM) - Pangkal Pinang (PGK),6013.0,3223.0,7089.0,7992.0,6719.0,10015.0,6191.0,1162.0,2862.0,5665.0,8596.0,10079.0,75606.0,101912.0,300313.0
93,Jakarta-HLP (HLP) - Siborong-borong (DTB),6634.0,7480.0,6401.0,7783.0,6009.0,8558.0,1396.0,1331.0,3420.0,8257.0,9064.0,9005.0,75338.0,59981.0,107491.0
94,Jakarta (CGK) - Ternate (TTE),4011.0,3210.0,4093.0,6992.0,6096.0,11089.0,1458.0,1033.0,2447.0,11171.0,11518.0,12176.0,75294.0,65983.0,212481.0
95,Sorong (SOQ) - Manado (MDC),9094.0,5846.0,6296.0,6787.0,5718.0,8513.0,3124.0,2131.0,3065.0,5099.0,6682.0,8913.0,71268.0,38920.0,144174.0
96,Surabaya (SUB) - Pontianak (PNK),2475.0,3203.0,1609.0,9126.0,7455.0,10886.0,414.0,234.0,6769.0,9366.0,9846.0,9783.0,71166.0,127165.0,288663.0
97,Jakarta (CGK) - Jayapura (DJJ),4423.0,2545.0,4184.0,4612.0,3923.0,5700.0,1959.0,1740.0,7345.0,10282.0,11111.0,11577.0,69401.0,80969.0,190985.0
98,Langgur (LUV) - Ambon (AMQ),3670.0,3348.0,5283.0,5586.0,3635.0,6540.0,2528.0,3142.0,6750.0,9047.0,8271.0,10107.0,67907.0,47499.0,98474.0
99,Jakarta-HLP (HLP) - Balikpapan (BPN),6689.0,6531.0,7706.0,7794.0,7227.0,11626.0,1512.0,,,5500.0,7584.0,2747.0,64916.0,78792.0,194559.0
100,Balikpapan (BPN) - Banjarmasin (BDJ),5854.0,5342.0,4538.0,6404.0,5651.0,7471.0,2351.0,2191.0,4408.0,5643.0,7708.0,7267.0,64828.0,111234.0,307648.0
101,Jakarta (CGK) - Malang (MLG),3864.0,4305.0,7311.0,8073.0,4941.0,6287.0,865.0,4004.0,874.0,3652.0,9555.0,10764.0,64495.0,130133.0,478459.0
102,Surabaya (SUB) - Pangkalan Bun (PKN),5981.0,6368.0,7334.0,6325.0,3920.0,10551.0,1852.0,1724.0,2219.0,4015.0,6144.0,6826.0,63259.0,60828.0,141792.0
103,Palu (PLW) - Balikpapan (BPN),10321.0,6616.0,7101.0,8795.0,7896.0,10948.0,1018.0,,827.0,4177.0,2909.0,2568.0,63176.0,97634.0,154463.0
104,Pekanbaru (PKU) - Medan (KNO),7063.0,5744.0,7924.0,8386.0,6586.0,8874.0,1325.0,,258.0,3934.0,5743.0,6404.0,62241.0,138355.0,292028.0
105,Makassar (UPG) - Merauke (MKQ),5063.0,3850.0,4788.0,5421.0,3686.0,8006.0,2393.0,2059.0,4588.0,7781.0,6973.0,7531.0,62139.0,50525.0,88804.0
106,Yogyakarta (YIA) - Pekanbaru (PKU),5649.0,4565.0,5689.0,7910.0,6224.0,9068.0,2632.0,2087.0,1802.0,4330.0,4869.0,7173.0,61998.0,46912.0,
107,Jakarta (CGK) - Sorong (SOQ),6457.0,6007.0,7326.0,7107.0,5666.0,6011.0,793.0,1012.0,2272.0,2456.0,7122.0,7644.0,59873.0,95266.0,193212.0
108,Pekanbaru (PKU) - Jakarta-HLP (HLP),1825.0,4334.0,8498.0,7101.0,5652.0,9270.0,1041.0,,1254.0,6887.0,6276.0,6504.0,58642.0,46625.0,135757.0
109,Ternate (TTE) - Manado (MDC),6390.0,4839.0,6645.0,5750.0,4847.0,7295.0,1668.0,1045.0,2709.0,4147.0,5074.0,7167.0,57576.0,62159.0,150279.0
110,Surabaya (SUB) - Jayapura (DJJ),5200.0,4211.0,2906.0,5492.0,2901.0,7070.0,5069.0,2093.0,6682.0,5935.0,4188.0,5029.0,56776.0,2675.0,
111,Semarang (SRG) - Balikpapan (BPN),5751.0,4541.0,7065.0,8376.0,6486.0,8586.0,292.0,,,,5534.0,9351.0,55982.0,58681.0,120846.0
112,Kupang (KOE) - Bajawa (BJW),3673.0,2541.0,3401.0,4748.0,4132.0,6569.0,2652.0,4519.0,5664.0,6685.0,4783.0,5491.0,54858.0,58372.0,77951.0
113,Surabaya (SUB) - Labuhan Bajo (LBJ),3957.0,734.0,4580.0,3335.0,4888.0,8288.0,1130.0,,3133.0,8335.0,9156.0,6273.0,53809.0,52332.0,65568.0
114,Nabire (NBX) - Jayapura (DJJ),6078.0,3916.0,4298.0,4509.0,2854.0,5282.0,3903.0,2475.0,4184.0,3956.0,5287.0,6924.0,53666.0,34176.0,88880.0
115,Jakarta (CGK) - Timika (TIM),3572.0,2337.0,3837.0,4192.0,3950.0,6880.0,867.0,,5033.0,9330.0,6486.0,6849.0,53333.0,24748.0,9393.0
116,Tambolaka (TMC) - Kupang (KOE),4147.0,3080.0,3394.0,2251.0,1489.0,4024.0,3429.0,4085.0,5355.0,6083.0,6737.0,8295.0,52369.0,65624.0,89121.0
117,Surabaya (SUB) - Sampit (SMQ),5516.0,5394.0,7053.0,6276.0,3349.0,5804.0,1190.0,1120.0,995.0,3308.0,5510.0,6445.0,51960.0,60626.0,110460.0
118,Yogyakarta (YIA) - Banjarmasin (BDJ),3785.0,1214.0,3523.0,6881.0,7051.0,8977.0,699.0,,,1232.0,8537.0,10044.0,51943.0,59226.0,8962.0
119,Balikpapan (BPN) - Bandung (BDO),4686.0,3720.0,4281.0,4587.0,4297.0,5158.0,1209.0,880.0,1672.0,5367.0,7194.0,8311.0,51362.0,18765.0,59327.0
120,Maumere (MOF) - Kupang (KOE),4147.0,3043.0,3256.0,3526.0,2633.0,4110.0,3324.0,4128.0,4004.0,3751.0,5733.0,8413.0,50068.0,68122.0,109196.0
121,Tambolaka (TMC) - Denpasar (DPS),4190.0,3279.0,4004.0,4432.0,3035.0,5095.0,2098.0,662.0,1399.0,3006.0,6527.0,8777.0,46504.0,62065.0,127650.0
122,Padang Pariaman (PDG) - Medan (KNO),3426.0,3656.0,5377.0,5149.0,6377.0,8007.0,1088.0,,,2465.0,4157.0,5549.0,45251.0,68074.0,223817.0
123,Makassar (UPG) - Kolaka (KXB),4126.0,3336.0,5193.0,5370.0,4290.0,6291.0,1599.0,100.0,56.0,2576.0,4614.0,6042.0,43593.0,12397.0,
124,Kupang (KOE) - Alor (ARD),2691.0,1870.0,3472.0,4021.0,3164.0,5124.0,2033.0,2438.0,3518.0,4831.0,5262.0,5155.0,43579.0,56264.0,84060.0
125,Pontianak (PNK) - Batam (BTH),4255.0,3381.0,4409.0,4508.0,3924.0,5509.0,856.0,,751.0,4395.0,7806.0,2885.0,42679.0,58770.0,230868.0
126,Surabaya (SUB) - Manado (MDC),,,6095.0,7215.0,5957.0,8022.0,470.0,,,,3630.0,10743.0,42132.0,46666.0,156155.0
127,Makassar (UPG) - Mamuju (MJU),5698.0,4189.0,4376.0,4037.0,3100.0,4911.0,428.0,,130.0,3732.0,6115.0,5361.0,42077.0,48267.0,102400.0
128,Makassar (UPG) - Tarakan (TRK),4907.0,416.0,5790.0,4411.0,3877.0,6042.0,1919.0,,,,6038.0,8614.0,42014.0,36869.0,104350.0
129,Solo (SOC) - Jakarta-HLP (HLP),1169.0,712.0,6917.0,11040.0,9724.0,11178.0,734.0,339.0,,,,,41813.0,107840.0,368626.0
130,Jakarta (CGK) - Banyuwangi (BWX),4120.0,1528.0,4546.0,5401.0,4379.0,5694.0,487.0,914.0,1502.0,2774.0,3833.0,5149.0,40327.0,80017.0,179840.0
131,Jayapura (DJJ) - Yahukimo (DEX),3626.0,3553.0,4436.0,3784.0,1733.0,3287.0,2949.0,,2699.0,2632.0,4136.0,6435.0,39270.0,35482.0,82425.0
132,Surabaya (SUB) - Bandung (BDO),2280.0,2896.0,3993.0,3972.0,3257.0,4236.0,378.0,,1881.0,6114.0,4855.0,4732.0,38594.0,59426.0,329142.0
133,Labuhan Bajo (LBJ) - Ende (ENE),3000.0,2539.0,3406.0,3403.0,2594.0,3917.0,1844.0,2345.0,3338.0,3782.0,3749.0,3920.0,37837.0,39267.0,69516.0
134,Surabaya (SUB) - Yogyakarta (JOG),2083.0,1659.0,2779.0,2425.0,2064.0,3612.0,415.0,,1779.0,4709.0,8939.0,6918.0,37382.0,57106.0,153274.0
135,Tarakan (TRK) - Surabaya (SUB),904.0,1987.0,2724.0,3718.0,3085.0,5282.0,,,91.0,,7091.0,11221.0,36103.0,25587.0,107973.0
136,Makassar (UPG) - Morowali (MOH),2773.0,2530.0,3860.0,4030.0,2646.0,4031.0,728.0,518.0,2910.0,3672.0,4431.0,3923.0,36052.0,23520.0,40626.0
137,NATUNA (NTX) - Batam (BTH),1851.0,2528.0,3343.0,3311.0,2045.0,3411.0,1374.0,1215.0,3294.0,3907.0,4192.0,4497.0,34968.0,32833.0,65723.0
138,"Sumbawa Besar (SWQ) - Praya, Lombok (LOP)",3119.0,2497.0,3307.0,3565.0,3420.0,4881.0,513.0,,1293.0,3028.0,3700.0,3900.0,33223.0,48078.0,104219.0
139,Makassar (UPG) - Jakarta-HLP (HLP),,,2118.0,3590.0,5621.0,7075.0,333.0,798.0,1204.0,4810.0,2900.0,4598.0,33047.0,16307.0,89495.0
140,Ternate (TTE) - Jakarta-HLP (HLP),,292.0,4902.0,5747.0,3839.0,4248.0,1242.0,1265.0,2077.0,3818.0,3528.0,1823.0,32781.0,,
141,Larantuka (LKA) - Kupang (KOE),2846.0,1702.0,2864.0,3548.0,2652.0,3767.0,558.0,2046.0,3130.0,3483.0,2939.0,3200.0,32735.0,49082.0,73784.0
142,Denpasar (DPS) - Bima (BMU),1863.0,1572.0,3434.0,4108.0,4252.0,5896.0,542.0,,502.0,2783.0,4356.0,3228.0,32536.0,48422.0,95350.0
143,Saumlaki (SXK) - Ambon (AMQ),2173.0,1759.0,3109.0,2881.0,2096.0,3691.0,1572.0,1433.0,2693.0,3532.0,3631.0,3743.0,32313.0,24035.0,59062.0
144,Sorong (SOQ) - Ambon (AMQ),4087.0,2418.0,2979.0,3217.0,2413.0,3347.0,1614.0,897.0,1848.0,2573.0,2705.0,3321.0,31419.0,18780.0,60634.0
145,Yogyakarta (YIA) - Medan (KNO),4272.0,2986.0,2905.0,3925.0,4496.0,6805.0,615.0,,,,,4025.0,30029.0,16560.0,12854.0
146,Timika (TIM) - Nabire (NBX),2848.0,2435.0,2382.0,3043.0,2292.0,3719.0,1286.0,1054.0,2464.0,2465.0,2977.0,2879.0,29844.0,21206.0,37820.0
147,Manokwari (MKW) - Jayapura (DJJ),3373.0,2344.0,2499.0,2439.0,1867.0,2724.0,1430.0,717.0,1921.0,3076.0,3171.0,3950.0,29511.0,29098.0,51239.0
148,Makassar (UPG) - Maumere (MOF),2441.0,1932.0,1769.0,2580.0,1905.0,3374.0,1087.0,2484.0,2385.0,3014.0,3227.0,3101.0,29299.0,25412.0,45311.0
149,Denpasar (DPS) - Balikpapan (BPN),2666.0,1696.0,1269.0,2150.0,1961.0,3898.0,742.0,123.0,673.0,134.0,2457.0,9094.0,26863.0,17206.0,93394.0
150,Makassar (UPG) - Samarinda (AAP),4540.0,1433.0,4463.0,3911.0,4630.0,6830.0,962.0,,,,,,26769.0,45498.0,52676.0
151,Makassar (UPG) - Semarang (SRG),3359.0,2623.0,3120.0,3355.0,2832.0,3247.0,1256.0,1030.0,820.0,922.0,822.0,2867.0,26253.0,35637.0,80451.0
152,Kotabaru (KBU) - Banjarmasin (BDJ),2145.0,2061.0,2887.0,3544.0,2433.0,3564.0,399.0,,59.0,1631.0,3412.0,3890.0,26025.0,27650.0,75735.0
153,Nabire (NBX) - Manokwari (MKW),4071.0,3788.0,4233.0,3233.0,1887.0,2710.0,548.0,,,1932.0,1122.0,2363.0,25887.0,9173.0,110.0
154,Jakarta-HLP (HLP) - Bengkulu (BKS),,,4943.0,5414.0,4475.0,7595.0,878.0,,,,,2062.0,25367.0,20093.0,89999.0
155,Waingapu (WGP) - Denpasar (DPS),1826.0,1135.0,2601.0,2402.0,2242.0,3828.0,274.0,145.0,1248.0,3112.0,2841.0,3381.0,25035.0,33886.0,71661.0
156,Yogyakarta (YIA) - Denpasar (DPS),2988.0,897.0,1684.0,2402.0,3024.0,5556.0,135.0,,729.0,1965.0,2286.0,3101.0,24767.0,28863.0,2295.0
157,Sorong (SOQ) - Fak-fak (FKQ),2264.0,1898.0,2196.0,2374.0,1424.0,3013.0,263.0,368.0,1095.0,2160.0,3849.0,3647.0,24551.0,16721.0,40624.0
158,Surabaya (SUB) - Ambon (AMQ),,,3921.0,6076.0,5891.0,7161.0,602.0,,,,,,23651.0,23092.0,85865.0
159,Pekanbaru (PKU) - Bandung (BDO),3468.0,3664.0,3242.0,3567.0,3338.0,4676.0,1031.0,,186.0,,,,23172.0,18938.0,84392.0
160,Rote (RTI) - Kupang (KOE),1871.0,1201.0,1922.0,2364.0,2195.0,3518.0,701.0,46.0,1818.0,2303.0,2460.0,2732.0,23131.0,28043.0,51065.0
161,Yogyakarta (YIA) - Palangkaraya (PKY),3909.0,2925.0,2941.0,3444.0,2927.0,5985.0,,,,,,,22131.0,34584.0,41884.0
162,Surabaya (SUB) - Tanjung Redeb (BEJ),753.0,1924.0,2302.0,3249.0,4117.0,7942.0,781.0,,250.0,,,,21318.0,,
163,Yogyakarta (YIA) - Samarinda (AAP),,,2789.0,5009.0,5238.0,7416.0,834.0,,,,,,21286.0,11254.0,28987.0
164,Sorong (SOQ) - Kaimana (KNG),1653.0,1609.0,1917.0,1879.0,1182.0,2408.0,253.0,650.0,1694.0,2122.0,3045.0,2785.0,21197.0,15887.0,28253.0
165,Semarang (SRG) - Denpasar (DPS),1746.0,1482.0,1561.0,2397.0,1975.0,3123.0,177.0,,748.0,1890.0,2477.0,3370.0,20946.0,39937.0,124559.0
166,Makassar (UPG) - Kotabaru (KBU),932.0,1392.0,2361.0,2468.0,2108.0,2179.0,341.0,,115.0,2042.0,3474.0,3400.0,20812.0,12356.0,18670.0
167,Ruteng (RTG) - Kupang (KOE),907.0,,214.0,1158.0,984.0,2639.0,1508.0,2003.0,2705.0,3205.0,2763.0,2680.0,20766.0,10087.0,24866.0
168,Labuhan Bajo (LBJ) - Bajawa (BJW),1894.0,750.0,1812.0,2282.0,2036.0,3235.0,987.0,2000.0,2478.0,2728.0,464.0,,20666.0,24944.0,36693.0
169,Namlea (NAM) - Ambon (AMQ),1863.0,1531.0,1833.0,1596.0,1364.0,2077.0,411.0,665.0,1729.0,1800.0,2184.0,3417.0,20470.0,25258.0,35273.0
170,Wangi-Wangi (WNI) - Kendari (KDI),1488.0,1124.0,1770.0,1510.0,1666.0,2661.0,427.0,185.0,1285.0,1828.0,2677.0,2943.0,19564.0,25073.0,41161.0
171,Jakarta-HLP (HLP) - Samarinda (AAP),,,4844.0,5767.0,4454.0,4409.0,,,,,,,19474.0,18922.0,54885.0
172,Jakarta (CGK) - Pangkalan Bun (PKN),1223.0,,,,236.0,3679.0,555.0,1159.0,1978.0,2663.0,3411.0,4042.0,18946.0,47568.0,151649.0
173,Teluk Bintoni (BXB) - Ambon (AMQ),68.0,425.0,208.0,75.0,93.0,184.0,331.0,4550.0,6467.0,5011.0,324.0,712.0,18448.0,,
174,Palembang (PLM) - Bandung (BDO),2646.0,2674.0,3327.0,2810.0,850.0,1176.0,91.0,,166.0,777.0,1371.0,2482.0,18370.0,26016.0,78768.0
175,Yogyakarta (YIA) - Batam (BTH),2713.0,401.0,734.0,2858.0,4854.0,5421.0,958.0,,,,,,17939.0,20053.0,
176,Maumere (MOF) - Denpasar (DPS),282.0,,2259.0,3033.0,2082.0,3347.0,1383.0,1579.0,1727.0,1885.0,,,17577.0,22053.0,69017.0
177,Bandar Lampung (TKG) - Jakarta-HLP (HLP),579.0,1216.0,1826.0,1592.0,2396.0,2864.0,255.0,,,,,6805.0,17533.0,33370.0,111063.0
178,Surabaya (SUB) - Sorong (SOQ),,,,,,,,,196.0,4004.0,5549.0,7554.0,17303.0,19946.0,75576.0
179,Makassar (UPG) - Bima (BMU),1992.0,1807.0,2316.0,2334.0,2031.0,3129.0,937.0,551.0,1407.0,634.0,3.0,22.0,17163.0,21942.0,27166.0
180,Jakarta (CGK) - Lubuk Linggau (LLJ),2193.0,1998.0,2611.0,2781.0,2073.0,3167.0,301.0,,,1468.0,,,16592.0,36344.0,122921.0
181,Yogyakarta (YIA) - Jakarta-HLP (HLP),364.0,846.0,4409.0,2314.0,3447.0,4982.0,116.0,,,,,,16478.0,36282.0,37553.0
182,Palu (PLW) - Luwuk (LUW),1542.0,1112.0,1830.0,1998.0,1783.0,3047.0,374.0,,,685.0,1526.0,1883.0,15780.0,22073.0,64846.0
183,Makassar (UPG) - Batulicin (BTW),2647.0,2188.0,2072.0,1864.0,1477.0,2957.0,810.0,,,,483.0,1166.0,15664.0,7857.0,28880.0
184,Labuhan Bajo (LBJ) - Kupang (KOE),1158.0,426.0,1365.0,1603.0,624.0,880.0,348.0,311.0,205.0,3071.0,3062.0,2596.0,15649.0,11678.0,15302.0
185,Surabaya (SUB) - Semarang (SRG),2668.0,1601.0,2782.0,2684.0,2021.0,3253.0,517.0,,,,113.0,,15639.0,68669.0,242072.0
186,Tanah Merah (TMH) - Jayapura (DJJ),1733.0,926.0,1441.0,1419.0,870.0,1005.0,1429.0,957.0,1278.0,1437.0,1211.0,1722.0,15428.0,14025.0,26674.0
187,Makassar (UPG) - Palopo (Bua) (LLO),1591.0,1331.0,1746.0,1870.0,1461.0,2320.0,363.0,,,1176.0,1619.0,1846.0,15323.0,19514.0,44194.0
188,Makassar (UPG) - Toraja (TRT),1774.0,873.0,1473.0,1605.0,1423.0,2386.0,478.0,,46.0,1223.0,1267.0,2028.0,14576.0,8234.0,
189,Anambas (LMU) - Batam (BTH),1331.0,1429.0,1539.0,1515.0,825.0,1611.0,362.0,,762.0,1282.0,1382.0,1482.0,13520.0,14582.0,19841.0
190,Manado (MDC) - Luwuk (LUW),1446.0,1056.0,1438.0,1839.0,1464.0,2264.0,230.0,,,500.0,1367.0,1526.0,13130.0,14544.0,35807.0
191,Semarang (SRG) - Jakarta-HLP (HLP),886.0,,2336.0,2950.0,3418.0,3418.0,,,,,,,13008.0,130317.0,469355.0
192,Lhokseumawe (LSW) - Medan (KNO),1222.0,1156.0,1494.0,1442.0,1112.0,2239.0,186.0,,38.0,585.0,1527.0,1923.0,12924.0,18229.0,33491.0
193,Makassar (UPG) - Bandung (BDO),,,,,,,,,,,5963.0,6771.0,12734.0,5354.0,57675.0
194,Batulicin (BTW) - Banjarmasin (BDJ),2242.0,1655.0,1535.0,1540.0,1145.0,2435.0,674.0,,,,172.0,1221.0,12619.0,9249.0,44041.0
195,Ternate (TTE) - Ambon (AMQ),1171.0,,783.0,1297.0,1100.0,1780.0,1019.0,407.0,934.0,1589.0,750.0,1642.0,12472.0,17802.0,38257.0
196,Makassar (UPG) - Muna (RAQ),1369.0,1314.0,1582.0,1734.0,1903.0,1681.0,334.0,,,395.0,912.0,1072.0,12296.0,16651.0,34326.0
197,Jakarta-HLP (HLP) - Jayapura (DJJ),,49.0,3051.0,3499.0,1673.0,2435.0,1267.0,,,,312.0,,12286.0,,
198,Langgur (LUV) - Dobo (DOB),880.0,759.0,1009.0,1164.0,705.0,1252.0,384.0,617.0,944.0,1240.0,1466.0,1579.0,11999.0,9106.0,20160.0
199,Surabaya (SUB) - Palembang (PLM),,,,,,,,,,,5414.0,6350.0,11764.0,28176.0,174837.0
200,Kupang (KOE) - Atambua (ABU),1151.0,637.0,1163.0,1851.0,1658.0,2792.0,283.0,,43.0,193.0,692.0,1284.0,11747.0,34403.0,81754.0
201,Solo (SOC) - Pontianak (PNK),1546.0,945.0,1504.0,274.0,891.0,1238.0,622.0,538.0,602.0,1353.0,1036.0,807.0,11356.0,18305.0,
202,Dobo (DOB) - Ambon (AMQ),897.0,658.0,933.0,834.0,752.0,1285.0,475.0,533.0,878.0,1224.0,1343.0,1241.0,11053.0,9175.0,18330.0
203,Manado (MDC) - Gorontalo (GTO),755.0,337.0,1455.0,1405.0,1367.0,2360.0,246.0,,104.0,386.0,1286.0,636.0,10337.0,25894.0,71262.0
204,Surabaya (SUB) - Banyuwangi (BWX),817.0,326.0,1210.0,1944.0,1714.0,2661.0,209.0,,13.0,486.0,37.0,689.0,10106.0,21869.0,60883.0
205,Ternate (TTE) - Morotai (OTI),,,928.0,1618.0,867.0,1732.0,67.0,,445.0,1229.0,1100.0,1876.0,9862.0,9551.0,33298.0
206,Serui (ZRI) - Jayapura (DJJ),675.0,391.0,583.0,779.0,453.0,1053.0,793.0,470.0,934.0,1196.0,1179.0,1246.0,9752.0,10478.0,25159.0
207,Putu Sibau (PSU) - Pontianak (PNK),1304.0,495.0,746.0,383.0,691.0,1229.0,252.0,38.0,,315.0,2226.0,1941.0,9620.0,27467.0,64265.0
208,Tambolaka (TMC) - Ende (ENE),1573.0,905.0,1048.0,842.0,630.0,1777.0,1159.0,1607.0,,,,,9541.0,20825.0,17537.0
209,Medan (KNO) - Sibolga (FLZ),1717.0,679.0,892.0,1008.0,716.0,1145.0,177.0,,,265.0,905.0,1862.0,9366.0,26406.0,56698.0
210,Bandar Lampung (TKG) - Batam (BTH),,,1495.0,2294.0,2180.0,1812.0,,,,,130.0,1438.0,9349.0,34127.0,83523.0
211,Jakarta (CGK) - Sibolga (FLZ),1643.0,1255.0,1669.0,1560.0,1552.0,1437.0,215.0,,,,,,9331.0,22728.0,64547.0
212,Lewoleba (LWE) - Kupang (KOE),,,,52.0,,1212.0,617.0,337.0,836.0,1098.0,2649.0,2409.0,9210.0,7684.0,26961.0
213,Makassar (UPG) - Selayar (KSR),1335.0,858.0,1111.0,1265.0,1100.0,1511.0,533.0,,,266.0,504.0,669.0,9152.0,23744.0,59031.0
214,Semarang (SRG) - Batam (BTH),,,415.0,3138.0,3969.0,1517.0,,,,,,,9039.0,38698.0,99278.0
215,Moa (JIO) - Ambon (AMQ),568.0,480.0,712.0,844.0,545.0,1023.0,503.0,519.0,752.0,946.0,1037.0,1037.0,8966.0,8546.0,23227.0
216,Semarang (SRG) - Ketapang (KTG),1173.0,784.0,862.0,118.0,838.0,1155.0,651.0,145.0,,630.0,1066.0,1528.0,8950.0,16880.0,34090.0
217,Nabire (NBX) - Biak (BIK),1400.0,1054.0,1077.0,1197.0,495.0,799.0,474.0,438.0,887.0,628.0,355.0,126.0,8930.0,8073.0,30802.0
218,Yogyakarta (JOG) - Denpasar (DPS),,,,,,,,,,,984.0,7481.0,8465.0,114164.0,584007.0
219,Jakarta (CGK) - Sampit (SMQ),542.0,,,,,1083.0,65.0,,1040.0,1428.0,2222.0,1910.0,8290.0,25233.0,76697.0
220,Makassar (UPG) - Pontianak (PNK),,,,1322.0,1433.0,2056.0,203.0,,,,2472.0,532.0,8018.0,19537.0,99110.0
221,Manado (MDC) - Balikpapan (BPN),756.0,1355.0,1580.0,1962.0,1362.0,,,,,,,952.0,7967.0,19255.0,92652.0
222,Palu (PLW) - Morowali (MOH),257.0,25.0,300.0,709.0,427.0,860.0,68.0,,92.0,938.0,2043.0,2229.0,7948.0,8839.0,22016.0
223,Ternate (TTE) - Labuha (LAH),918.0,813.0,533.0,567.0,311.0,1304.0,64.0,,177.0,539.0,1073.0,1368.0,7667.0,15265.0,36540.0
224,Pangkalan Bun (PKN) - Jakarta-HLP (HLP),,,,2140.0,1948.0,2064.0,796.0,226.0,293.0,,,,7467.0,,
225,Maumere (MOF) - Labuhan Bajo (LBJ),1247.0,1186.0,776.0,1565.0,1011.0,1441.0,109.0,,,,,,7335.0,5323.0,13894.0
226,Palembang (PLM) - Pekanbaru (PKU),284.0,505.0,291.0,706.0,927.0,1036.0,94.0,,83.0,734.0,900.0,1635.0,7195.0,9641.0,29760.0
227,Palangkaraya (PKY) - Balikpapan (BPN),1181.0,1401.0,1406.0,828.0,440.0,1122.0,,,,,,,6378.0,12387.0,48855.0
228,Oksibil (OKL) - Jayapura (DJJ),,,,,1026.0,1547.0,1945.0,1682.0,,,,,6200.0,19938.0,38171.0
229,Yogyakarta (JOG) - Bandung (BDO),314.0,555.0,,,,,,,,,2149.0,3056.0,6074.0,37867.0,105754.0
230,Jakarta (CGK) - Gunung Sitoli (GNS),1399.0,1301.0,1733.0,1394.0,,,,,,,,,5827.0,16942.0,40401.0
231,Denpasar (DPS) - Banyuwangi (BWX),488.0,249.0,652.0,759.0,660.0,854.0,96.0,,273.0,931.0,27.0,796.0,5785.0,4299.0,12951.0
232,Timika (TIM) - Ewer (EWE),,,,,,,,469.0,1023.0,1025.0,1363.0,1596.0,5476.0,,
233,Merauke (MKQ) - Mappi (KEI),237.0,235.0,371.0,524.0,469.0,645.0,515.0,75.0,383.0,498.0,283.0,559.0,4794.0,1520.0,3195.0
234,Ternate (TTE) - Surabaya (SUB),2663.0,946.0,1166.0,,,,,,,,,,4775.0,8095.0,29672.0
235,Jakarta (CGK) - Tarakan (TRK),,,520.0,1661.0,1122.0,1150.0,,,,,,,4453.0,18904.0,103491.0
236,Jambi (DJB) - Batam (BTH),3292.0,174.0,,,,,,,,,,859.0,4325.0,42461.0,131392.0
237,Jakarta (CGK) - Gorontalo (GTO),,81.0,,,,,,,,,1157.0,2918.0,4156.0,18530.0,86159.0
238,Manado (MDC) - Kao (KAZ),58.0,,,699.0,570.0,1314.0,206.0,,,,134.0,902.0,3883.0,5673.0,18608.0
239,Padang Pariaman (PDG) - Gunung Sitoli (GNS),,888.0,288.0,802.0,593.0,1117.0,175.0,,,,,,3863.0,4703.0,27993.0
240,Sorong (SOQ) - Nabire (NBX),,,,,,,,,,362.0,1747.0,1680.0,3789.0,3074.0,969.0
241,Kendari (KDI) - Bau Bau (BUW),,,47.0,9.0,45.0,58.0,,,,544.0,1433.0,1418.0,3554.0,9604.0,41810.0
242,Padang Pariaman (PDG) - Balikpapan (BPN),298.0,488.0,534.0,762.0,987.0,,,,,,,,3069.0,,349.0
243,Melangguane (MNA) - Manado (MDC),501.0,294.0,444.0,503.0,368.0,740.0,57.0,,141.0,,,,3048.0,11978.0,27398.0
244,Timika (TIM) - Denpasar (DPS),599.0,492.0,331.0,,,,,,453.0,1157.0,,,3032.0,24027.0,86392.0
245,Banjarmasin (BDJ) - Samarinda (AAP),349.0,308.0,442.0,687.0,,535.0,336.0,110.0,133.0,114.0,,,3014.0,1399.0,3794.0
246,Namrole (NRE) - Ambon (AMQ),235.0,166.0,102.0,144.0,227.0,444.0,188.0,69.0,192.0,401.0,370.0,471.0,3009.0,7154.0,23435.0
247,Tarakan (TRK) - Malinau (LNU),444.0,87.0,287.0,347.0,281.0,357.0,156.0,22.0,23.0,287.0,275.0,432.0,2998.0,11520.0,18213.0
248,Palembang (PLM) - Medan (KNO),1601.0,1021.0,212.0,,,,,,,,,,2834.0,45893.0,167345.0
249,Semarang (SRG) - Bandung (BDO),,,,,,,,,157.0,516.0,851.0,1308.0,2832.0,27477.0,75680.0
250,Toli-toli (TLI) - Palu (PLW),103.0,30.0,120.0,327.0,125.0,348.0,60.0,,,220.0,583.0,681.0,2597.0,7376.0,28171.0
251,Tanjung Selor (TJS) - Balikpapan (BPN),182.0,,,,,93.0,,,,,,2203.0,2478.0,11819.0,35461.0
252,Timika (TIM) - Sorong (SOQ),1775.0,621.0,,,,,,,,,,,2396.0,16342.0,48787.0
253,Tahuna (NAH) - Manado (MDC),50.0,,68.0,204.0,99.0,140.0,,,,,425.0,1330.0,2316.0,7432.0,22931.0
254,Makassar (UPG) - Kupang (KOE),1178.0,1055.0,,25.0,,,,,,,,,2258.0,14833.0,26379.0
255,Manado (MDC) - Ambon (AMQ),14.0,121.0,46.0,91.0,98.0,27.0,,53.0,84.0,328.0,294.0,671.0,1827.0,2730.0,14260.0
256,Malinau (LNU) - Balikpapan (BPN),736.0,,,,,40.0,,,,,,952.0,1728.0,8096.0,15108.0
257,Denpasar (DPS) - Banjarmasin (BDJ),252.0,,,,,,,,,,1475.0,,1727.0,16050.0,27988.0
258,Bandung (BDO) - Banjarmasin (BDJ),851.0,,,,,,,,,,836.0,,1687.0,8480.0,60318.0
259,Jakarta (CGK) - Bungo (BUU),167.0,,,,,,,,,,,1498.0,1665.0,13241.0,56725.0
260,Wamena (WMX) - Timika (TIM),,,,,,,,,,180.0,446.0,949.0,1575.0,4000.0,1247.0
261,Pangkal Pinang (PGK) - Batam (BTH),,,,,,,,23.0,,,115.0,1384.0,1522.0,21839.0,98163.0
262,Jakarta-HLP (HLP) - Bandung (BDO),282.0,449.0,618.0,98.0,,,,,,,,,1447.0,39324.0,134626.0
263,Sampit (SMQ) - Banjarmasin (BDJ),268.0,,139.0,276.0,111.0,568.0,,,,,,,1362.0,,7339.0
264,Palembang (PLM) - Lubuk Linggau (LLJ),111.0,20.0,,181.0,308.0,739.0,,,,,,,1359.0,11121.0,20214.0
265,TAKENGON (TXE) - Medan (KNO),,269.0,106.0,252.0,134.0,221.0,55.0,,,,54.0,226.0,1317.0,5945.0,19969.0
266,Makassar (UPG) - Ampana (OJU),144.0,162.0,173.0,198.0,191.0,291.0,64.0,,,44.0,,,1267.0,308.0,
267,Sintang (SQG) - Pontianak (PNK),447.0,,92.0,30.0,18.0,,,,,,,594.0,1181.0,20134.0,64812.0
268,Tahuna (NAH) - Melangguane (MNA),,,,,,,,,,,214.0,902.0,1116.0,,
269,Timika (TIM) - Manado (MDC),893.0,104.0,,,,,,,,100.0,,,1097.0,,
270,Muara teweh (HMS) - Banjarmasin (BDJ),,,,,,,,,,,55.0,956.0,1011.0,,
271,Sorong (SOQ) - Teluk Bintoni (BXB),,,,6.0,20.0,106.0,16.0,130.0,160.0,157.0,163.0,242.0,1000.0,41976.0,92187.0
272,Banyumas (PWL) - Jakarta-HLP (HLP),,,,,,649.0,76.0,13.0,25.0,30.0,31.0,86.0,910.0,,
273,Jakarta-HLP (HLP) - Cepu (CPF),,,,,,,,,,,158.0,721.0,879.0,,
274,Palu (PLW) - Gorontalo (GTO),21.0,,,,,,,,,181.0,507.0,142.0,851.0,7344.0,17252.0
275,"Praya, Lombok (LOP) - Jakarta-HLP (HLP)",827.0,,,,,,,,,,,,827.0,14600.0,83253.0
276,Medan (KNO) - Siborong-borong (DTB),747.0,,,,74.0,,,,,,,,821.0,5033.0,18303.0
277,Medan (KNO) - Jambi (DJB),,,,,,,,,,,127.0,687.0,814.0,6544.0,31416.0
278,Buol (UOL) - Palu (PLW),,,,,,416.0,,,,101.0,66.0,208.0,791.0,5558.0,24238.0
279,Meulaboh (MEQ) - Medan (KNO),99.0,,,,32.0,,,,,,59.0,556.0,746.0,10011.0,32127.0
280,Jakarta-HLP (HLP) - PANGANDARAN (CJN),6.0,,49.0,71.0,156.0,117.0,20.0,43.0,18.0,57.0,116.0,51.0,704.0,452.0,2460.0
281,Jakarta (CGK) - Tanjung Redeb (BEJ),639.0,,,,,,,,,,,,639.0,2196.0,
282,Tarakan (TRK) - Nunukan (NNX),6.0,,55.0,67.0,73.0,94.0,43.0,7.0,17.0,81.0,99.0,91.0,633.0,6381.0,29123.0
283,Batam (BTH) - Bengkulu (BKS),464.0,160.0,,,,,,,,,,,624.0,4655.0,19718.0
284,Yogyakarta (YIA) - Palembang (PLM),336.0,199.0,,,,,,,,,,,535.0,7319.0,2950.0
285,Palembang (PLM) - Padang Pariaman (PDG),,,,,,495.0,,,,,,,495.0,8944.0,35148.0
286,Surabaya (SUB) - Banyumas (PWL),,,,,,250.0,39.0,,,9.0,46.0,66.0,410.0,,
287,Solo (SOC) - Pangkal Pinang (PGK),396.0,,,,,,,,,,,,396.0,4863.0,
288,Makassar (UPG) - Poso (PSJ),,,,,,293.0,,,,62.0,34.0,,389.0,5910.0,21839.0
289,Sinabang (SNB) - Medan (KNO),,,,24.0,,8.0,39.0,55.0,,102.0,96.0,47.0,371.0,12709.0,13700.0
290,Merauke (MKQ) - Ewer (EWE),,,,,,,,,,,54.0,305.0,359.0,,
291,Mamuju (MJU) - Balikpapan (BPN),,,,,,279.0,58.0,,,,,,337.0,5370.0,20499.0
292,Jakarta (CGK) - Manokwari (MKW),,,,,,,300.0,,,,,,300.0,19028.0,83560.0
293,Tanjung Pandan (TJQ) - Jakarta-HLP (HLP),,,30.0,241.0,,,,,,,,,271.0,10241.0,14133.0
294,Tarakan (TRK) - Tanjung Selor (TJS),,,11.0,25.0,11.0,23.0,16.0,1.0,6.0,11.0,134.0,29.0,267.0,33.0,251.0
295,Yogyakarta (YIA) - Tarakan (TRK),234.0,,,,,,,,,,,,234.0,3010.0,10015.0
296,Bandar Lampung (TKG) - Bandung (BDO),201.0,,,,,,,,,,,,201.0,25533.0,60908.0
297,Yogyakarta (YIA) - Pontianak (PNK),,,194.0,,,,,,,,,,194.0,23996.0,22274.0
298,Pekanbaru (PKU) - Padang Pariaman (PDG),,,,,15.0,144.0,,,,,,,159.0,8095.0,33451.0
299,Jambi (DJB) - Bungo (BUU),145.0,,,,,,,,,,,,145.0,8921.0,20588.0
300,Yogyakarta (YIA) - Bandar Lampung (TKG),,,,136.0,,,,,,,,,136.0,8420.0,
301,"Makassar (UPG) - Praya, Lombok (LOP)",,,115.0,,,,,,,,,,115.0,8776.0,53741.0
302,"Praya, Lombok (LOP) - Labuhan Bajo (LBJ)",113.0,,,,,,,,,,,,113.0,6547.0,32709.0
303,Tanah Merah (TMH) - Merauke (MKQ),63.0,42.0,,,,,,,,,,,105.0,4954.0,19144.0
304,Ternate (TTE) - Maba (PGQ),,,,,,,,,,,,105.0,105.0,9784.0,
305,Surabaya (SUB) - Kendari (KDI),,,100.0,,,,,,,,,,100.0,19325.0,90254.0
306,Fak-fak (FKQ) - Ambon (AMQ),,,31.0,28.0,,,,,20.0,10.0,,9.0,98.0,,
307,Tanjung Pinang (TNJ) - Batam (BTH),43.0,,,46.0,,,,,,,,,89.0,7742.0,24789.0
308,Kerinci (KRC) - Bungo (BUU),89.0,,,,,,,,,,,,89.0,5629.0,12074.0
309,Manokwari (MKW) - Kaimana (KNG),,,,70.0,,,,,,,,,70.0,2362.0,12787.0
310,Nabire (NBX) - Ambon (AMQ),46.0,19.0,,,,,,,,,,,65.0,4325.0,27596.0
311,Bandar Lampung (TKG) - Palembang (PLM),63.0,,,,,,,,,,,,63.0,14882.0,70306.0
312,Sorong (SOQ) - Bintuni (NTI),,,57.0,,,,,,,,,,57.0,167.0,1270.0
313,Manokwari (MKW) - Fak-fak (FKQ),,,,56.0,,,,,,,,,56.0,2184.0,11150.0
314,Fak-fak (FKQ) - Teluk Bintoni (BXB),,,25.0,18.0,,,,,,,,,43.0,,
315,Palembang (PLM) - Denpasar (DPS),40.0,,,,,,,,,,,,40.0,7964.0,43606.0
316,Timika (TIM) - Langgur (LUV),,,,,,,,,,39.0,,,39.0,1660.0,636.0
317,Makassar (UPG) - Banjarmasin (BDJ),29.0,,,,,,,,,,,,29.0,45921.0,97944.0
318,Tanjung Pinang (TNJ) - Pekanbaru (PKU),29.0,,,,,,,,,,,,29.0,5910.0,22544.0
319,Pekanbaru (PKU) - Jambi (DJB),9.0,,,,,,,,,,,,9.0,5935.0,22167.0
320,Palembang (PLM) - Jambi (DJB),8.0,,,,,,,,,,,,8.0,16274.0,68060.0
321,Bintuni (NTI) - Manokwari (MKW),,,6.0,,,,,,,,,,6.0,20.0,1321.0
322,Toraja (TRT) - Balikpapan (BPN),,,,,,,,,,,,,,,
323,Tarakan (TRK) - Gorontalo (GTO),,,,,,,,,,,,,,,
324,Siborong-borong (DTB) - Batam (BTH),,,,,,,,,,,,,,7809.0,992.0
325,Majalengka (KJT) - Balikpapan (BPN),,,,,,,,,,,,,,9988.0,41169.0
326,Padang Pariaman (PDG) - Jambi (DJB),,,,,,,,,,,,,,5216.0,25400.0
327,Singkep (SIQ) - Batam (BTH),,,,,,,,,,,,,,5534.0,2570.0
328,Sanana (SQN) - Ambon (AMQ),,,,,,,,,,,,,,1865.0,1931.0
329,Semarang (SRG) - Karimun Jawa (KWB),,,,,,,,,,,,,,2065.0,12444.0
330,Surabaya (SUB) - Pekanbaru (PKU),,,,,,,,,,,,,,24240.0,108968.0
331,Dumai (DUM) - Batam (BTH),,,,,,,,,,,,,,8531.0,27160.0
332,Jakarta-HLP (HLP) - Batam (BTH),,,,,,,,,,,,,,20702.0,91268.0
333,Majalengka (KJT) - Batam (BTH),,,,,,,,,,,,,,17612.0,53664.0
334,Medan (KNO) - Dumai (DUM),,,,,,,,,,,,,,5825.0,22188.0
335,Palembang (PLM) - Bengkulu (BKS),,,,,,,,,,,,,,8525.0,40797.0
336,Pontianak (PNK) - Majalengka (KJT),,,,,,,,,,,,,,,9446.0
337,Surabaya (SUB) - Majalengka (KJT),,,,,,,,,,,,,,26046.0,62628.0
338,Sumenep (SUP) - Surabaya (SUB),,,,,,,,,,,,,,3562.0,13835.0
339,Bandar Lampung (TKG) - Jambi (DJB),,,,,,,,,,,,,,4375.0,23867.0
340,Wamena (WMX) - Yahukimo (DEX),,,,,,,,,,,,,,5881.0,23863.0
341,Yogyakarta (YIA) - Jambi (DJB),,,,,,,,,,,,,,,
342,Denpasar (DPS) - Samarinda (AAP),,,,,,,,,,,,,,9675.0,28698.0
343,Majalengka (KJT) - Denpasar (DPS),,,,,,,,,,,,,,27128.0,110384.0
344,Pekanbaru (PKU) - Dumai (DUM),,,,,,,,,,,,,,10380.0,40144.0
345,Sampit (SMQ) - Pangkalan Bun (PKN),,,,,,,,,,,,,,7898.0,22276.0
346,Semarang (SRG) - Pontianak (PNK),,,,,,,,,,,,,,19635.0,95130.0
347,Medan (KNO) - Padang Sidempuan (AEG),,,,,,,,,,,,,,6435.0,20378.0
348,Kupang (KOE) - Jakarta-HLP (HLP),,,,,,,,,,,,,,8268.0,41410.0
349,Malang (MLG) - Denpasar (DPS),,,,,,,,,,,,,,3091.0,24276.0
350,Pontianak (PNK) - Palangkaraya (PKY),,,,,,,,,,,,,,,6120.0
351,Sampit (SMQ) - Palangkaraya (PKY),,,,,,,,,,,,,,7034.0,18484.0
352,Solo (SOC) - Palangkaraya (PKY),,,,,,,,,,,,,,1774.0,2705.0
353,Surabaya (SUB) - Palu (PLW),,,,,,,,,,,,,,11026.0,49702.0
354,Ternate (TTE) - Sanana (SQN),,,,,,,,,,,,,,1847.0,3601.0
355,Jakarta-HLP (HLP) - Cilacap (CXP),,,,,,,,,,,,,,241.0,2223.0
356,Pekanbaru (PKU) - Majalengka (KJT),,,,,,,,,,,,,,7481.0,32807.0
357,Solo (SOC) - Palembang (PLM),,,,,,,,,,,,,,1525.0,
358,Bandar Lampung (TKG) - Peakon Serai (TFY),,,,,,,,,,,,,,1784.0,1241.0
359,Tasikmalaya (TSY) - Jakarta-HLP (HLP),,,,,,,,,,,,,,5883.0,32908.0
360,Jakarta-HLP (HLP) - Ambon (AMQ),,,,,,,,,,,,,,19284.0,87808.0
361,Medan (KNO) - Majalengka (KJT),,,,,,,,,,,,,,11120.0,65325.0
362,Melangguane (MNA) - KEP.TALAUD (IAX),,,,,,,,,,,,,,792.0,1333.0
363,Padang Pariaman (PDG) - Bengkulu (BKS),,,,,,,,,,,,,,5000.0,22607.0
364,Pangkalan Bun (PKN) - Banjarmasin (BDJ),,,,,,,,,,,,,,,
365,Solo (SOC) - Banjarmasin (BDJ),,,,,,,,,,,,,,,7995.0
366,"Yogyakarta (YIA) - Praya, Lombok (LOP)",,,,,,,,,,,,,,8936.0,10095.0
367,Solo (SOC) - Bandung (BDO),,,,,,,,,,,,,,4307.0,16811.0
368,Surabaya (SUB) - Jember (JBB),,,,,,,,,,,,,,6063.0,35977.0
369,Surabaya (SUB) - Padang Pariaman (PDG),,,,,,,,,,,,,,11010.0,58397.0
370,Makassar (UPG) - Majalengka (KJT),,,,,,,,,,,,,,2586.0,21654.0
371,Yogyakarta (YIA) - Padang Pariaman (PDG),,,,,,,,,,,,,,576.0,
372,Tanjung Redeb (BEJ) - Samarinda (AAP),,,,,,,,,,,,,,9916.0,33417.0
373,Majalengka (KJT) - Banjarmasin (BDJ),,,,,,,,,,,,,,13177.0,53013.0
374,"Praya, Lombok (LOP) - Majalengka (KJT)",,,,,,,,,,,,,,,5819.0
375,Manado (MDC) - Denpasar (DPS),,,,,,,,,,,,,,14776.0,84980.0
376,Pontianak (PNK) - Balikpapan (BPN),,,,,,,,,,,,,,11317.0,60887.0
377,Solo (SOC) - Balikpapan (BPN),,,,,,,,,,,,,,,352.0
378,Bandar Lampung (TKG) - Bengkulu (BKS),,,,,,,,,,,,,,4529.0,16198.0
Total,,2570979.0,2118600.0,2889002.0,3159052.0,2722501.0,3936927.0,1117086.0,1255644.0,2076190.0,3215249.0,3901493.0,4373916.0,33336639.0,34263751.0,73790516.0
