1,APT PRANOTO,SAMARINDA,AAP,97.70,"16,283.19","16,327.08",107.29
2,PATTIMURA,AMBON,AMQ,99.50,"16,605.96","16,650.72",109.41
3,SYAMSUDDIN NOOR,BANJARMASIN,BDJ,97.70,"16,283.19","16,327.08",107.29
4,HUSEIN SASTRANEGARA,BANDUNG,BDO,95.40,"15,904.77","15,947.64",104.84
5,FRANS KAISIEPO,BIAK,BIK,99.50,"16,605.96","16,650.72",109.41
6,FATMAWATI SOEKARNOPUTRI,BENGKULU,BKS,95.30,"15,927.03","15,969.96",104.96
7,M. SALAHUDDIN,BIMA,BMU,97.80,"16,305.45","16,349.40",107.52
8,SEPINGGAN,BALIKPAPAN,BPN,96.00,"16,004.94","16,048.08",105.51
9,HANG NADIM,BATAM,BTH,94.50,"14,192.45","14,234.90",93.58
10,SULTAN ISKANDAR MUDA,BANDA ACEH,BTJ,95.20,"15,860.25","15,903.00",104.51
11,SOEKARNO HATTA,CENGKARENG,CGK,82.20,"13,678.77","13,715.64",90.15
12,TUNGGUL WULUNG,CILACAP,CXP,97.00,"16,160.76","16,204.32",106.51
13,SULTAN THAHA,JAMBI,DJB,95.60,"15,971.55","16,014.60",105.29
14,SENTANI,JAYAPURA,DJJ,99.60,"16,561.44","16,606.08",109.19
15,NGURAH RAI,DENPASAR,DPS,96.60,"16,082.85","16,126.20",105.96
16,PINANG KAMPAI,DUMAI,DUM,95.20,"15,860.25","15,903.00",104.51
17,H. AROEBOESMAN,ENDE,ENE,97.80,"16,305.45","16,349.40",107.52
18,JALALUDDIN,GORONTALO,GTO,98.20,"16,383.36","16,427.52",107.96
19,HALIM PERDANAKUSUMA,JAKARTA,HLP,89.40,"14,903.07","14,943.24",98.17
20,ADISUCIPTO,YOGYAKARTA,JOG,96.70,"16,116.24","16,159.68",106.18
21,WOLTER MONGINSIDI,KENDARI,KDI,98.20,"16,383.36","16,427.52",107.96
22,UTAROM,KAIMANA,KNG,99.50,"16,605.96","16,650.72",109.41
23,ELTARI,KUPANG,KOE,94.20,"15,671.04","15,713.28",103.29
24,LOMBOK INTERNATIONAL,MATARAM,LOP,97.00,"16,171.89","16,215.48",106.63
25,BUBUNG,LUWUK,LUW,98.20,"16,383.36","16,427.52",107.96
26,SAM RATULANGI,MANADO,MDC,98.20,"16,383.36","16,427.52",107.96
27,POLONIA,MEDAN,MES,95.20,"15,860.25","15,903.00",104.51
28,MOPAH,MERAUKE,MKQ,99.50,"16,605.96","16,650.72",109.41
29,RENDANI,MANOKWARI,MKW,99.50,"16,605.96","16,650.72",109.41
30,KERTAJATI,MAJALENGKA,KJT,88.80,"14,791.77","14,831.64",97.50
31,ABDURACHMAN SALEH,MALANG,MLG,96.80,"16,138.50","16,182.00",106.40
32,WAI OTI,MAUMERE,MOF,97.80,"16,305.45","16,349.40",107.52
33,PANIAI,NABIRE,NBX,99.50,"16,605.96","16,650.72",109.41
34,RANAI,NATUNA,NTX,95.20,"15,860.25","15,903.00",104.51
35,PONDOK CABE,JAKARTA,PCB,97.00,"16,171.89","16,215.48",106.63
36,MINANGKABAU,PADANG,PDG,"95.20","15,748.95","15,791.40",103.84
37,DEPATI AMIR,PANGKAL PINANG,PGK,94.80,"15,804.60","15,847.20",104.18
38,ISKANDAR,PANGKALAN BUN,PKN,97.70,"16,283.19","16,327.08",107.29
39,SULTAN SYARIF KASIM II,PEKANBARU,PKU,95.20,"15,860.25","15,903.00",104.51
40,TJILIK RIWUT,PALANGKARAYA,PKY,97.70,"16,283.19","16,327.08",107.29
41,SULTAN MAHMUD BADARUDDIN II,PALEMBANG,PLM,94.80,"15,804.60","15,847.20",104.18
42,MUTIARA,PALU,PLW,98.20,"16,383.36","16,427.52",107.96
43,SUPADIO,PONTIANAK,PNK,97.70,"16,283.19","16,327.08",107.29
44,H. ASAN,SAMPIT,SMQ,97.70,"16,283.19","16,327.08",107.29
45,ADISUMARMO,SOLO,SOC,97.00,"16,160.76","16,204.32",106.51
46,SORONG DARATAN,SORONG,SOQ,99.50,"16,605.96","16,650.72",109.41
47,ACHMAD YANI,SEMARANG,SRG,96.10,"16,004.94","16,048.08",105.51
48,JUANDA,SURABAYA,SUB,94.10,"15,648.78","15,690.96",103.18
49,RADEN INTEN II,BANDAR LAMPUNG,TKG,93.90,"15,804.60","15,847.20",104.18
50,KIJANG,TANJUNG PINANG,TNJ,95.80,"15,982.68","16,025.76",105.29
51,JUWATA,TARAKAN,TRK,97.70,"16,283.19","16,327.08",107.29
52,BABULLAH,TERNATE,TTE,99.50,"16,605.96","16,650.72",109.41
53,HASANUDDIN,UJUNG PANDANG,UPG,97.70,"16,260.93","16,304.76",107.18
54,MAU HAU,WAINGAPU,WGP,97.80,"16,305.45","16,349.40",107.52
55,ISWAHYUDI,MADIUN,WIAR (ICAO),97.00,"16,205.28","16,248.96",106.85
56,DUMATUBUN,TUAL,LUV,99.30,"16,583.70","16,628.40",109.30
57,SILANGIT,SIBORONG-BORONG,DTB,94.70,"15,793.47","15,836.04",104.07
58,KALIMARAU,BERAU,BEJ,97.70,"16,283.19","16,327.08",107.29
59,KOMODO,LABUAN BAJO,LBJ,97.50,"16,272.06","16,315.92",107.18
60,KUALANAMU,DELI SERDANG,KNO,94.90,"15,782.34","15,824.88",104.07
61,TAMPA PADANG,MAMUJU,MJU,98.60,"16,427.88","16,472.16",108.29
62,F.L. TOBING,PINANGSORI,FLZ,95.20,"15,860.25","15,903.00",104.51
63,MOZES KILANGIN,TIMIKA,TIM,99.50,"16,605.96","16,650.72",109.41
64,H.A.S. HANANDJOEDDIN,TANJUNG PANDAN,TJQ,95.40,"15,949.29","15,992.28",105.07
65,BLIMBINGSARI,BANYUWANGI,BWX,97.80,"16,305.45","16,349.40",107.52
66,TAMBOLAKA,SUMBA BARAT,TMC,97.10,"16,227.54","16,271.28",106.96
67,BINAKA,GUNUNGSITOLI,GNS,95.20,"15,860.25","15,903.00",104.51
68,KULONPROGO,YOGYAKARTA,YIA,96.70,"16,127.37","16,170.84",106.29
69,KUABANG,HALMAHERA UTARA,KAZ,99.2,16583.7,16628.4,109.3
70,JENDERAL BESAR SOEDIRMAN,PURBALINGGA,PWL,97,16160.76,16204.32,106.51
71,MATHILDA BATLAYERI,SAUMLAKI,SXK,99,16605.96,16650.72,109.41
72,BUDIARTO,CURUG,BTO,96.8,16194.15,16237.8,98.17